Using device: cuda
Mode 0: Standard training with symmetric STM processing (NO class weights)
Checkpoint directory: model/STM/ASM_Enhanced5_corpora_categories/standard/ckpt/2026-01-25_21-28

============================================================
Loading and preparing data...
============================================================
Loaded: /vast-ac8888/MusicSpeech-STM/STM_output/corpSTMnpy/BibleTTS-akuapem-twi_STMall.npy, shape: (23592, 2420)
Loaded: /vast-ac8888/MusicSpeech-STM/STM_output/corpSTMnpy/BibleTTS-asante-twi_STMall.npy, shape: (20768, 2420)
Loaded: /vast-ac8888/MusicSpeech-STM/STM_output/corpSTMnpy/BibleTTS-ewe_STMall.npy, shape: (22138, 2420)
Loaded: /vast-ac8888/MusicSpeech-STM/STM_output/corpSTMnpy/BibleTTS-hausa_STMall.npy, shape: (29002, 2420)
Loaded: /vast-ac8888/MusicSpeech-STM/STM_output/corpSTMnpy/BibleTTS-lingala_STMall.npy, shape: (11219, 2420)
Loaded: /vast-ac8888/MusicSpeech-STM/STM_output/corpSTMnpy/BibleTTS-yoruba_STMall.npy, shape: (6629, 2420)
Loaded: /vast-ac8888/MusicSpeech-STM/STM_output/corpSTMnpy/Buckeye_STMall.npy, shape: (255, 2420)
Loaded: /vast-ac8888/MusicSpeech-STM/STM_output/corpSTMnpy/EUROM_STMall.npy, shape: (6623, 2420)
Loaded: /vast-ac8888/MusicSpeech-STM/STM_output/corpSTMnpy/HiltonMoser2022_speech_STMall.npy, shape: (785, 2420)
Loaded: /vast-ac8888/MusicSpeech-STM/STM_output/corpSTMnpy/LibriSpeech_STMall.npy, shape: (27144, 2420)
Loaded: /vast-ac8888/MusicSpeech-STM/STM_output/corpSTMnpy/MediaSpeech-AR_STMall.npy, shape: (2505, 2420)
Loaded: /vast-ac8888/MusicSpeech-STM/STM_output/corpSTMnpy/MediaSpeech-ES_STMall.npy, shape: (2507, 2420)
Loaded: /vast-ac8888/MusicSpeech-STM/STM_output/corpSTMnpy/MediaSpeech-FR_STMall.npy, shape: (2498, 2420)
Loaded: /vast-ac8888/MusicSpeech-STM/STM_output/corpSTMnpy/MediaSpeech-TR_STMall.npy, shape: (2512, 2420)
Loaded: /vast-ac8888/MusicSpeech-STM/STM_output/corpSTMnpy/MozillaCommonVoice-ab_STMall.npy, shape: (7558, 2420)
Loaded: /vast-ac8888/MusicSpeech-STM/STM_output/corpSTMnpy/MozillaCommonVoice-ar_STMall.npy, shape: (8080, 2420)
Loaded: /vast-ac8888/MusicSpeech-STM/STM_output/corpSTMnpy/MozillaCommonVoice-ba_STMall.npy, shape: (7964, 2420)
Loaded: /vast-ac8888/MusicSpeech-STM/STM_output/corpSTMnpy/MozillaCommonVoice-be_STMall.npy, shape: (8595, 2420)
Loaded: /vast-ac8888/MusicSpeech-STM/STM_output/corpSTMnpy/MozillaCommonVoice-bg_STMall.npy, shape: (7130, 2420)
Loaded: /vast-ac8888/MusicSpeech-STM/STM_output/corpSTMnpy/MozillaCommonVoice-bn_STMall.npy, shape: (8149, 2420)
Loaded: /vast-ac8888/MusicSpeech-STM/STM_output/corpSTMnpy/MozillaCommonVoice-br_STMall.npy, shape: (1454, 2420)
Loaded: /vast-ac8888/MusicSpeech-STM/STM_output/corpSTMnpy/MozillaCommonVoice-ca_STMall.npy, shape: (8237, 2420)
Loaded: /vast-ac8888/MusicSpeech-STM/STM_output/corpSTMnpy/MozillaCommonVoice-ckb_STMall.npy, shape: (7490, 2420)
Loaded: /vast-ac8888/MusicSpeech-STM/STM_output/corpSTMnpy/MozillaCommonVoice-cnh_STMall.npy, shape: (656, 2420)
Loaded: /vast-ac8888/MusicSpeech-STM/STM_output/corpSTMnpy/MozillaCommonVoice-cs_STMall.npy, shape: (8622, 2420)
Loaded: /vast-ac8888/MusicSpeech-STM/STM_output/corpSTMnpy/MozillaCommonVoice-cv_STMall.npy, shape: (8755, 2420)
Loaded: /vast-ac8888/MusicSpeech-STM/STM_output/corpSTMnpy/MozillaCommonVoice-cy_STMall.npy, shape: (7640, 2420)
Loaded: /vast-ac8888/MusicSpeech-STM/STM_output/corpSTMnpy/MozillaCommonVoice-da_STMall.npy, shape: (3878, 2420)
Loaded: /vast-ac8888/MusicSpeech-STM/STM_output/corpSTMnpy/MozillaCommonVoice-de_STMall.npy, shape: (8979, 2420)
Loaded: /vast-ac8888/MusicSpeech-STM/STM_output/corpSTMnpy/MozillaCommonVoice-dv_STMall.npy, shape: (9113, 2420)
Loaded: /vast-ac8888/MusicSpeech-STM/STM_output/corpSTMnpy/MozillaCommonVoice-el_STMall.npy, shape: (6422, 2420)
Loaded: /vast-ac8888/MusicSpeech-STM/STM_output/corpSTMnpy/MozillaCommonVoice-en_STMall.npy, shape: (8607, 2420)
Loaded: /vast-ac8888/MusicSpeech-STM/STM_output/corpSTMnpy/MozillaCommonVoice-eo_STMall.npy, shape: (9327, 2420)
Loaded: /vast-ac8888/MusicSpeech-STM/STM_output/corpSTMnpy/MozillaCommonVoice-es_STMall.npy, shape: (8742, 2420)
Loaded: /vast-ac8888/MusicSpeech-STM/STM_output/corpSTMnpy/MozillaCommonVoice-et_STMall.npy, shape: (9653, 2420)
Loaded: /vast-ac8888/MusicSpeech-STM/STM_output/corpSTMnpy/MozillaCommonVoice-eu_STMall.npy, shape: (7983, 2420)
Loaded: /vast-ac8888/MusicSpeech-STM/STM_output/corpSTMnpy/MozillaCommonVoice-fa_STMall.npy, shape: (8629, 2420)
Loaded: /vast-ac8888/MusicSpeech-STM/STM_output/corpSTMnpy/MozillaCommonVoice-fi_STMall.npy, shape: (3982, 2420)
Loaded: /vast-ac8888/MusicSpeech-STM/STM_output/corpSTMnpy/MozillaCommonVoice-fr_STMall.npy, shape: (8912, 2420)
Loaded: /vast-ac8888/MusicSpeech-STM/STM_output/corpSTMnpy/MozillaCommonVoice-fy-NL_STMall.npy, shape: (6694, 2420)
Loaded: /vast-ac8888/MusicSpeech-STM/STM_output/corpSTMnpy/MozillaCommonVoice-ga-IE_STMall.npy, shape: (1323, 2420)
Loaded: /vast-ac8888/MusicSpeech-STM/STM_output/corpSTMnpy/MozillaCommonVoice-gl_STMall.npy, shape: (8623, 2420)
Loaded: /vast-ac8888/MusicSpeech-STM/STM_output/corpSTMnpy/MozillaCommonVoice-gn_STMall.npy, shape: (1014, 2420)
Loaded: /vast-ac8888/MusicSpeech-STM/STM_output/corpSTMnpy/MozillaCommonVoice-hi_STMall.npy, shape: (5438, 2420)
Loaded: /vast-ac8888/MusicSpeech-STM/STM_output/corpSTMnpy/MozillaCommonVoice-hu_STMall.npy, shape: (8319, 2420)
Loaded: /vast-ac8888/MusicSpeech-STM/STM_output/corpSTMnpy/MozillaCommonVoice-hy-AM_STMall.npy, shape: (6980, 2420)
Loaded: /vast-ac8888/MusicSpeech-STM/STM_output/corpSTMnpy/MozillaCommonVoice-id_STMall.npy, shape: (8468, 2420)
Loaded: /vast-ac8888/MusicSpeech-STM/STM_output/corpSTMnpy/MozillaCommonVoice-ig_STMall.npy, shape: (9, 2420)
Loaded: /vast-ac8888/MusicSpeech-STM/STM_output/corpSTMnpy/MozillaCommonVoice-it_STMall.npy, shape: (9083, 2420)
Loaded: /vast-ac8888/MusicSpeech-STM/STM_output/corpSTMnpy/MozillaCommonVoice-ja_STMall.npy, shape: (8606, 2420)
Loaded: /vast-ac8888/MusicSpeech-STM/STM_output/corpSTMnpy/MozillaCommonVoice-ka_STMall.npy, shape: (9409, 2420)
Loaded: /vast-ac8888/MusicSpeech-STM/STM_output/corpSTMnpy/MozillaCommonVoice-kab_STMall.npy, shape: (7172, 2420)
Loaded: /vast-ac8888/MusicSpeech-STM/STM_output/corpSTMnpy/MozillaCommonVoice-kk_STMall.npy, shape: (867, 2420)
Loaded: /vast-ac8888/MusicSpeech-STM/STM_output/corpSTMnpy/MozillaCommonVoice-kmr_STMall.npy, shape: (6603, 2420)
Loaded: /vast-ac8888/MusicSpeech-STM/STM_output/corpSTMnpy/MozillaCommonVoice-ky_STMall.npy, shape: (7998, 2420)
Loaded: /vast-ac8888/MusicSpeech-STM/STM_output/corpSTMnpy/MozillaCommonVoice-lg_STMall.npy, shape: (8169, 2420)
Loaded: /vast-ac8888/MusicSpeech-STM/STM_output/corpSTMnpy/MozillaCommonVoice-lt_STMall.npy, shape: (9073, 2420)
Loaded: /vast-ac8888/MusicSpeech-STM/STM_output/corpSTMnpy/MozillaCommonVoice-ltg_STMall.npy, shape: (2299, 2420)
Loaded: /vast-ac8888/MusicSpeech-STM/STM_output/corpSTMnpy/MozillaCommonVoice-lv_STMall.npy, shape: (7666, 2420)
Loaded: /vast-ac8888/MusicSpeech-STM/STM_output/corpSTMnpy/MozillaCommonVoice-mhr_STMall.npy, shape: (8336, 2420)
Loaded: /vast-ac8888/MusicSpeech-STM/STM_output/corpSTMnpy/MozillaCommonVoice-ml_STMall.npy, shape: (813, 2420)
Loaded: /vast-ac8888/MusicSpeech-STM/STM_output/corpSTMnpy/MozillaCommonVoice-mn_STMall.npy, shape: (5968, 2420)
Loaded: /vast-ac8888/MusicSpeech-STM/STM_output/corpSTMnpy/MozillaCommonVoice-mt_STMall.npy, shape: (3632, 2420)
Loaded: /vast-ac8888/MusicSpeech-STM/STM_output/corpSTMnpy/MozillaCommonVoice-nan-tw_STMall.npy, shape: (181, 2420)
Loaded: /vast-ac8888/MusicSpeech-STM/STM_output/corpSTMnpy/MozillaCommonVoice-nl_STMall.npy, shape: (8834, 2420)
Loaded: /vast-ac8888/MusicSpeech-STM/STM_output/corpSTMnpy/MozillaCommonVoice-oc_STMall.npy, shape: (681, 2420)
Loaded: /vast-ac8888/MusicSpeech-STM/STM_output/corpSTMnpy/MozillaCommonVoice-or_STMall.npy, shape: (1941, 2420)
Loaded: /vast-ac8888/MusicSpeech-STM/STM_output/corpSTMnpy/MozillaCommonVoice-pl_STMall.npy, shape: (8817, 2420)
Loaded: /vast-ac8888/MusicSpeech-STM/STM_output/corpSTMnpy/MozillaCommonVoice-pt_STMall.npy, shape: (8413, 2420)
Loaded: /vast-ac8888/MusicSpeech-STM/STM_output/corpSTMnpy/MozillaCommonVoice-ro_STMall.npy, shape: (6666, 2420)
Loaded: /vast-ac8888/MusicSpeech-STM/STM_output/corpSTMnpy/MozillaCommonVoice-ru_STMall.npy, shape: (9260, 2420)
Loaded: /vast-ac8888/MusicSpeech-STM/STM_output/corpSTMnpy/MozillaCommonVoice-rw_STMall.npy, shape: (9148, 2420)
Loaded: /vast-ac8888/MusicSpeech-STM/STM_output/corpSTMnpy/MozillaCommonVoice-sr_STMall.npy, shape: (391, 2420)
Loaded: /vast-ac8888/MusicSpeech-STM/STM_output/corpSTMnpy/MozillaCommonVoice-sv-SE_STMall.npy, shape: (8288, 2420)
Loaded: /vast-ac8888/MusicSpeech-STM/STM_output/corpSTMnpy/MozillaCommonVoice-sw_STMall.npy, shape: (9192, 2420)
Loaded: /vast-ac8888/MusicSpeech-STM/STM_output/corpSTMnpy/MozillaCommonVoice-ta_STMall.npy, shape: (9474, 2420)
Loaded: /vast-ac8888/MusicSpeech-STM/STM_output/corpSTMnpy/MozillaCommonVoice-th_STMall.npy, shape: (8044, 2420)
Loaded: /vast-ac8888/MusicSpeech-STM/STM_output/corpSTMnpy/MozillaCommonVoice-tr_STMall.npy, shape: (7953, 2420)
Loaded: /vast-ac8888/MusicSpeech-STM/STM_output/corpSTMnpy/MozillaCommonVoice-tt_STMall.npy, shape: (7454, 2420)
Loaded: /vast-ac8888/MusicSpeech-STM/STM_output/corpSTMnpy/MozillaCommonVoice-ug_STMall.npy, shape: (7899, 2420)
Loaded: /vast-ac8888/MusicSpeech-STM/STM_output/corpSTMnpy/MozillaCommonVoice-uk_STMall.npy, shape: (8819, 2420)
Loaded: /vast-ac8888/MusicSpeech-STM/STM_output/corpSTMnpy/MozillaCommonVoice-ur_STMall.npy, shape: (8970, 2420)
Loaded: /vast-ac8888/MusicSpeech-STM/STM_output/corpSTMnpy/MozillaCommonVoice-uz_STMall.npy, shape: (7911, 2420)
Loaded: /vast-ac8888/MusicSpeech-STM/STM_output/corpSTMnpy/MozillaCommonVoice-vi_STMall.npy, shape: (1859, 2420)
Loaded: /vast-ac8888/MusicSpeech-STM/STM_output/corpSTMnpy/MozillaCommonVoice-yo_STMall.npy, shape: (2511, 2420)
Loaded: /vast-ac8888/MusicSpeech-STM/STM_output/corpSTMnpy/MozillaCommonVoice-yue_STMall.npy, shape: (6156, 2420)
Loaded: /vast-ac8888/MusicSpeech-STM/STM_output/corpSTMnpy/MozillaCommonVoice-zh-CN_STMall.npy, shape: (8715, 2420)
Loaded: /vast-ac8888/MusicSpeech-STM/STM_output/corpSTMnpy/MozillaCommonVoice-zh-TW_STMall.npy, shape: (7286, 2420)
Loaded: /vast-ac8888/MusicSpeech-STM/STM_output/corpSTMnpy/SpeechClarity_STMall.npy, shape: (555, 2420)
Loaded: /vast-ac8888/MusicSpeech-STM/STM_output/corpSTMnpy/TAT-Vol2_STMall.npy, shape: (793, 2420)
Loaded: /vast-ac8888/MusicSpeech-STM/STM_output/corpSTMnpy/TIMIT_STMall.npy, shape: (479, 2420)
Loaded: /vast-ac8888/MusicSpeech-STM/STM_output/corpSTMnpy/TTS_Javanese_STMall.npy, shape: (3068, 2420)
Loaded: /vast-ac8888/MusicSpeech-STM/STM_output/corpSTMnpy/primewords_chinese_STMall.npy, shape: (47166, 2420)
Loaded: /vast-ac8888/MusicSpeech-STM/STM_output/corpSTMnpy/room_reader_STMall.npy, shape: (146, 2420)
Loaded: /vast-ac8888/MusicSpeech-STM/STM_output/corpSTMnpy/thchs30_STMall.npy, shape: (13327, 2420)
Loaded: /vast-ac8888/MusicSpeech-STM/STM_output/corpSTMnpy/zeroth_korean_STMall.npy, shape: (22255, 2420)
Loaded: /vast-ac8888/MusicSpeech-STM/STM_output/corpSTMnpy/Albouy2020Science_STMall.npy, shape: (123, 2420)
Loaded: /vast-ac8888/MusicSpeech-STM/STM_output/corpSTMnpy/GarlandEncyclopedia_STMall.npy, shape: (296, 2420)
Loaded: /vast-ac8888/MusicSpeech-STM/STM_output/corpSTMnpy/HiltonMoser2022_song_STMall.npy, shape: (803, 2420)
Loaded: /vast-ac8888/MusicSpeech-STM/STM_output/corpSTMnpy/IRMAS_STMall.npy, shape: (2838, 2420)
Loaded: /vast-ac8888/MusicSpeech-STM/STM_output/corpSTMnpy/MTG-Jamendo_STMall.npy, shape: (55699, 2420)
Loaded: /vast-ac8888/MusicSpeech-STM/STM_output/corpSTMnpy/MagnaTagATune_STMall.npy, shape: (25859, 2420)
Loaded: /vast-ac8888/MusicSpeech-STM/STM_output/corpSTMnpy/NHS2_STMall.npy, shape: (1007, 2420)
Loaded: /vast-ac8888/MusicSpeech-STM/STM_output/corpSTMnpy/fma_large_STMall.npy, shape: (106257, 2420)
Loaded: /vast-ac8888/MusicSpeech-STM/STM_output/corpSTMnpy/ismir04_genre_STMall.npy, shape: (2185, 2420)
Loaded: /vast-ac8888/MusicSpeech-STM/STM_output/corpSTMnpy/MacaulayLibrary_STMall.npy, shape: (34565, 2420)
Loaded: /vast-ac8888/MusicSpeech-STM/STM_output/corpSTMnpy/SONYC_STMall.npy, shape: (10798, 2420)
Total samples: 978378
Train samples: 770393
Val samples: 102010
Test samples: 105975
Feature dimension (flattened): 2420
Expected 2D shape: (20, 121)
Train dataset shape: torch.Size([770393, 20, 121])
Val dataset shape: torch.Size([102010, 20, 121])
Test dataset shape: torch.Size([105975, 20, 121])
Original STM dimensions: Freq_bands=20, Mod_rates=121
Applying symmetric STM processing to modulation rate dimension...
Processed STM dimensions: Freq_bands=20, Mod_rates=61

Class distribution in training set:
  Class 0:  497475 samples (64.6%)
  Class 1:   80258 samples (10.4%)
  Class 2:  101893 samples (13.2%)
  Class 3:   53538 samples (6.9%)
  Class 4:    9580 samples (1.2%)
  Class 5:   27649 samples (3.6%)
NOTE: v5 does NOT use class weights - relying on Focal Loss for imbalance handling
DataLoaders created with symmetric STM processing applied

============================================================
Creating Enhanced ASM-RH v5 model...
============================================================
Architecture (same as v4):
  - Modulation rate dimension: 121 → 61
  - Model dimension: 160
  - Number of blocks: 6
Key difference from v4: NO class weights in loss function
Total parameters: 1,972,566

Starting Enhanced ASM v5 training for 50 epochs...
Starting from epoch 1
Strategy: Symmetric STM + Unweighted Focal Loss + Contrastive

============================================================
Epoch 1/50
============================================================
  Batch 0/6019, Loss: 1.5453
  Batch 100/6019, Loss: 0.3542
  Batch 200/6019, Loss: 0.3250
  Batch 300/6019, Loss: 0.3085
  Batch 400/6019, Loss: 0.2979
  Batch 500/6019, Loss: 0.3328
  Batch 600/6019, Loss: 0.2135
  Batch 700/6019, Loss: 0.2137
  Batch 800/6019, Loss: 0.2588
  Batch 900/6019, Loss: 0.2276
  Batch 1000/6019, Loss: 0.1853
  Batch 1100/6019, Loss: 0.2427
  Batch 1200/6019, Loss: 0.1779
  Batch 1300/6019, Loss: 0.2257
  Batch 1400/6019, Loss: 0.1852
  Batch 1500/6019, Loss: 0.1811
  Batch 1600/6019, Loss: 0.1729
  Batch 1700/6019, Loss: 0.2222
  Batch 1800/6019, Loss: 0.1594
  Batch 1900/6019, Loss: 0.2156
  Batch 2000/6019, Loss: 0.2313
  Batch 2100/6019, Loss: 0.1722
  Batch 2200/6019, Loss: 0.1889
  Batch 2300/6019, Loss: 0.1926
  Batch 2400/6019, Loss: 0.2081
  Batch 2500/6019, Loss: 0.2275
  Batch 2600/6019, Loss: 0.1814
  Batch 2700/6019, Loss: 0.1809
  Batch 2800/6019, Loss: 0.1962
  Batch 2900/6019, Loss: 0.2570
  Batch 3000/6019, Loss: 0.2560
  Batch 3100/6019, Loss: 0.2057
  Batch 3200/6019, Loss: 0.1871
  Batch 3300/6019, Loss: 0.1716
  Batch 3400/6019, Loss: 0.1430
  Batch 3500/6019, Loss: 0.1668
  Batch 3600/6019, Loss: 0.1648
  Batch 3700/6019, Loss: 0.2201
  Batch 3800/6019, Loss: 0.1737
  Batch 3900/6019, Loss: 0.1454
  Batch 4000/6019, Loss: 0.1842
  Batch 4100/6019, Loss: 0.2200
  Batch 4200/6019, Loss: 0.1502
  Batch 4300/6019, Loss: 0.1546
  Batch 4400/6019, Loss: 0.2664
  Batch 4500/6019, Loss: 0.1270
  Batch 4600/6019, Loss: 0.1566
  Batch 4700/6019, Loss: 0.1344
  Batch 4800/6019, Loss: 0.2093
  Batch 4900/6019, Loss: 0.2267
  Batch 5000/6019, Loss: 0.1823
  Batch 5100/6019, Loss: 0.1490
  Batch 5200/6019, Loss: 0.1314
  Batch 5300/6019, Loss: 0.1517
  Batch 5400/6019, Loss: 0.2047
  Batch 5500/6019, Loss: 0.1729
  Batch 5600/6019, Loss: 0.1694
  Batch 5700/6019, Loss: 0.1645
  Batch 5800/6019, Loss: 0.1728
  Batch 5900/6019, Loss: 0.1255
  Batch 6000/6019, Loss: 0.1829
Train Loss: 0.2031
Val Loss: 0.5254, Val Macro F1: 0.6701
Per-class F1 scores:
  Class 0: 0.9315
  Class 1: 0.2895 (tonal speech)
  Class 2: 0.8023
  Class 3: 0.3484 (env/music)
  Class 4: 0.8173
  Class 5: 0.8317
Confusion between Similar Classes:
  Class 0→1:  2081 | Class 1→0:  7067
  Class 2→3:   619 | Class 3→2:  5097
Current learning rate: 0.000200
✓ Saved best model with Val F1: 0.6701

============================================================
Epoch 2/50
============================================================
  Batch 0/6019, Loss: 0.1210
  Batch 100/6019, Loss: 0.1737
  Batch 200/6019, Loss: 0.1513
  Batch 300/6019, Loss: 0.1506
  Batch 400/6019, Loss: 0.2273
  Batch 500/6019, Loss: 0.1747
  Batch 600/6019, Loss: 0.1384
  Batch 700/6019, Loss: 0.1793
  Batch 800/6019, Loss: 0.2243
  Batch 900/6019, Loss: 0.1632
  Batch 1000/6019, Loss: 0.1540
  Batch 1100/6019, Loss: 0.2289
  Batch 1200/6019, Loss: 0.1055
  Batch 1300/6019, Loss: 0.1666
  Batch 1400/6019, Loss: 0.1368
  Batch 1500/6019, Loss: 0.1370
  Batch 1600/6019, Loss: 0.1561
  Batch 1700/6019, Loss: 0.1753
  Batch 1800/6019, Loss: 0.1652
  Batch 1900/6019, Loss: 0.1554
  Batch 2000/6019, Loss: 0.1944
  Batch 2100/6019, Loss: 0.1710
  Batch 2200/6019, Loss: 0.1554
  Batch 2300/6019, Loss: 0.1221
  Batch 2400/6019, Loss: 0.1331
  Batch 2500/6019, Loss: 0.1652
  Batch 2600/6019, Loss: 0.1424
  Batch 2700/6019, Loss: 0.1149
  Batch 2800/6019, Loss: 0.1598
  Batch 2900/6019, Loss: 0.1574
  Batch 3000/6019, Loss: 0.1767
  Batch 3100/6019, Loss: 0.1499
  Batch 3200/6019, Loss: 0.1852
  Batch 3300/6019, Loss: 0.1511
  Batch 3400/6019, Loss: 0.1314
  Batch 3500/6019, Loss: 0.1509
  Batch 3600/6019, Loss: 0.1550
  Batch 3700/6019, Loss: 0.1893
  Batch 3800/6019, Loss: 0.1191
  Batch 3900/6019, Loss: 0.1541
  Batch 4000/6019, Loss: 0.1857
  Batch 4100/6019, Loss: 0.1879
  Batch 4200/6019, Loss: 0.2364
  Batch 4300/6019, Loss: 0.1186
  Batch 4400/6019, Loss: 0.1300
  Batch 4500/6019, Loss: 0.1133
  Batch 4600/6019, Loss: 0.1383
  Batch 4700/6019, Loss: 0.1500
  Batch 4800/6019, Loss: 0.1125
  Batch 4900/6019, Loss: 0.1017
  Batch 5000/6019, Loss: 0.1485
  Batch 5100/6019, Loss: 0.1828
  Batch 5200/6019, Loss: 0.1752
  Batch 5300/6019, Loss: 0.1656
  Batch 5400/6019, Loss: 0.1663
  Batch 5500/6019, Loss: 0.1684
  Batch 5600/6019, Loss: 0.1495
  Batch 5700/6019, Loss: 0.1469
  Batch 5800/6019, Loss: 0.1437
  Batch 5900/6019, Loss: 0.1550
  Batch 6000/6019, Loss: 0.1753
Train Loss: 0.1631
Val Loss: 0.4974, Val Macro F1: 0.7097
Per-class F1 scores:
  Class 0: 0.9314
  Class 1: 0.4088 (tonal speech)
  Class 2: 0.8067
  Class 3: 0.4131 (env/music)
  Class 4: 0.8681
  Class 5: 0.8299
Confusion between Similar Classes:
  Class 0→1:  3420 | Class 1→0:  5697
  Class 2→3:   809 | Class 3→2:  4773
Current learning rate: 0.000400
✓ Saved best model with Val F1: 0.7097

============================================================
Epoch 3/50
============================================================
  Batch 0/6019, Loss: 0.1571
  Batch 100/6019, Loss: 0.1518
  Batch 200/6019, Loss: 0.1370
  Batch 300/6019, Loss: 0.1789
  Batch 400/6019, Loss: 0.1357
  Batch 500/6019, Loss: 0.1232
  Batch 600/6019, Loss: 0.1495
  Batch 700/6019, Loss: 0.1210
  Batch 800/6019, Loss: 0.0982
  Batch 900/6019, Loss: 0.1538
  Batch 1000/6019, Loss: 0.1689
  Batch 1100/6019, Loss: 0.1647
  Batch 1200/6019, Loss: 0.1207
  Batch 1300/6019, Loss: 0.1686
  Batch 1400/6019, Loss: 0.1180
  Batch 1500/6019, Loss: 0.1284
  Batch 1600/6019, Loss: 0.1461
  Batch 1700/6019, Loss: 0.1149
  Batch 1800/6019, Loss: 0.1734
  Batch 1900/6019, Loss: 0.1177
  Batch 2000/6019, Loss: 0.1402
  Batch 2100/6019, Loss: 0.1762
  Batch 2200/6019, Loss: 0.1130
  Batch 2300/6019, Loss: 0.1505
  Batch 2400/6019, Loss: 0.1255
  Batch 2500/6019, Loss: 0.1759
  Batch 2600/6019, Loss: 0.1338
  Batch 2700/6019, Loss: 0.1580
  Batch 2800/6019, Loss: 0.1888
  Batch 2900/6019, Loss: 0.1651
  Batch 3000/6019, Loss: 0.1272
  Batch 3100/6019, Loss: 0.1548
  Batch 3200/6019, Loss: 0.1683
  Batch 3300/6019, Loss: 0.1746
  Batch 3400/6019, Loss: 0.1532
  Batch 3500/6019, Loss: 0.1286
  Batch 3600/6019, Loss: 0.1059
  Batch 3700/6019, Loss: 0.1536
  Batch 3800/6019, Loss: 0.1806
  Batch 3900/6019, Loss: 0.1370
  Batch 4000/6019, Loss: 0.0820
  Batch 4100/6019, Loss: 0.1612
  Batch 4200/6019, Loss: 0.1514
  Batch 4300/6019, Loss: 0.1449
  Batch 4400/6019, Loss: 0.1430
  Batch 4500/6019, Loss: 0.1377
  Batch 4600/6019, Loss: 0.1415
  Batch 4700/6019, Loss: 0.1176
  Batch 4800/6019, Loss: 0.1389
  Batch 4900/6019, Loss: 0.1328
  Batch 5000/6019, Loss: 0.1373
  Batch 5100/6019, Loss: 0.1325
  Batch 5200/6019, Loss: 0.1338
  Batch 5300/6019, Loss: 0.2041
  Batch 5400/6019, Loss: 0.1475
  Batch 5500/6019, Loss: 0.1698
  Batch 5600/6019, Loss: 0.1984
  Batch 5700/6019, Loss: 0.1514
  Batch 5800/6019, Loss: 0.1026
  Batch 5900/6019, Loss: 0.1479
  Batch 6000/6019, Loss: 0.1474
Train Loss: 0.1508
Val Loss: 0.4449, Val Macro F1: 0.7199
Per-class F1 scores:
  Class 0: 0.9418
  Class 1: 0.4406 (tonal speech)
  Class 2: 0.8139
  Class 3: 0.4362 (env/music)
  Class 4: 0.8321
  Class 5: 0.8545
Confusion between Similar Classes:
  Class 0→1:  1919 | Class 1→0:  5839
  Class 2→3:   816 | Class 3→2:  4565
Current learning rate: 0.000600
✓ Saved best model with Val F1: 0.7199

============================================================
Epoch 4/50
============================================================
  Batch 0/6019, Loss: 0.1416
  Batch 100/6019, Loss: 0.1313
  Batch 200/6019, Loss: 0.1436
  Batch 300/6019, Loss: 0.1093
  Batch 400/6019, Loss: 0.1588
  Batch 500/6019, Loss: 0.0912
  Batch 600/6019, Loss: 0.0989
  Batch 700/6019, Loss: 0.1301
  Batch 800/6019, Loss: 0.1084
  Batch 900/6019, Loss: 0.0751
  Batch 1000/6019, Loss: 0.1539
  Batch 1100/6019, Loss: 0.1383
  Batch 1200/6019, Loss: 0.1949
  Batch 1300/6019, Loss: 0.1426
  Batch 1400/6019, Loss: 0.1332
  Batch 1500/6019, Loss: 0.1088
  Batch 1600/6019, Loss: 0.1384
  Batch 1700/6019, Loss: 0.1328
  Batch 1800/6019, Loss: 0.1300
  Batch 1900/6019, Loss: 0.1400
  Batch 2000/6019, Loss: 0.1138
  Batch 2100/6019, Loss: 0.1064
  Batch 2200/6019, Loss: 0.1229
  Batch 2300/6019, Loss: 0.1353
  Batch 2400/6019, Loss: 0.1009
  Batch 2500/6019, Loss: 0.1346
  Batch 2600/6019, Loss: 0.1306
  Batch 2700/6019, Loss: 0.1841
  Batch 2800/6019, Loss: 0.1072
  Batch 2900/6019, Loss: 0.1095
  Batch 3000/6019, Loss: 0.1170
  Batch 3100/6019, Loss: 0.1028
  Batch 3200/6019, Loss: 0.1432
  Batch 3300/6019, Loss: 0.1363
  Batch 3400/6019, Loss: 0.1412
  Batch 3500/6019, Loss: 0.1441
  Batch 3600/6019, Loss: 0.1115
  Batch 3700/6019, Loss: 0.1146
  Batch 3800/6019, Loss: 0.1409
  Batch 3900/6019, Loss: 0.1611
  Batch 4000/6019, Loss: 0.1318
  Batch 4100/6019, Loss: 0.2203
  Batch 4200/6019, Loss: 0.1138
  Batch 4300/6019, Loss: 0.1404
  Batch 4400/6019, Loss: 0.1553
  Batch 4500/6019, Loss: 0.1246
  Batch 4600/6019, Loss: 0.1842
  Batch 4700/6019, Loss: 0.1317
  Batch 4800/6019, Loss: 0.1173
  Batch 4900/6019, Loss: 0.1365
  Batch 5000/6019, Loss: 0.1302
  Batch 5100/6019, Loss: 0.1721
  Batch 5200/6019, Loss: 0.1266
  Batch 5300/6019, Loss: 0.1345
  Batch 5400/6019, Loss: 0.1387
  Batch 5500/6019, Loss: 0.1170
  Batch 5600/6019, Loss: 0.1669
  Batch 5700/6019, Loss: 0.1610
  Batch 5800/6019, Loss: 0.1576
  Batch 5900/6019, Loss: 0.1174
  Batch 6000/6019, Loss: 0.0896
Train Loss: 0.1417
Val Loss: 0.3962, Val Macro F1: 0.6740
Per-class F1 scores:
  Class 0: 0.9401
  Class 1: 0.1266 (tonal speech)
  Class 2: 0.8128
  Class 3: 0.5616 (env/music)
  Class 4: 0.7717
  Class 5: 0.8312
Confusion between Similar Classes:
  Class 0→1:    47 | Class 1→0:  8227
  Class 2→3:  1747 | Class 3→2:  3381
Current learning rate: 0.000800

============================================================
Epoch 5/50
============================================================
  Batch 0/6019, Loss: 0.1411
  Batch 100/6019, Loss: 0.1530
  Batch 200/6019, Loss: 0.1284
  Batch 300/6019, Loss: 0.1362
  Batch 400/6019, Loss: 0.1172
  Batch 500/6019, Loss: 0.1271
  Batch 600/6019, Loss: 0.1355
  Batch 700/6019, Loss: 0.1323
  Batch 800/6019, Loss: 0.1455
  Batch 900/6019, Loss: 0.1609
  Batch 1000/6019, Loss: 0.1110
  Batch 1100/6019, Loss: 0.1639
  Batch 1200/6019, Loss: 0.1648
  Batch 1300/6019, Loss: 0.1642
  Batch 1400/6019, Loss: 0.1813
  Batch 1500/6019, Loss: 0.1386
  Batch 1600/6019, Loss: 0.1713
  Batch 1700/6019, Loss: 0.1401
  Batch 1800/6019, Loss: 0.1719
  Batch 1900/6019, Loss: 0.1263
  Batch 2000/6019, Loss: 0.1316
  Batch 2100/6019, Loss: 0.1718
  Batch 2200/6019, Loss: 0.0929
  Batch 2300/6019, Loss: 0.1601
  Batch 2400/6019, Loss: 0.1617
  Batch 2500/6019, Loss: 0.1437
  Batch 2600/6019, Loss: 0.1504
  Batch 2700/6019, Loss: 0.1444
  Batch 2800/6019, Loss: 0.0927
  Batch 2900/6019, Loss: 0.1247
  Batch 3000/6019, Loss: 0.1460
  Batch 3100/6019, Loss: 0.1515
  Batch 3200/6019, Loss: 0.1449
  Batch 3300/6019, Loss: 0.1118
  Batch 3400/6019, Loss: 0.1311
  Batch 3500/6019, Loss: 0.0885
  Batch 3600/6019, Loss: 0.1875
  Batch 3700/6019, Loss: 0.1061
  Batch 3800/6019, Loss: 0.1256
  Batch 3900/6019, Loss: 0.0924
  Batch 4000/6019, Loss: 0.1307
  Batch 4100/6019, Loss: 0.1447
  Batch 4200/6019, Loss: 0.1305
  Batch 4300/6019, Loss: 0.1218
  Batch 4400/6019, Loss: 0.1661
  Batch 4500/6019, Loss: 0.1563
  Batch 4600/6019, Loss: 0.1203
  Batch 4700/6019, Loss: 0.1659
  Batch 4800/6019, Loss: 0.1129
  Batch 4900/6019, Loss: 0.1505
  Batch 5000/6019, Loss: 0.1045
  Batch 5100/6019, Loss: 0.0892
  Batch 5200/6019, Loss: 0.1399
  Batch 5300/6019, Loss: 0.1565
  Batch 5400/6019, Loss: 0.1079
  Batch 5500/6019, Loss: 0.1095
  Batch 5600/6019, Loss: 0.1072
  Batch 5700/6019, Loss: 0.1432
  Batch 5800/6019, Loss: 0.1486
  Batch 5900/6019, Loss: 0.1465
  Batch 6000/6019, Loss: 0.0986
Train Loss: 0.1326
Val Loss: 0.4953, Val Macro F1: 0.7549
Per-class F1 scores:
  Class 0: 0.9135
  Class 1: 0.5221 (tonal speech)
  Class 2: 0.7526
  Class 3: 0.6257 (env/music)
  Class 4: 0.8493
  Class 5: 0.8661
Confusion between Similar Classes:
  Class 0→1:  8182 | Class 1→0:  2797
  Class 2→3:  4392 | Class 3→2:  1602
Current learning rate: 0.001000
✓ Saved best model with Val F1: 0.7549

============================================================
Epoch 6/50
============================================================
  Batch 0/6019, Loss: 0.1328
  Batch 100/6019, Loss: 0.1581
  Batch 200/6019, Loss: 0.1229
  Batch 300/6019, Loss: 0.1222
  Batch 400/6019, Loss: 0.1131
  Batch 500/6019, Loss: 0.1183
  Batch 600/6019, Loss: 0.1388
  Batch 700/6019, Loss: 0.1055
  Batch 800/6019, Loss: 0.1196
  Batch 900/6019, Loss: 0.0819
  Batch 1000/6019, Loss: 0.1469
  Batch 1100/6019, Loss: 0.1667
  Batch 1200/6019, Loss: 0.1028
  Batch 1300/6019, Loss: 0.1294
  Batch 1400/6019, Loss: 0.1516
  Batch 1500/6019, Loss: 0.1788
  Batch 1600/6019, Loss: 0.1104
  Batch 1700/6019, Loss: 0.0840
  Batch 1800/6019, Loss: 0.0920
  Batch 1900/6019, Loss: 0.1294
  Batch 2000/6019, Loss: 0.1286
  Batch 2100/6019, Loss: 0.1058
  Batch 2200/6019, Loss: 0.0909
  Batch 2300/6019, Loss: 0.1696
  Batch 2400/6019, Loss: 0.1402
  Batch 2500/6019, Loss: 0.1343
  Batch 2600/6019, Loss: 0.1570
  Batch 2700/6019, Loss: 0.1258
  Batch 2800/6019, Loss: 0.1351
  Batch 2900/6019, Loss: 0.1107
  Batch 3000/6019, Loss: 0.1153
  Batch 3100/6019, Loss: 0.1353
  Batch 3200/6019, Loss: 0.1136
  Batch 3300/6019, Loss: 0.1514
  Batch 3400/6019, Loss: 0.0928
  Batch 3500/6019, Loss: 0.0828
  Batch 3600/6019, Loss: 0.1445
  Batch 3700/6019, Loss: 0.1693
  Batch 3800/6019, Loss: 0.1357
  Batch 3900/6019, Loss: 0.0694
  Batch 4000/6019, Loss: 0.1778
  Batch 4100/6019, Loss: 0.1348
  Batch 4200/6019, Loss: 0.0783
  Batch 4300/6019, Loss: 0.1136
  Batch 4400/6019, Loss: 0.1347
  Batch 4500/6019, Loss: 0.1009
  Batch 4600/6019, Loss: 0.1227
  Batch 4700/6019, Loss: 0.1387
  Batch 4800/6019, Loss: 0.1129
  Batch 4900/6019, Loss: 0.1119
  Batch 5000/6019, Loss: 0.1181
  Batch 5100/6019, Loss: 0.1035
  Batch 5200/6019, Loss: 0.0930
  Batch 5300/6019, Loss: 0.1018
  Batch 5400/6019, Loss: 0.1029
  Batch 5500/6019, Loss: 0.1172
  Batch 5600/6019, Loss: 0.1007
  Batch 5700/6019, Loss: 0.1220
  Batch 5800/6019, Loss: 0.1537
  Batch 5900/6019, Loss: 0.1013
  Batch 6000/6019, Loss: 0.1264
Train Loss: 0.1240
Val Loss: 0.3765, Val Macro F1: 0.7741
Per-class F1 scores:
  Class 0: 0.9552
  Class 1: 0.6122 (tonal speech)
  Class 2: 0.8217
  Class 3: 0.5318 (env/music)
  Class 4: 0.8550
  Class 5: 0.8689
Confusion between Similar Classes:
  Class 0→1:  1573 | Class 1→0:  4307
  Class 2→3:  1209 | Class 3→2:  3731
Current learning rate: 0.001000
✓ Saved best model with Val F1: 0.7741

============================================================
Epoch 7/50
============================================================
  Batch 0/6019, Loss: 0.0993
  Batch 100/6019, Loss: 0.1336
  Batch 200/6019, Loss: 0.1033
  Batch 300/6019, Loss: 0.0947
  Batch 400/6019, Loss: 0.1119
  Batch 500/6019, Loss: 0.1060
  Batch 600/6019, Loss: 0.1428
  Batch 700/6019, Loss: 0.1265
  Batch 800/6019, Loss: 0.1419
  Batch 900/6019, Loss: 0.1521
  Batch 1000/6019, Loss: 0.1327
  Batch 1100/6019, Loss: 0.1170
  Batch 1200/6019, Loss: 0.0768
  Batch 1300/6019, Loss: 0.1219
  Batch 1400/6019, Loss: 0.1237
  Batch 1500/6019, Loss: 0.1158
  Batch 1600/6019, Loss: 0.0894
  Batch 1700/6019, Loss: 0.0972
  Batch 1800/6019, Loss: 0.1164
  Batch 1900/6019, Loss: 0.1744
  Batch 2000/6019, Loss: 0.1080
  Batch 2100/6019, Loss: 0.1390
  Batch 2200/6019, Loss: 0.1143
  Batch 2300/6019, Loss: 0.1013
  Batch 2400/6019, Loss: 0.1549
  Batch 2500/6019, Loss: 0.1089
  Batch 2600/6019, Loss: 0.0856
  Batch 2700/6019, Loss: 0.1062
  Batch 2800/6019, Loss: 0.0953
  Batch 2900/6019, Loss: 0.1306
  Batch 3000/6019, Loss: 0.0764
  Batch 3100/6019, Loss: 0.0983
  Batch 3200/6019, Loss: 0.1178
  Batch 3300/6019, Loss: 0.0985
  Batch 3400/6019, Loss: 0.1366
  Batch 3500/6019, Loss: 0.1008
  Batch 3600/6019, Loss: 0.1415
  Batch 3700/6019, Loss: 0.1249
  Batch 3800/6019, Loss: 0.1413
  Batch 3900/6019, Loss: 0.1214
  Batch 4000/6019, Loss: 0.1476
  Batch 4100/6019, Loss: 0.1201
  Batch 4200/6019, Loss: 0.1595
  Batch 4300/6019, Loss: 0.0874
  Batch 4400/6019, Loss: 0.1411
  Batch 4500/6019, Loss: 0.1490
  Batch 4600/6019, Loss: 0.1524
  Batch 4700/6019, Loss: 0.1434
  Batch 4800/6019, Loss: 0.1137
  Batch 4900/6019, Loss: 0.2175
  Batch 5000/6019, Loss: 0.1006
  Batch 5100/6019, Loss: 0.1002
  Batch 5200/6019, Loss: 0.1299
  Batch 5300/6019, Loss: 0.1118
  Batch 5400/6019, Loss: 0.1114
  Batch 5500/6019, Loss: 0.1056
  Batch 5600/6019, Loss: 0.1259
  Batch 5700/6019, Loss: 0.1036
  Batch 5800/6019, Loss: 0.0848
  Batch 5900/6019, Loss: 0.1647
  Batch 6000/6019, Loss: 0.1820
Train Loss: 0.1190
Val Loss: 0.3684, Val Macro F1: 0.7644
Per-class F1 scores:
  Class 0: 0.9502
  Class 1: 0.4980 (tonal speech)
  Class 2: 0.8279
  Class 3: 0.4909 (env/music)
  Class 4: 0.9323
  Class 5: 0.8871
Confusion between Similar Classes:
  Class 0→1:  1063 | Class 1→0:  5574
  Class 2→3:   810 | Class 3→2:  4234
Current learning rate: 0.000976

============================================================
Epoch 8/50
============================================================
  Batch 0/6019, Loss: 0.1482
  Batch 100/6019, Loss: 0.1292
  Batch 200/6019, Loss: 0.1243
  Batch 300/6019, Loss: 0.1300
  Batch 400/6019, Loss: 0.1439
  Batch 500/6019, Loss: 0.1314
  Batch 600/6019, Loss: 0.0979
  Batch 700/6019, Loss: 0.1416
  Batch 800/6019, Loss: 0.0959
  Batch 900/6019, Loss: 0.1128
  Batch 1000/6019, Loss: 0.1044
  Batch 1100/6019, Loss: 0.1068
  Batch 1200/6019, Loss: 0.1136
  Batch 1300/6019, Loss: 0.1120
  Batch 1400/6019, Loss: 0.1246
  Batch 1500/6019, Loss: 0.0834
  Batch 1600/6019, Loss: 0.0901
  Batch 1700/6019, Loss: 0.1426
  Batch 1800/6019, Loss: 0.1258
  Batch 1900/6019, Loss: 0.1662
  Batch 2000/6019, Loss: 0.1019
  Batch 2100/6019, Loss: 0.1562
  Batch 2200/6019, Loss: 0.0929
  Batch 2300/6019, Loss: 0.1038
  Batch 2400/6019, Loss: 0.0974
  Batch 2500/6019, Loss: 0.1063
  Batch 2600/6019, Loss: 0.0652
  Batch 2700/6019, Loss: 0.0815
  Batch 2800/6019, Loss: 0.0817
  Batch 2900/6019, Loss: 0.0711
  Batch 3000/6019, Loss: 0.1025
  Batch 3100/6019, Loss: 0.0829
  Batch 3200/6019, Loss: 0.1172
  Batch 3300/6019, Loss: 0.1320
  Batch 3400/6019, Loss: 0.1215
  Batch 3500/6019, Loss: 0.0839
  Batch 3600/6019, Loss: 0.0979
  Batch 3700/6019, Loss: 0.1083
  Batch 3800/6019, Loss: 0.1247
  Batch 3900/6019, Loss: 0.1365
  Batch 4000/6019, Loss: 0.1513
  Batch 4100/6019, Loss: 0.1067
  Batch 4200/6019, Loss: 0.0998
  Batch 4300/6019, Loss: 0.0914
  Batch 4400/6019, Loss: 0.0899
  Batch 4500/6019, Loss: 0.1118
  Batch 4600/6019, Loss: 0.0787
  Batch 4700/6019, Loss: 0.1102
  Batch 4800/6019, Loss: 0.1404
  Batch 4900/6019, Loss: 0.1492
  Batch 5000/6019, Loss: 0.1463
  Batch 5100/6019, Loss: 0.1381
  Batch 5200/6019, Loss: 0.1133
  Batch 5300/6019, Loss: 0.1077
  Batch 5400/6019, Loss: 0.1104
  Batch 5500/6019, Loss: 0.1352
  Batch 5600/6019, Loss: 0.1066
  Batch 5700/6019, Loss: 0.1116
  Batch 5800/6019, Loss: 0.1176
  Batch 5900/6019, Loss: 0.0708
  Batch 6000/6019, Loss: 0.1424
Train Loss: 0.1144
Val Loss: 0.3136, Val Macro F1: 0.7814
Per-class F1 scores:
  Class 0: 0.9579
  Class 1: 0.5633 (tonal speech)
  Class 2: 0.8239
  Class 3: 0.5348 (env/music)
  Class 4: 0.9166
  Class 5: 0.8919
Confusion between Similar Classes:
  Class 0→1:   461 | Class 1→0:  5231
  Class 2→3:  1342 | Class 3→2:  3697
Current learning rate: 0.000905
✓ Saved best model with Val F1: 0.7814

============================================================
Epoch 9/50
============================================================
  Batch 0/6019, Loss: 0.1102
  Batch 100/6019, Loss: 0.1042
  Batch 200/6019, Loss: 0.0804
  Batch 300/6019, Loss: 0.1222
  Batch 400/6019, Loss: 0.1340
  Batch 500/6019, Loss: 0.1104
  Batch 600/6019, Loss: 0.1172
  Batch 700/6019, Loss: 0.1095
  Batch 800/6019, Loss: 0.0914
  Batch 900/6019, Loss: 0.1010
  Batch 1000/6019, Loss: 0.1193
  Batch 1100/6019, Loss: 0.1382
  Batch 1200/6019, Loss: 0.0726
  Batch 1300/6019, Loss: 0.2510
  Batch 1400/6019, Loss: 0.0715
  Batch 1500/6019, Loss: 0.1259
  Batch 1600/6019, Loss: 0.1352
  Batch 1700/6019, Loss: 0.0914
  Batch 1800/6019, Loss: 0.1134
  Batch 1900/6019, Loss: 0.0965
  Batch 2000/6019, Loss: 0.0898
  Batch 2100/6019, Loss: 0.1514
  Batch 2200/6019, Loss: 0.0870
  Batch 2300/6019, Loss: 0.1040
  Batch 2400/6019, Loss: 0.0980
  Batch 2500/6019, Loss: 0.0755
  Batch 2600/6019, Loss: 0.0893
  Batch 2700/6019, Loss: 0.1368
  Batch 2800/6019, Loss: 0.1072
  Batch 2900/6019, Loss: 0.1040
  Batch 3000/6019, Loss: 0.0898
  Batch 3100/6019, Loss: 0.1106
  Batch 3200/6019, Loss: 0.1424
  Batch 3300/6019, Loss: 0.0967
  Batch 3400/6019, Loss: 0.1133
  Batch 3500/6019, Loss: 0.0811
  Batch 3600/6019, Loss: 0.1114
  Batch 3700/6019, Loss: 0.1092
  Batch 3800/6019, Loss: 0.1156
  Batch 3900/6019, Loss: 0.0995
  Batch 4000/6019, Loss: 0.0754
  Batch 4100/6019, Loss: 0.0822
  Batch 4200/6019, Loss: 0.1288
  Batch 4300/6019, Loss: 0.1866
  Batch 4400/6019, Loss: 0.0759
  Batch 4500/6019, Loss: 0.0928
  Batch 4600/6019, Loss: 0.1095
  Batch 4700/6019, Loss: 0.1018
  Batch 4800/6019, Loss: 0.0941
  Batch 4900/6019, Loss: 0.1111
  Batch 5000/6019, Loss: 0.1241
  Batch 5100/6019, Loss: 0.1170
  Batch 5200/6019, Loss: 0.1124
  Batch 5300/6019, Loss: 0.1313
  Batch 5400/6019, Loss: 0.0844
  Batch 5500/6019, Loss: 0.1162
  Batch 5600/6019, Loss: 0.0828
  Batch 5700/6019, Loss: 0.1105
  Batch 5800/6019, Loss: 0.1497
  Batch 5900/6019, Loss: 0.0699
  Batch 6000/6019, Loss: 0.1082
Train Loss: 0.1105
Val Loss: 0.3280, Val Macro F1: 0.7526
Per-class F1 scores:
  Class 0: 0.9552
  Class 1: 0.5028 (tonal speech)
  Class 2: 0.8231
  Class 3: 0.3901 (env/music)
  Class 4: 0.9470
  Class 5: 0.8976
Confusion between Similar Classes:
  Class 0→1:   219 | Class 1→0:  5865
  Class 2→3:   454 | Class 3→2:  5013
Current learning rate: 0.000794

============================================================
Epoch 10/50
============================================================
  Batch 0/6019, Loss: 0.1183
  Batch 100/6019, Loss: 0.0935
  Batch 200/6019, Loss: 0.1367
  Batch 300/6019, Loss: 0.0922
  Batch 400/6019, Loss: 0.0906
  Batch 500/6019, Loss: 0.0855
  Batch 600/6019, Loss: 0.1514
  Batch 700/6019, Loss: 0.1084
  Batch 800/6019, Loss: 0.1034
  Batch 900/6019, Loss: 0.0871
  Batch 1000/6019, Loss: 0.1159
  Batch 1100/6019, Loss: 0.0791
  Batch 1200/6019, Loss: 0.0897
  Batch 1300/6019, Loss: 0.1028
  Batch 1400/6019, Loss: 0.0799
  Batch 1500/6019, Loss: 0.1264
  Batch 1600/6019, Loss: 0.0843
  Batch 1700/6019, Loss: 0.1358
  Batch 1800/6019, Loss: 0.1100
  Batch 1900/6019, Loss: 0.1084
  Batch 2000/6019, Loss: 0.1301
  Batch 2100/6019, Loss: 0.0933
  Batch 2200/6019, Loss: 0.1305
  Batch 2300/6019, Loss: 0.0722
  Batch 2400/6019, Loss: 0.0800
  Batch 2500/6019, Loss: 0.0933
  Batch 2600/6019, Loss: 0.1114
  Batch 2700/6019, Loss: 0.1030
  Batch 2800/6019, Loss: 0.0784
  Batch 2900/6019, Loss: 0.0990
  Batch 3000/6019, Loss: 0.1116
  Batch 3100/6019, Loss: 0.1366
  Batch 3200/6019, Loss: 0.1657
  Batch 3300/6019, Loss: 0.1098
  Batch 3400/6019, Loss: 0.1468
  Batch 3500/6019, Loss: 0.0976
  Batch 3600/6019, Loss: 0.0974
  Batch 3700/6019, Loss: 0.1142
  Batch 3800/6019, Loss: 0.0895
  Batch 3900/6019, Loss: 0.0804
  Batch 4000/6019, Loss: 0.1139
  Batch 4100/6019, Loss: 0.1361
  Batch 4200/6019, Loss: 0.1491
  Batch 4300/6019, Loss: 0.1287
  Batch 4400/6019, Loss: 0.1272
  Batch 4500/6019, Loss: 0.0910
  Batch 4600/6019, Loss: 0.0878
  Batch 4700/6019, Loss: 0.0971
  Batch 4800/6019, Loss: 0.2159
  Batch 4900/6019, Loss: 0.0980
  Batch 5000/6019, Loss: 0.0722
  Batch 5100/6019, Loss: 0.0986
  Batch 5200/6019, Loss: 0.1040
  Batch 5300/6019, Loss: 0.1021
  Batch 5400/6019, Loss: 0.0942
  Batch 5500/6019, Loss: 0.1244
  Batch 5600/6019, Loss: 0.1064
  Batch 5700/6019, Loss: 0.0806
  Batch 5800/6019, Loss: 0.0884
  Batch 5900/6019, Loss: 0.0933
  Batch 6000/6019, Loss: 0.1544
Train Loss: 0.1063
Val Loss: 0.2990, Val Macro F1: 0.7903
Per-class F1 scores:
  Class 0: 0.9580
  Class 1: 0.5637 (tonal speech)
  Class 2: 0.8258
  Class 3: 0.5775 (env/music)
  Class 4: 0.9078
  Class 5: 0.9088
Confusion between Similar Classes:
  Class 0→1:   452 | Class 1→0:  5252
  Class 2→3:  1618 | Class 3→2:  3320
Current learning rate: 0.000655
✓ Saved best model with Val F1: 0.7903

============================================================
Epoch 11/50
============================================================
  Batch 0/6019, Loss: 0.0911
  Batch 100/6019, Loss: 0.0913
  Batch 200/6019, Loss: 0.1555
  Batch 300/6019, Loss: 0.1271
  Batch 400/6019, Loss: 0.0811
  Batch 500/6019, Loss: 0.1182
  Batch 600/6019, Loss: 0.0674
  Batch 700/6019, Loss: 0.1103
  Batch 800/6019, Loss: 0.1002
  Batch 900/6019, Loss: 0.0800
  Batch 1000/6019, Loss: 0.1247
  Batch 1100/6019, Loss: 0.0817
  Batch 1200/6019, Loss: 0.0720
  Batch 1300/6019, Loss: 0.1376
  Batch 1400/6019, Loss: 0.1447
  Batch 1500/6019, Loss: 0.0814
  Batch 1600/6019, Loss: 0.1316
  Batch 1700/6019, Loss: 0.0991
  Batch 1800/6019, Loss: 0.0713
  Batch 1900/6019, Loss: 0.1115
  Batch 2000/6019, Loss: 0.1115
  Batch 2100/6019, Loss: 0.0998
  Batch 2200/6019, Loss: 0.0892
  Batch 2300/6019, Loss: 0.0687
  Batch 2400/6019, Loss: 0.0973
  Batch 2500/6019, Loss: 0.0930
  Batch 2600/6019, Loss: 0.1579
  Batch 2700/6019, Loss: 0.0845
  Batch 2800/6019, Loss: 0.1249
  Batch 2900/6019, Loss: 0.0953
  Batch 3000/6019, Loss: 0.0922
  Batch 3100/6019, Loss: 0.1100
  Batch 3200/6019, Loss: 0.1364
  Batch 3300/6019, Loss: 0.0862
  Batch 3400/6019, Loss: 0.0947
  Batch 3500/6019, Loss: 0.0817
  Batch 3600/6019, Loss: 0.1126
  Batch 3700/6019, Loss: 0.1093
  Batch 3800/6019, Loss: 0.1049
  Batch 3900/6019, Loss: 0.1428
  Batch 4000/6019, Loss: 0.0847
  Batch 4100/6019, Loss: 0.1111
  Batch 4200/6019, Loss: 0.1131
  Batch 4300/6019, Loss: 0.1261
  Batch 4400/6019, Loss: 0.0848
  Batch 4500/6019, Loss: 0.1107
  Batch 4600/6019, Loss: 0.0666
  Batch 4700/6019, Loss: 0.1148
  Batch 4800/6019, Loss: 0.0953
  Batch 4900/6019, Loss: 0.0938
  Batch 5000/6019, Loss: 0.1345
  Batch 5100/6019, Loss: 0.0825
  Batch 5200/6019, Loss: 0.1024
  Batch 5300/6019, Loss: 0.0788
  Batch 5400/6019, Loss: 0.1023
  Batch 5500/6019, Loss: 0.1109
  Batch 5600/6019, Loss: 0.1015
  Batch 5700/6019, Loss: 0.0969
  Batch 5800/6019, Loss: 0.0859
  Batch 5900/6019, Loss: 0.1071
  Batch 6000/6019, Loss: 0.1065
Train Loss: 0.1029
Val Loss: 0.2898, Val Macro F1: 0.7579
Per-class F1 scores:
  Class 0: 0.9542
  Class 1: 0.4836 (tonal speech)
  Class 2: 0.8279
  Class 3: 0.4239 (env/music)
  Class 4: 0.9474
  Class 5: 0.9104
Confusion between Similar Classes:
  Class 0→1:   178 | Class 1→0:  6033
  Class 2→3:   498 | Class 3→2:  4782
Current learning rate: 0.000501

============================================================
Epoch 12/50
============================================================
  Batch 0/6019, Loss: 0.1302
  Batch 100/6019, Loss: 0.0743
  Batch 200/6019, Loss: 0.0936
  Batch 300/6019, Loss: 0.0968
  Batch 400/6019, Loss: 0.0887
  Batch 500/6019, Loss: 0.1181
  Batch 600/6019, Loss: 0.0840
  Batch 700/6019, Loss: 0.0579
  Batch 800/6019, Loss: 0.0824
  Batch 900/6019, Loss: 0.1084
  Batch 1000/6019, Loss: 0.0708
  Batch 1100/6019, Loss: 0.1075
  Batch 1200/6019, Loss: 0.0837
  Batch 1300/6019, Loss: 0.1007
  Batch 1400/6019, Loss: 0.1119
  Batch 1500/6019, Loss: 0.0941
  Batch 1600/6019, Loss: 0.0780
  Batch 1700/6019, Loss: 0.0914
  Batch 1800/6019, Loss: 0.1234
  Batch 1900/6019, Loss: 0.0855
  Batch 2000/6019, Loss: 0.0740
  Batch 2100/6019, Loss: 0.1370
  Batch 2200/6019, Loss: 0.0917
  Batch 2300/6019, Loss: 0.0993
  Batch 2400/6019, Loss: 0.1189
  Batch 2500/6019, Loss: 0.1276
  Batch 2600/6019, Loss: 0.0437
  Batch 2700/6019, Loss: 0.1607
  Batch 2800/6019, Loss: 0.0881
  Batch 2900/6019, Loss: 0.1107
  Batch 3000/6019, Loss: 0.1188
  Batch 3100/6019, Loss: 0.0781
  Batch 3200/6019, Loss: 0.1153
  Batch 3300/6019, Loss: 0.0809
  Batch 3400/6019, Loss: 0.1110
  Batch 3500/6019, Loss: 0.1053
  Batch 3600/6019, Loss: 0.0808
  Batch 3700/6019, Loss: 0.0775
  Batch 3800/6019, Loss: 0.0992
  Batch 3900/6019, Loss: 0.0769
  Batch 4000/6019, Loss: 0.1027
  Batch 4100/6019, Loss: 0.0942
  Batch 4200/6019, Loss: 0.0925
  Batch 4300/6019, Loss: 0.1115
  Batch 4400/6019, Loss: 0.0926
  Batch 4500/6019, Loss: 0.0909
  Batch 4600/6019, Loss: 0.0908
  Batch 4700/6019, Loss: 0.1152
  Batch 4800/6019, Loss: 0.1101
  Batch 4900/6019, Loss: 0.0598
  Batch 5000/6019, Loss: 0.1042
  Batch 5100/6019, Loss: 0.0904
  Batch 5200/6019, Loss: 0.1297
  Batch 5300/6019, Loss: 0.1001
  Batch 5400/6019, Loss: 0.1157
  Batch 5500/6019, Loss: 0.0999
  Batch 5600/6019, Loss: 0.0868
  Batch 5700/6019, Loss: 0.1180
  Batch 5800/6019, Loss: 0.1191
  Batch 5900/6019, Loss: 0.0877
  Batch 6000/6019, Loss: 0.1087
Train Loss: 0.0995
Val Loss: 0.3118, Val Macro F1: 0.8159
Per-class F1 scores:
  Class 0: 0.9625
  Class 1: 0.6536 (tonal speech)
  Class 2: 0.8311
  Class 3: 0.5921 (env/music)
  Class 4: 0.9451
  Class 5: 0.9110
Confusion between Similar Classes:
  Class 0→1:   900 | Class 1→0:  4139
  Class 2→3:  1600 | Class 3→2:  3163
Current learning rate: 0.000346
✓ Saved best model with Val F1: 0.8159

============================================================
Epoch 13/50
============================================================
  Batch 0/6019, Loss: 0.0943
  Batch 100/6019, Loss: 0.0836
  Batch 200/6019, Loss: 0.0845
  Batch 300/6019, Loss: 0.0698
  Batch 400/6019, Loss: 0.0744
  Batch 500/6019, Loss: 0.1401
  Batch 600/6019, Loss: 0.0939
  Batch 700/6019, Loss: 0.1069
  Batch 800/6019, Loss: 0.0738
  Batch 900/6019, Loss: 0.0635
  Batch 1000/6019, Loss: 0.1318
  Batch 1100/6019, Loss: 0.0737
  Batch 1200/6019, Loss: 0.1139
  Batch 1300/6019, Loss: 0.1106
  Batch 1400/6019, Loss: 0.0730
  Batch 1500/6019, Loss: 0.0879
  Batch 1600/6019, Loss: 0.0999
  Batch 1700/6019, Loss: 0.1214
  Batch 1800/6019, Loss: 0.0905
  Batch 1900/6019, Loss: 0.1115
  Batch 2000/6019, Loss: 0.0874
  Batch 2100/6019, Loss: 0.0895
  Batch 2200/6019, Loss: 0.0842
  Batch 2300/6019, Loss: 0.1184
  Batch 2400/6019, Loss: 0.1043
  Batch 2500/6019, Loss: 0.1185
  Batch 2600/6019, Loss: 0.0825
  Batch 2700/6019, Loss: 0.0600
  Batch 2800/6019, Loss: 0.0895
  Batch 2900/6019, Loss: 0.0814
  Batch 3000/6019, Loss: 0.1052
  Batch 3100/6019, Loss: 0.0742
  Batch 3200/6019, Loss: 0.1010
  Batch 3300/6019, Loss: 0.0698
  Batch 3400/6019, Loss: 0.1424
  Batch 3500/6019, Loss: 0.1117
  Batch 3600/6019, Loss: 0.0825
  Batch 3700/6019, Loss: 0.0798
  Batch 3800/6019, Loss: 0.1474
  Batch 3900/6019, Loss: 0.1092
  Batch 4000/6019, Loss: 0.0935
  Batch 4100/6019, Loss: 0.2009
  Batch 4200/6019, Loss: 0.0470
  Batch 4300/6019, Loss: 0.0768
  Batch 4400/6019, Loss: 0.0979
  Batch 4500/6019, Loss: 0.0964
  Batch 4600/6019, Loss: 0.1170
  Batch 4700/6019, Loss: 0.0864
  Batch 4800/6019, Loss: 0.1237
  Batch 4900/6019, Loss: 0.1004
  Batch 5000/6019, Loss: 0.0989
  Batch 5100/6019, Loss: 0.1226
  Batch 5200/6019, Loss: 0.0874
  Batch 5300/6019, Loss: 0.0960
  Batch 5400/6019, Loss: 0.0826
  Batch 5500/6019, Loss: 0.0958
  Batch 5600/6019, Loss: 0.1002
  Batch 5700/6019, Loss: 0.1042
  Batch 5800/6019, Loss: 0.0765
  Batch 5900/6019, Loss: 0.1058
  Batch 6000/6019, Loss: 0.1162
Train Loss: 0.0959
Val Loss: 0.2853, Val Macro F1: 0.8158
Per-class F1 scores:
  Class 0: 0.9641
  Class 1: 0.6679 (tonal speech)
  Class 2: 0.8352
  Class 3: 0.5685 (env/music)
  Class 4: 0.9350
  Class 5: 0.9242
Confusion between Similar Classes:
  Class 0→1:   743 | Class 1→0:  4057
  Class 2→3:  1252 | Class 3→2:  3582
Current learning rate: 0.000207

============================================================
Epoch 14/50
============================================================
  Batch 0/6019, Loss: 0.1110
  Batch 100/6019, Loss: 0.1125
  Batch 200/6019, Loss: 0.0890
  Batch 300/6019, Loss: 0.1003
  Batch 400/6019, Loss: 0.0894
  Batch 500/6019, Loss: 0.0970
  Batch 600/6019, Loss: 0.1356
  Batch 700/6019, Loss: 0.0709
  Batch 800/6019, Loss: 0.0834
  Batch 900/6019, Loss: 0.1068
  Batch 1000/6019, Loss: 0.0964
  Batch 1100/6019, Loss: 0.0996
  Batch 1200/6019, Loss: 0.0824
  Batch 1300/6019, Loss: 0.0727
  Batch 1400/6019, Loss: 0.0890
  Batch 1500/6019, Loss: 0.0550
  Batch 1600/6019, Loss: 0.1211
  Batch 1700/6019, Loss: 0.0950
  Batch 1800/6019, Loss: 0.1237
  Batch 1900/6019, Loss: 0.0695
  Batch 2000/6019, Loss: 0.0867
  Batch 2100/6019, Loss: 0.0819
  Batch 2200/6019, Loss: 0.1029
  Batch 2300/6019, Loss: 0.0775
  Batch 2400/6019, Loss: 0.0930
  Batch 2500/6019, Loss: 0.0728
  Batch 2600/6019, Loss: 0.0963
  Batch 2700/6019, Loss: 0.0789
  Batch 2800/6019, Loss: 0.0990
  Batch 2900/6019, Loss: 0.1017
  Batch 3000/6019, Loss: 0.0823
  Batch 3100/6019, Loss: 0.0843
  Batch 3200/6019, Loss: 0.0888
  Batch 3300/6019, Loss: 0.0832
  Batch 3400/6019, Loss: 0.0952
  Batch 3500/6019, Loss: 0.0896
  Batch 3600/6019, Loss: 0.1077
  Batch 3700/6019, Loss: 0.0727
  Batch 3800/6019, Loss: 0.1015
  Batch 3900/6019, Loss: 0.0757
  Batch 4000/6019, Loss: 0.0838
  Batch 4100/6019, Loss: 0.1315
  Batch 4200/6019, Loss: 0.1215
  Batch 4300/6019, Loss: 0.1265
  Batch 4400/6019, Loss: 0.0586
  Batch 4500/6019, Loss: 0.1147
  Batch 4600/6019, Loss: 0.1033
  Batch 4700/6019, Loss: 0.0747
  Batch 4800/6019, Loss: 0.0929
  Batch 4900/6019, Loss: 0.0795
  Batch 5000/6019, Loss: 0.0701
  Batch 5100/6019, Loss: 0.0774
  Batch 5200/6019, Loss: 0.0971
  Batch 5300/6019, Loss: 0.0940
  Batch 5400/6019, Loss: 0.0854
  Batch 5500/6019, Loss: 0.0678
  Batch 5600/6019, Loss: 0.0895
  Batch 5700/6019, Loss: 0.1304
  Batch 5800/6019, Loss: 0.0789
  Batch 5900/6019, Loss: 0.1031
  Batch 6000/6019, Loss: 0.0837
Train Loss: 0.0928
Val Loss: 0.2782, Val Macro F1: 0.7990
Per-class F1 scores:
  Class 0: 0.9612
  Class 1: 0.6019 (tonal speech)
  Class 2: 0.8376
  Class 3: 0.5172 (env/music)
  Class 4: 0.9504
  Class 5: 0.9257
Confusion between Similar Classes:
  Class 0→1:   327 | Class 1→0:  4918
  Class 2→3:   800 | Class 3→2:  4129
Current learning rate: 0.000096

============================================================
Epoch 15/50
============================================================
  Batch 0/6019, Loss: 0.0833
  Batch 100/6019, Loss: 0.0698
  Batch 200/6019, Loss: 0.0653
  Batch 300/6019, Loss: 0.0602
  Batch 400/6019, Loss: 0.1161
  Batch 500/6019, Loss: 0.0943
  Batch 600/6019, Loss: 0.1375
  Batch 700/6019, Loss: 0.0769
  Batch 800/6019, Loss: 0.1231
  Batch 900/6019, Loss: 0.0962
  Batch 1000/6019, Loss: 0.0816
  Batch 1100/6019, Loss: 0.0981
  Batch 1200/6019, Loss: 0.1156
  Batch 1300/6019, Loss: 0.0868
  Batch 1400/6019, Loss: 0.1137
  Batch 1500/6019, Loss: 0.1354
  Batch 1600/6019, Loss: 0.0583
  Batch 1700/6019, Loss: 0.1048
  Batch 1800/6019, Loss: 0.0715
  Batch 1900/6019, Loss: 0.0919
  Batch 2000/6019, Loss: 0.0731
  Batch 2100/6019, Loss: 0.0852
  Batch 2200/6019, Loss: 0.1225
  Batch 2300/6019, Loss: 0.0983
  Batch 2400/6019, Loss: 0.1098
  Batch 2500/6019, Loss: 0.0745
  Batch 2600/6019, Loss: 0.1189
  Batch 2700/6019, Loss: 0.0967
  Batch 2800/6019, Loss: 0.0996
  Batch 2900/6019, Loss: 0.0846
  Batch 3000/6019, Loss: 0.1001
  Batch 3100/6019, Loss: 0.0675
  Batch 3200/6019, Loss: 0.0955
  Batch 3300/6019, Loss: 0.0900
  Batch 3400/6019, Loss: 0.0884
  Batch 3500/6019, Loss: 0.0724
  Batch 3600/6019, Loss: 0.0783
  Batch 3700/6019, Loss: 0.0734
  Batch 3800/6019, Loss: 0.1316
  Batch 3900/6019, Loss: 0.1083
  Batch 4000/6019, Loss: 0.1115
  Batch 4100/6019, Loss: 0.0715
  Batch 4200/6019, Loss: 0.0714
  Batch 4300/6019, Loss: 0.1737
  Batch 4400/6019, Loss: 0.1254
  Batch 4500/6019, Loss: 0.0775
  Batch 4600/6019, Loss: 0.0894
  Batch 4700/6019, Loss: 0.0725
  Batch 4800/6019, Loss: 0.0816
  Batch 4900/6019, Loss: 0.0816
  Batch 5000/6019, Loss: 0.0872
  Batch 5100/6019, Loss: 0.1168
  Batch 5200/6019, Loss: 0.1250
  Batch 5300/6019, Loss: 0.0678
  Batch 5400/6019, Loss: 0.1338
  Batch 5500/6019, Loss: 0.0781
  Batch 5600/6019, Loss: 0.0982
  Batch 5700/6019, Loss: 0.1155
  Batch 5800/6019, Loss: 0.0828
  Batch 5900/6019, Loss: 0.0687
  Batch 6000/6019, Loss: 0.0925
Train Loss: 0.0903
Val Loss: 0.2840, Val Macro F1: 0.8034
Per-class F1 scores:
  Class 0: 0.9645
  Class 1: 0.6764 (tonal speech)
  Class 2: 0.8353
  Class 3: 0.4727 (env/music)
  Class 4: 0.9540
  Class 5: 0.9173
Confusion between Similar Classes:
  Class 0→1:   816 | Class 1→0:  3931
  Class 2→3:   587 | Class 3→2:  4433
Current learning rate: 0.000025

============================================================
Epoch 16/50
============================================================
  Batch 0/6019, Loss: 0.0721
  Batch 100/6019, Loss: 0.0946
  Batch 200/6019, Loss: 0.0845
  Batch 300/6019, Loss: 0.0830
  Batch 400/6019, Loss: 0.0772
  Batch 500/6019, Loss: 0.0836
  Batch 600/6019, Loss: 0.1040
  Batch 700/6019, Loss: 0.0748
  Batch 800/6019, Loss: 0.1050
  Batch 900/6019, Loss: 0.0788
  Batch 1000/6019, Loss: 0.0895
  Batch 1100/6019, Loss: 0.0813
  Batch 1200/6019, Loss: 0.0881
  Batch 1300/6019, Loss: 0.1033
  Batch 1400/6019, Loss: 0.1046
  Batch 1500/6019, Loss: 0.0768
  Batch 1600/6019, Loss: 0.0837
  Batch 1700/6019, Loss: 0.0765
  Batch 1800/6019, Loss: 0.1097
  Batch 1900/6019, Loss: 0.1366
  Batch 2000/6019, Loss: 0.0648
  Batch 2100/6019, Loss: 0.0916
  Batch 2200/6019, Loss: 0.0897
  Batch 2300/6019, Loss: 0.0866
  Batch 2400/6019, Loss: 0.0740
  Batch 2500/6019, Loss: 0.0986
  Batch 2600/6019, Loss: 0.0869
  Batch 2700/6019, Loss: 0.0959
  Batch 2800/6019, Loss: 0.0974
  Batch 2900/6019, Loss: 0.0707
  Batch 3000/6019, Loss: 0.1230
  Batch 3100/6019, Loss: 0.1049
  Batch 3200/6019, Loss: 0.0676
  Batch 3300/6019, Loss: 0.0776
  Batch 3400/6019, Loss: 0.0956
  Batch 3500/6019, Loss: 0.0759
  Batch 3600/6019, Loss: 0.1249
  Batch 3700/6019, Loss: 0.0815
  Batch 3800/6019, Loss: 0.0811
  Batch 3900/6019, Loss: 0.0862
  Batch 4000/6019, Loss: 0.0742
  Batch 4100/6019, Loss: 0.0683
  Batch 4200/6019, Loss: 0.0924
  Batch 4300/6019, Loss: 0.0845
  Batch 4400/6019, Loss: 0.1562
  Batch 4500/6019, Loss: 0.0974
  Batch 4600/6019, Loss: 0.0835
  Batch 4700/6019, Loss: 0.0944
  Batch 4800/6019, Loss: 0.1120
  Batch 4900/6019, Loss: 0.0847
  Batch 5000/6019, Loss: 0.1216
  Batch 5100/6019, Loss: 0.0881
  Batch 5200/6019, Loss: 0.0951
  Batch 5300/6019, Loss: 0.0645
  Batch 5400/6019, Loss: 0.0791
  Batch 5500/6019, Loss: 0.0891
  Batch 5600/6019, Loss: 0.0766
  Batch 5700/6019, Loss: 0.1134
  Batch 5800/6019, Loss: 0.0732
  Batch 5900/6019, Loss: 0.0850
  Batch 6000/6019, Loss: 0.0956
Train Loss: 0.0889
Val Loss: 0.2783, Val Macro F1: 0.8019
Per-class F1 scores:
  Class 0: 0.9631
  Class 1: 0.6428 (tonal speech)
  Class 2: 0.8376
  Class 3: 0.4883 (env/music)
  Class 4: 0.9497
  Class 5: 0.9301
Confusion between Similar Classes:
  Class 0→1:   507 | Class 1→0:  4449
  Class 2→3:   645 | Class 3→2:  4354
Current learning rate: 0.001000

============================================================
Epoch 17/50
============================================================
  Batch 0/6019, Loss: 0.1000
  Batch 100/6019, Loss: 0.0855
  Batch 200/6019, Loss: 0.0975
  Batch 300/6019, Loss: 0.0972
  Batch 400/6019, Loss: 0.0903
  Batch 500/6019, Loss: 0.1233
  Batch 600/6019, Loss: 0.1180
  Batch 700/6019, Loss: 0.1169
  Batch 800/6019, Loss: 0.0993
  Batch 900/6019, Loss: 0.1280
  Batch 1000/6019, Loss: 0.0524
  Batch 1100/6019, Loss: 0.0788
  Batch 1200/6019, Loss: 0.1300
  Batch 1300/6019, Loss: 0.1109
  Batch 1400/6019, Loss: 0.1028
  Batch 1500/6019, Loss: 0.0934
  Batch 1600/6019, Loss: 0.0812
  Batch 1700/6019, Loss: 0.1309
  Batch 1800/6019, Loss: 0.1249
  Batch 1900/6019, Loss: 0.1052
  Batch 2000/6019, Loss: 0.0877
  Batch 2100/6019, Loss: 0.1009
  Batch 2200/6019, Loss: 0.0879
  Batch 2300/6019, Loss: 0.0889
  Batch 2400/6019, Loss: 0.1255
  Batch 2500/6019, Loss: 0.0860
  Batch 2600/6019, Loss: 0.1120
  Batch 2700/6019, Loss: 0.0822
  Batch 2800/6019, Loss: 0.1094
  Batch 2900/6019, Loss: 0.1141
  Batch 3000/6019, Loss: 0.0912
  Batch 3100/6019, Loss: 0.0639
  Batch 3200/6019, Loss: 0.0931
  Batch 3300/6019, Loss: 0.0584
  Batch 3400/6019, Loss: 0.0926
  Batch 3500/6019, Loss: 0.1182
  Batch 3600/6019, Loss: 0.1005
  Batch 3700/6019, Loss: 0.1090
  Batch 3800/6019, Loss: 0.0951
  Batch 3900/6019, Loss: 0.1146
  Batch 4000/6019, Loss: 0.1049
  Batch 4100/6019, Loss: 0.1133
  Batch 4200/6019, Loss: 0.1202
  Batch 4300/6019, Loss: 0.1281
  Batch 4400/6019, Loss: 0.1134
  Batch 4500/6019, Loss: 0.0925
  Batch 4600/6019, Loss: 0.0888
  Batch 4700/6019, Loss: 0.1450
  Batch 4800/6019, Loss: 0.1150
  Batch 4900/6019, Loss: 0.0915
  Batch 5000/6019, Loss: 0.1166
  Batch 5100/6019, Loss: 0.1132
  Batch 5200/6019, Loss: 0.0827
  Batch 5300/6019, Loss: 0.0751
  Batch 5400/6019, Loss: 0.0755
  Batch 5500/6019, Loss: 0.1697
  Batch 5600/6019, Loss: 0.1078
  Batch 5700/6019, Loss: 0.1038
  Batch 5800/6019, Loss: 0.0952
  Batch 5900/6019, Loss: 0.1331
  Batch 6000/6019, Loss: 0.1205
Train Loss: 0.1045
Val Loss: 0.3088, Val Macro F1: 0.7898
Per-class F1 scores:
  Class 0: 0.9539
  Class 1: 0.5005 (tonal speech)
  Class 2: 0.8150
  Class 3: 0.6358 (env/music)
  Class 4: 0.9347
  Class 5: 0.8987
Confusion between Similar Classes:
  Class 0→1:   533 | Class 1→0:  5751
  Class 2→3:  2517 | Class 3→2:  2312
Current learning rate: 0.000994

============================================================
Epoch 18/50
============================================================
  Batch 0/6019, Loss: 0.1546
  Batch 100/6019, Loss: 0.1224
  Batch 200/6019, Loss: 0.0950
  Batch 300/6019, Loss: 0.1359
  Batch 400/6019, Loss: 0.0995
  Batch 500/6019, Loss: 0.1068
  Batch 600/6019, Loss: 0.0835
  Batch 700/6019, Loss: 0.0906
  Batch 800/6019, Loss: 0.1087
  Batch 900/6019, Loss: 0.1143
  Batch 1000/6019, Loss: 0.1188
  Batch 1100/6019, Loss: 0.1900
  Batch 1200/6019, Loss: 0.0919
  Batch 1300/6019, Loss: 0.1067
  Batch 1400/6019, Loss: 0.0971
  Batch 1500/6019, Loss: 0.1157
  Batch 1600/6019, Loss: 0.1210
  Batch 1700/6019, Loss: 0.0834
  Batch 1800/6019, Loss: 0.1144
  Batch 1900/6019, Loss: 0.1020
  Batch 2000/6019, Loss: 0.0718
  Batch 2100/6019, Loss: 0.0866
  Batch 2200/6019, Loss: 0.0878
  Batch 2300/6019, Loss: 0.0847
  Batch 2400/6019, Loss: 0.1000
  Batch 2500/6019, Loss: 0.1615
  Batch 2600/6019, Loss: 0.0716
  Batch 2700/6019, Loss: 0.0932
  Batch 2800/6019, Loss: 0.0937
  Batch 2900/6019, Loss: 0.0675
  Batch 3000/6019, Loss: 0.1320
  Batch 3100/6019, Loss: 0.0986
  Batch 3200/6019, Loss: 0.0728
  Batch 3300/6019, Loss: 0.1604
  Batch 3400/6019, Loss: 0.0833
  Batch 3500/6019, Loss: 0.1114
  Batch 3600/6019, Loss: 0.0792
  Batch 3700/6019, Loss: 0.0635
  Batch 3800/6019, Loss: 0.0978
  Batch 3900/6019, Loss: 0.0876
  Batch 4000/6019, Loss: 0.1283
  Batch 4100/6019, Loss: 0.1230
  Batch 4200/6019, Loss: 0.1159
  Batch 4300/6019, Loss: 0.1255
  Batch 4400/6019, Loss: 0.0919
  Batch 4500/6019, Loss: 0.0842
  Batch 4600/6019, Loss: 0.0888
  Batch 4700/6019, Loss: 0.0633
  Batch 4800/6019, Loss: 0.0853
  Batch 4900/6019, Loss: 0.0887
  Batch 5000/6019, Loss: 0.0836
  Batch 5100/6019, Loss: 0.0749
  Batch 5200/6019, Loss: 0.0964
  Batch 5300/6019, Loss: 0.0834
  Batch 5400/6019, Loss: 0.1100
  Batch 5500/6019, Loss: 0.1186
  Batch 5600/6019, Loss: 0.0941
  Batch 5700/6019, Loss: 0.0875
  Batch 5800/6019, Loss: 0.0971
  Batch 5900/6019, Loss: 0.0862
  Batch 6000/6019, Loss: 0.0970
Train Loss: 0.1031
Val Loss: 0.2989, Val Macro F1: 0.7977
Per-class F1 scores:
  Class 0: 0.9578
  Class 1: 0.5316 (tonal speech)
  Class 2: 0.8133
  Class 3: 0.6400 (env/music)
  Class 4: 0.9359
  Class 5: 0.9075
Confusion between Similar Classes:
  Class 0→1:   138 | Class 1→0:  5631
  Class 2→3:  2723 | Class 3→2:  2212
Current learning rate: 0.000976

============================================================
Epoch 19/50
============================================================
  Batch 0/6019, Loss: 0.0914
  Batch 100/6019, Loss: 0.0802
  Batch 200/6019, Loss: 0.1371
  Batch 300/6019, Loss: 0.1028
  Batch 400/6019, Loss: 0.0986
  Batch 500/6019, Loss: 0.0858
  Batch 600/6019, Loss: 0.0896
  Batch 700/6019, Loss: 0.1117
  Batch 800/6019, Loss: 0.1659
  Batch 900/6019, Loss: 0.1194
  Batch 1000/6019, Loss: 0.1085
  Batch 1100/6019, Loss: 0.0712
  Batch 1200/6019, Loss: 0.1432
  Batch 1300/6019, Loss: 0.0839
  Batch 1400/6019, Loss: 0.1420
  Batch 1500/6019, Loss: 0.1280
  Batch 1600/6019, Loss: 0.0804
  Batch 1700/6019, Loss: 0.0685
  Batch 1800/6019, Loss: 0.1347
  Batch 1900/6019, Loss: 0.0627
  Batch 2000/6019, Loss: 0.0664
  Batch 2100/6019, Loss: 0.0973
  Batch 2200/6019, Loss: 0.0903
  Batch 2300/6019, Loss: 0.0996
  Batch 2400/6019, Loss: 0.0780
  Batch 2500/6019, Loss: 0.0892
  Batch 2600/6019, Loss: 0.0739
  Batch 2700/6019, Loss: 0.0928
  Batch 2800/6019, Loss: 0.1380
  Batch 2900/6019, Loss: 0.0861
  Batch 3000/6019, Loss: 0.1132
  Batch 3100/6019, Loss: 0.1457
  Batch 3200/6019, Loss: 0.0866
  Batch 3300/6019, Loss: 0.0776
  Batch 3400/6019, Loss: 0.0862
  Batch 3500/6019, Loss: 0.0956
  Batch 3600/6019, Loss: 0.1083
  Batch 3700/6019, Loss: 0.0771
  Batch 3800/6019, Loss: 0.0815
  Batch 3900/6019, Loss: 0.1192
  Batch 4000/6019, Loss: 0.1489
  Batch 4100/6019, Loss: 0.1155
  Batch 4200/6019, Loss: 0.1221
  Batch 4300/6019, Loss: 0.0882
  Batch 4400/6019, Loss: 0.0770
  Batch 4500/6019, Loss: 0.0798
  Batch 4600/6019, Loss: 0.1069
  Batch 4700/6019, Loss: 0.0835
  Batch 4800/6019, Loss: 0.1118
  Batch 4900/6019, Loss: 0.0812
  Batch 5000/6019, Loss: 0.0786
  Batch 5100/6019, Loss: 0.1032
  Batch 5200/6019, Loss: 0.0993
  Batch 5300/6019, Loss: 0.1085
  Batch 5400/6019, Loss: 0.0609
  Batch 5500/6019, Loss: 0.0674
  Batch 5600/6019, Loss: 0.1393
  Batch 5700/6019, Loss: 0.1204
  Batch 5800/6019, Loss: 0.0953
  Batch 5900/6019, Loss: 0.1073
  Batch 6000/6019, Loss: 0.0745
Train Loss: 0.1019
Val Loss: 0.3226, Val Macro F1: 0.8170
Per-class F1 scores:
  Class 0: 0.9565
  Class 1: 0.6737 (tonal speech)
  Class 2: 0.7945
  Class 3: 0.6194 (env/music)
  Class 4: 0.9424
  Class 5: 0.9157
Confusion between Similar Classes:
  Class 0→1:  2780 | Class 1→0:  2955
  Class 2→3:  3131 | Class 3→2:  2260
Current learning rate: 0.000946
✓ Saved best model with Val F1: 0.8170

============================================================
Epoch 20/50
============================================================
  Batch 0/6019, Loss: 0.1311
  Batch 100/6019, Loss: 0.0803
  Batch 200/6019, Loss: 0.0996
  Batch 300/6019, Loss: 0.0754
  Batch 400/6019, Loss: 0.1062
  Batch 500/6019, Loss: 0.1161
  Batch 600/6019, Loss: 0.1101
  Batch 700/6019, Loss: 0.0800
  Batch 800/6019, Loss: 0.1053
  Batch 900/6019, Loss: 0.0855
  Batch 1000/6019, Loss: 0.0926
  Batch 1100/6019, Loss: 0.0703
  Batch 1200/6019, Loss: 0.1081
  Batch 1300/6019, Loss: 0.1085
  Batch 1400/6019, Loss: 0.1123
  Batch 1500/6019, Loss: 0.0822
  Batch 1600/6019, Loss: 0.1077
  Batch 1700/6019, Loss: 0.1155
  Batch 1800/6019, Loss: 0.0912
  Batch 1900/6019, Loss: 0.0791
  Batch 2000/6019, Loss: 0.1055
  Batch 2100/6019, Loss: 0.0662
  Batch 2200/6019, Loss: 0.0673
  Batch 2300/6019, Loss: 0.0842
  Batch 2400/6019, Loss: 0.0519
  Batch 2500/6019, Loss: 0.0761
  Batch 2600/6019, Loss: 0.0856
  Batch 2700/6019, Loss: 0.1145
  Batch 2800/6019, Loss: 0.1347
  Batch 2900/6019, Loss: 0.0999
  Batch 3000/6019, Loss: 0.0918
  Batch 3100/6019, Loss: 0.0758
  Batch 3200/6019, Loss: 0.0932
  Batch 3300/6019, Loss: 0.0858
  Batch 3400/6019, Loss: 0.0695
  Batch 3500/6019, Loss: 0.0868
  Batch 3600/6019, Loss: 0.1277
  Batch 3700/6019, Loss: 0.1146
  Batch 3800/6019, Loss: 0.1387
  Batch 3900/6019, Loss: 0.0789
  Batch 4000/6019, Loss: 0.1276
  Batch 4100/6019, Loss: 0.0634
  Batch 4200/6019, Loss: 0.1211
  Batch 4300/6019, Loss: 0.0993
  Batch 4400/6019, Loss: 0.1175
  Batch 4500/6019, Loss: 0.0739
  Batch 4600/6019, Loss: 0.1026
  Batch 4700/6019, Loss: 0.0657
  Batch 4800/6019, Loss: 0.1116
  Batch 4900/6019, Loss: 0.0940
  Batch 5000/6019, Loss: 0.1272
  Batch 5100/6019, Loss: 0.1327
  Batch 5200/6019, Loss: 0.0729
  Batch 5300/6019, Loss: 0.1105
  Batch 5400/6019, Loss: 0.0635
  Batch 5500/6019, Loss: 0.0735
  Batch 5600/6019, Loss: 0.1303
  Batch 5700/6019, Loss: 0.0751
  Batch 5800/6019, Loss: 0.0703
  Batch 5900/6019, Loss: 0.1076
  Batch 6000/6019, Loss: 0.1980
Train Loss: 0.1002
Val Loss: 0.2948, Val Macro F1: 0.7830
Per-class F1 scores:
  Class 0: 0.9631
  Class 1: 0.6410 (tonal speech)
  Class 2: 0.8286
  Class 3: 0.3990 (env/music)
  Class 4: 0.9487
  Class 5: 0.9180
Confusion between Similar Classes:
  Class 0→1:   492 | Class 1→0:  4491
  Class 2→3:   430 | Class 3→2:  4942
Current learning rate: 0.000905

============================================================
Epoch 21/50
============================================================
  Batch 0/6019, Loss: 0.0802
  Batch 100/6019, Loss: 0.1290
  Batch 200/6019, Loss: 0.1569
  Batch 300/6019, Loss: 0.0952
  Batch 400/6019, Loss: 0.0913
  Batch 500/6019, Loss: 0.0893
  Batch 600/6019, Loss: 0.1051
  Batch 700/6019, Loss: 0.1099
  Batch 800/6019, Loss: 0.0839
  Batch 900/6019, Loss: 0.0893
  Batch 1000/6019, Loss: 0.0697
  Batch 1100/6019, Loss: 0.1017
  Batch 1200/6019, Loss: 0.0842
  Batch 1300/6019, Loss: 0.1158
  Batch 1400/6019, Loss: 0.0760
  Batch 1500/6019, Loss: 0.1002
  Batch 1600/6019, Loss: 0.0896
  Batch 1700/6019, Loss: 0.1125
  Batch 1800/6019, Loss: 0.0963
  Batch 1900/6019, Loss: 0.1144
  Batch 2000/6019, Loss: 0.0755
  Batch 2100/6019, Loss: 0.1084
  Batch 2200/6019, Loss: 0.0605
  Batch 2300/6019, Loss: 0.1098
  Batch 2400/6019, Loss: 0.0953
  Batch 2500/6019, Loss: 0.0785
  Batch 2600/6019, Loss: 0.1519
  Batch 2700/6019, Loss: 0.1155
  Batch 2800/6019, Loss: 0.0849
  Batch 2900/6019, Loss: 0.0890
  Batch 3000/6019, Loss: 0.0726
  Batch 3100/6019, Loss: 0.1204
  Batch 3200/6019, Loss: 0.1117
  Batch 3300/6019, Loss: 0.1157
  Batch 3400/6019, Loss: 0.0711
  Batch 3500/6019, Loss: 0.0681
  Batch 3600/6019, Loss: 0.0568
  Batch 3700/6019, Loss: 0.0885
  Batch 3800/6019, Loss: 0.0779
  Batch 3900/6019, Loss: 0.0797
  Batch 4000/6019, Loss: 0.0630
  Batch 4100/6019, Loss: 0.1069
  Batch 4200/6019, Loss: 0.1261
  Batch 4300/6019, Loss: 0.0789
  Batch 4400/6019, Loss: 0.1426
  Batch 4500/6019, Loss: 0.0769
  Batch 4600/6019, Loss: 0.1296
  Batch 4700/6019, Loss: 0.0980
  Batch 4800/6019, Loss: 0.1356
  Batch 4900/6019, Loss: 0.1229
  Batch 5000/6019, Loss: 0.0775
  Batch 5100/6019, Loss: 0.1086
  Batch 5200/6019, Loss: 0.1497
  Batch 5300/6019, Loss: 0.0930
  Batch 5400/6019, Loss: 0.0740
  Batch 5500/6019, Loss: 0.0792
  Batch 5600/6019, Loss: 0.0704
  Batch 5700/6019, Loss: 0.0735
  Batch 5800/6019, Loss: 0.0932
  Batch 5900/6019, Loss: 0.0688
  Batch 6000/6019, Loss: 0.1037
Train Loss: 0.0988
Val Loss: 0.3189, Val Macro F1: 0.8115
Per-class F1 scores:
  Class 0: 0.9627
  Class 1: 0.6792 (tonal speech)
  Class 2: 0.8354
  Class 3: 0.5136 (env/music)
  Class 4: 0.9495
  Class 5: 0.9287
Confusion between Similar Classes:
  Class 0→1:  1289 | Class 1→0:  3674
  Class 2→3:   846 | Class 3→2:  4135
Current learning rate: 0.000854

============================================================
Epoch 22/50
============================================================
  Batch 0/6019, Loss: 0.0806
  Batch 100/6019, Loss: 0.1028
  Batch 200/6019, Loss: 0.0983
  Batch 300/6019, Loss: 0.0976
  Batch 400/6019, Loss: 0.0864
  Batch 500/6019, Loss: 0.1225
  Batch 600/6019, Loss: 0.0857
  Batch 700/6019, Loss: 0.0935
  Batch 800/6019, Loss: 0.1043
  Batch 900/6019, Loss: 0.0928
  Batch 1000/6019, Loss: 0.0939
  Batch 1100/6019, Loss: 0.1059
  Batch 1200/6019, Loss: 0.0761
  Batch 1300/6019, Loss: 0.0899
  Batch 1400/6019, Loss: 0.0689
  Batch 1500/6019, Loss: 0.0979
  Batch 1600/6019, Loss: 0.0518
  Batch 1700/6019, Loss: 0.0873
  Batch 1800/6019, Loss: 0.0914
  Batch 1900/6019, Loss: 0.0844
  Batch 2000/6019, Loss: 0.0899
  Batch 2100/6019, Loss: 0.1049
  Batch 2200/6019, Loss: 0.1142
  Batch 2300/6019, Loss: 0.0938
  Batch 2400/6019, Loss: 0.1232
  Batch 2500/6019, Loss: 0.0693
  Batch 2600/6019, Loss: 0.1147
  Batch 2700/6019, Loss: 0.1219
  Batch 2800/6019, Loss: 0.0923
  Batch 2900/6019, Loss: 0.0751
  Batch 3000/6019, Loss: 0.0930
  Batch 3100/6019, Loss: 0.0913
  Batch 3200/6019, Loss: 0.0747
  Batch 3300/6019, Loss: 0.0983
  Batch 3400/6019, Loss: 0.0799
  Batch 3500/6019, Loss: 0.1102
  Batch 3600/6019, Loss: 0.1048
  Batch 3700/6019, Loss: 0.0613
  Batch 3800/6019, Loss: 0.1217
  Batch 3900/6019, Loss: 0.0894
  Batch 4000/6019, Loss: 0.0843
  Batch 4100/6019, Loss: 0.0899
  Batch 4200/6019, Loss: 0.0934
  Batch 4300/6019, Loss: 0.0834
  Batch 4400/6019, Loss: 0.1003
  Batch 4500/6019, Loss: 0.0573
  Batch 4600/6019, Loss: 0.1148
  Batch 4700/6019, Loss: 0.1084
  Batch 4800/6019, Loss: 0.1042
  Batch 4900/6019, Loss: 0.1257
  Batch 5000/6019, Loss: 0.1489
  Batch 5100/6019, Loss: 0.0630
  Batch 5200/6019, Loss: 0.1183
  Batch 5300/6019, Loss: 0.1232
  Batch 5400/6019, Loss: 0.0702
  Batch 5500/6019, Loss: 0.1181
  Batch 5600/6019, Loss: 0.1001
  Batch 5700/6019, Loss: 0.1562
  Batch 5800/6019, Loss: 0.1319
  Batch 5900/6019, Loss: 0.0909
  Batch 6000/6019, Loss: 0.0900
Train Loss: 0.0975
Val Loss: 0.2948, Val Macro F1: 0.8243
Per-class F1 scores:
  Class 0: 0.9616
  Class 1: 0.6903 (tonal speech)
  Class 2: 0.8239
  Class 3: 0.6148 (env/music)
  Class 4: 0.9421
  Class 5: 0.9132
Confusion between Similar Classes:
  Class 0→1:  1694 | Class 1→0:  3330
  Class 2→3:  2082 | Class 3→2:  2730
Current learning rate: 0.000794
✓ Saved best model with Val F1: 0.8243

============================================================
Epoch 23/50
============================================================
  Batch 0/6019, Loss: 0.0614
  Batch 100/6019, Loss: 0.0617
  Batch 200/6019, Loss: 0.0606
  Batch 300/6019, Loss: 0.0971
  Batch 400/6019, Loss: 0.0792
  Batch 500/6019, Loss: 0.1038
  Batch 600/6019, Loss: 0.0774
  Batch 700/6019, Loss: 0.0610
  Batch 800/6019, Loss: 0.0992
  Batch 900/6019, Loss: 0.0790
  Batch 1000/6019, Loss: 0.0817
  Batch 1100/6019, Loss: 0.1103
  Batch 1200/6019, Loss: 0.0704
  Batch 1300/6019, Loss: 0.0865
  Batch 1400/6019, Loss: 0.0894
  Batch 1500/6019, Loss: 0.1303
  Batch 1600/6019, Loss: 0.0965
  Batch 1700/6019, Loss: 0.0989
  Batch 1800/6019, Loss: 0.0935
  Batch 1900/6019, Loss: 0.0984
  Batch 2000/6019, Loss: 0.0791
  Batch 2100/6019, Loss: 0.0835
  Batch 2200/6019, Loss: 0.1280
  Batch 2300/6019, Loss: 0.0920
  Batch 2400/6019, Loss: 0.1017
  Batch 2500/6019, Loss: 0.0979
  Batch 2600/6019, Loss: 0.0579
  Batch 2700/6019, Loss: 0.0913
  Batch 2800/6019, Loss: 0.0730
  Batch 2900/6019, Loss: 0.0914
  Batch 3000/6019, Loss: 0.0904
  Batch 3100/6019, Loss: 0.0885
  Batch 3200/6019, Loss: 0.0801
  Batch 3300/6019, Loss: 0.0600
  Batch 3400/6019, Loss: 0.0912
  Batch 3500/6019, Loss: 0.1186
  Batch 3600/6019, Loss: 0.1163
  Batch 3700/6019, Loss: 0.0957
  Batch 3800/6019, Loss: 0.0746
  Batch 3900/6019, Loss: 0.1313
  Batch 4000/6019, Loss: 0.0738
  Batch 4100/6019, Loss: 0.1040
  Batch 4200/6019, Loss: 0.0726
  Batch 4300/6019, Loss: 0.0663
  Batch 4400/6019, Loss: 0.0645
  Batch 4500/6019, Loss: 0.1405
  Batch 4600/6019, Loss: 0.0759
  Batch 4700/6019, Loss: 0.0751
  Batch 4800/6019, Loss: 0.1013
  Batch 4900/6019, Loss: 0.0808
  Batch 5000/6019, Loss: 0.0715
  Batch 5100/6019, Loss: 0.1172
  Batch 5200/6019, Loss: 0.0923
  Batch 5300/6019, Loss: 0.0886
  Batch 5400/6019, Loss: 0.0966
  Batch 5500/6019, Loss: 0.1235
  Batch 5600/6019, Loss: 0.0648
  Batch 5700/6019, Loss: 0.0885
  Batch 5800/6019, Loss: 0.0733
  Batch 5900/6019, Loss: 0.0790
  Batch 6000/6019, Loss: 0.0963
Train Loss: 0.0958
Val Loss: 0.2909, Val Macro F1: 0.8016
Per-class F1 scores:
  Class 0: 0.9634
  Class 1: 0.6688 (tonal speech)
  Class 2: 0.8354
  Class 3: 0.4699 (env/music)
  Class 4: 0.9504
  Class 5: 0.9218
Confusion between Similar Classes:
  Class 0→1:   952 | Class 1→0:  3932
  Class 2→3:   602 | Class 3→2:  4468
Current learning rate: 0.000727

============================================================
Epoch 24/50
============================================================
  Batch 0/6019, Loss: 0.1000
  Batch 100/6019, Loss: 0.0932
  Batch 200/6019, Loss: 0.0966
  Batch 300/6019, Loss: 0.0806
  Batch 400/6019, Loss: 0.1380
  Batch 500/6019, Loss: 0.1161
  Batch 600/6019, Loss: 0.0881
  Batch 700/6019, Loss: 0.0921
  Batch 800/6019, Loss: 0.0655
  Batch 900/6019, Loss: 0.1130
  Batch 1000/6019, Loss: 0.0815
  Batch 1100/6019, Loss: 0.0948
  Batch 1200/6019, Loss: 0.0926
  Batch 1300/6019, Loss: 0.1221
  Batch 1400/6019, Loss: 0.0863
  Batch 1500/6019, Loss: 0.0974
  Batch 1600/6019, Loss: 0.1060
  Batch 1700/6019, Loss: 0.0791
  Batch 1800/6019, Loss: 0.0991
  Batch 1900/6019, Loss: 0.1032
  Batch 2000/6019, Loss: 0.1671
  Batch 2100/6019, Loss: 0.0908
  Batch 2200/6019, Loss: 0.0976
  Batch 2300/6019, Loss: 0.0766
  Batch 2400/6019, Loss: 0.0952
  Batch 2500/6019, Loss: 0.0761
  Batch 2600/6019, Loss: 0.1171
  Batch 2700/6019, Loss: 0.1095
  Batch 2800/6019, Loss: 0.0687
  Batch 2900/6019, Loss: 0.0952
  Batch 3000/6019, Loss: 0.0857
  Batch 3100/6019, Loss: 0.0931
  Batch 3200/6019, Loss: 0.0660
  Batch 3300/6019, Loss: 0.0724
  Batch 3400/6019, Loss: 0.0595
  Batch 3500/6019, Loss: 0.1219
  Batch 3600/6019, Loss: 0.0731
  Batch 3700/6019, Loss: 0.1040
  Batch 3800/6019, Loss: 0.0799
  Batch 3900/6019, Loss: 0.0636
  Batch 4000/6019, Loss: 0.1220
  Batch 4100/6019, Loss: 0.0672
  Batch 4200/6019, Loss: 0.0684
  Batch 4300/6019, Loss: 0.1283
  Batch 4400/6019, Loss: 0.1224
  Batch 4500/6019, Loss: 0.0993
  Batch 4600/6019, Loss: 0.0888
  Batch 4700/6019, Loss: 0.0736
  Batch 4800/6019, Loss: 0.0781
  Batch 4900/6019, Loss: 0.0784
  Batch 5000/6019, Loss: 0.0777
  Batch 5100/6019, Loss: 0.0633
  Batch 5200/6019, Loss: 0.0610
  Batch 5300/6019, Loss: 0.0982
  Batch 5400/6019, Loss: 0.1003
  Batch 5500/6019, Loss: 0.0736
  Batch 5600/6019, Loss: 0.1134
  Batch 5700/6019, Loss: 0.0890
  Batch 5800/6019, Loss: 0.1292
  Batch 5900/6019, Loss: 0.1466
  Batch 6000/6019, Loss: 0.0836
Train Loss: 0.0944
Val Loss: 0.2958, Val Macro F1: 0.8099
Per-class F1 scores:
  Class 0: 0.9646
  Class 1: 0.6914 (tonal speech)
  Class 2: 0.8358
  Class 3: 0.4917 (env/music)
  Class 4: 0.9524
  Class 5: 0.9239
Confusion between Similar Classes:
  Class 0→1:  1122 | Class 1→0:  3595
  Class 2→3:   740 | Class 3→2:  4281
Current learning rate: 0.000655

============================================================
Epoch 25/50
============================================================
  Batch 0/6019, Loss: 0.0595
  Batch 100/6019, Loss: 0.1067
  Batch 200/6019, Loss: 0.0553
  Batch 300/6019, Loss: 0.0994
  Batch 400/6019, Loss: 0.0901
  Batch 500/6019, Loss: 0.1154
  Batch 600/6019, Loss: 0.0791
  Batch 700/6019, Loss: 0.0967
  Batch 800/6019, Loss: 0.0920
  Batch 900/6019, Loss: 0.0837
  Batch 1000/6019, Loss: 0.0954
  Batch 1100/6019, Loss: 0.0607
  Batch 1200/6019, Loss: 0.0912
  Batch 1300/6019, Loss: 0.0895
  Batch 1400/6019, Loss: 0.0954
  Batch 1500/6019, Loss: 0.0827
  Batch 1600/6019, Loss: 0.0854
  Batch 1700/6019, Loss: 0.0999
  Batch 1800/6019, Loss: 0.1053
  Batch 1900/6019, Loss: 0.0644
  Batch 2000/6019, Loss: 0.0861
  Batch 2100/6019, Loss: 0.0719
  Batch 2200/6019, Loss: 0.1336
  Batch 2300/6019, Loss: 0.0978
  Batch 2400/6019, Loss: 0.0841
  Batch 2500/6019, Loss: 0.0945
  Batch 2600/6019, Loss: 0.0807
  Batch 2700/6019, Loss: 0.0643
  Batch 2800/6019, Loss: 0.0842
  Batch 2900/6019, Loss: 0.1078
  Batch 3000/6019, Loss: 0.1015
  Batch 3100/6019, Loss: 0.0918
  Batch 3200/6019, Loss: 0.0881
  Batch 3300/6019, Loss: 0.0987
  Batch 3400/6019, Loss: 0.0681
  Batch 3500/6019, Loss: 0.0755
  Batch 3600/6019, Loss: 0.0817
  Batch 3700/6019, Loss: 0.0603
  Batch 3800/6019, Loss: 0.0944
  Batch 3900/6019, Loss: 0.0857
  Batch 4000/6019, Loss: 0.0821
  Batch 4100/6019, Loss: 0.0938
  Batch 4200/6019, Loss: 0.0736
  Batch 4300/6019, Loss: 0.0860
  Batch 4400/6019, Loss: 0.0908
  Batch 4500/6019, Loss: 0.1051
  Batch 4600/6019, Loss: 0.0694
  Batch 4700/6019, Loss: 0.0887
  Batch 4800/6019, Loss: 0.0714
  Batch 4900/6019, Loss: 0.0567
  Batch 5000/6019, Loss: 0.0822
  Batch 5100/6019, Loss: 0.0765
  Batch 5200/6019, Loss: 0.1153
  Batch 5300/6019, Loss: 0.0740
  Batch 5400/6019, Loss: 0.1101
  Batch 5500/6019, Loss: 0.0871
  Batch 5600/6019, Loss: 0.0791
  Batch 5700/6019, Loss: 0.1132
  Batch 5800/6019, Loss: 0.0839
  Batch 5900/6019, Loss: 0.0844
  Batch 6000/6019, Loss: 0.0913
Train Loss: 0.0930
Val Loss: 0.3016, Val Macro F1: 0.8292
Per-class F1 scores:
  Class 0: 0.9604
  Class 1: 0.6984 (tonal speech)
  Class 2: 0.8404
  Class 3: 0.5825 (env/music)
  Class 4: 0.9578
  Class 5: 0.9358
Confusion between Similar Classes:
  Class 0→1:  2385 | Class 1→0:  2846
  Class 2→3:  1197 | Class 3→2:  3516
Current learning rate: 0.000579
✓ Saved best model with Val F1: 0.8292

============================================================
Epoch 26/50
============================================================
  Batch 0/6019, Loss: 0.0967
  Batch 100/6019, Loss: 0.0709
  Batch 200/6019, Loss: 0.0710
  Batch 300/6019, Loss: 0.1232
  Batch 400/6019, Loss: 0.0953
  Batch 500/6019, Loss: 0.0585
  Batch 600/6019, Loss: 0.0850
  Batch 700/6019, Loss: 0.1584
  Batch 800/6019, Loss: 0.1109
  Batch 900/6019, Loss: 0.1026
  Batch 1000/6019, Loss: 0.0751
  Batch 1100/6019, Loss: 0.0820
  Batch 1200/6019, Loss: 0.0944
  Batch 1300/6019, Loss: 0.1143
  Batch 1400/6019, Loss: 0.0854
  Batch 1500/6019, Loss: 0.1099
  Batch 1600/6019, Loss: 0.0890
  Batch 1700/6019, Loss: 0.1017
  Batch 1800/6019, Loss: 0.1284
  Batch 1900/6019, Loss: 0.1335
  Batch 2000/6019, Loss: 0.1081
  Batch 2100/6019, Loss: 0.0985
  Batch 2200/6019, Loss: 0.0901
  Batch 2300/6019, Loss: 0.0894
  Batch 2400/6019, Loss: 0.0925
  Batch 2500/6019, Loss: 0.0935
  Batch 2600/6019, Loss: 0.0994
  Batch 2700/6019, Loss: 0.0810
  Batch 2800/6019, Loss: 0.0971
  Batch 2900/6019, Loss: 0.1181
  Batch 3000/6019, Loss: 0.0708
  Batch 3100/6019, Loss: 0.1042
  Batch 3200/6019, Loss: 0.0767
  Batch 3300/6019, Loss: 0.1168
  Batch 3400/6019, Loss: 0.1220
  Batch 3500/6019, Loss: 0.0812
  Batch 3600/6019, Loss: 0.0664
  Batch 3700/6019, Loss: 0.0987
  Batch 3800/6019, Loss: 0.1003
  Batch 3900/6019, Loss: 0.0695
  Batch 4000/6019, Loss: 0.0640
  Batch 4100/6019, Loss: 0.0746
  Batch 4200/6019, Loss: 0.0645
  Batch 4300/6019, Loss: 0.0985
  Batch 4400/6019, Loss: 0.1386
  Batch 4500/6019, Loss: 0.0622
  Batch 4600/6019, Loss: 0.0899
  Batch 4700/6019, Loss: 0.0478
  Batch 4800/6019, Loss: 0.0711
  Batch 4900/6019, Loss: 0.0956
  Batch 5000/6019, Loss: 0.0900
  Batch 5100/6019, Loss: 0.1151
  Batch 5200/6019, Loss: 0.1154
  Batch 5300/6019, Loss: 0.0721
  Batch 5400/6019, Loss: 0.0723
  Batch 5500/6019, Loss: 0.0882
  Batch 5600/6019, Loss: 0.0863
  Batch 5700/6019, Loss: 0.0950
  Batch 5800/6019, Loss: 0.0518
  Batch 5900/6019, Loss: 0.0755
  Batch 6000/6019, Loss: 0.0873
Train Loss: 0.0912
Val Loss: 0.2680, Val Macro F1: 0.8166
Per-class F1 scores:
  Class 0: 0.9652
  Class 1: 0.6960 (tonal speech)
  Class 2: 0.8367
  Class 3: 0.5172 (env/music)
  Class 4: 0.9588
  Class 5: 0.9255
Confusion between Similar Classes:
  Class 0→1:  1048 | Class 1→0:  3602
  Class 2→3:   814 | Class 3→2:  4087
Current learning rate: 0.000501

============================================================
Epoch 27/50
============================================================
  Batch 0/6019, Loss: 0.1067
  Batch 100/6019, Loss: 0.0873
  Batch 200/6019, Loss: 0.1069
  Batch 300/6019, Loss: 0.0796
  Batch 400/6019, Loss: 0.1057
  Batch 500/6019, Loss: 0.0788
  Batch 600/6019, Loss: 0.0578
  Batch 700/6019, Loss: 0.1289
  Batch 800/6019, Loss: 0.0757
  Batch 900/6019, Loss: 0.1427
  Batch 1000/6019, Loss: 0.1414
  Batch 1100/6019, Loss: 0.1018
  Batch 1200/6019, Loss: 0.0752
  Batch 1300/6019, Loss: 0.0881
  Batch 1400/6019, Loss: 0.0792
  Batch 1500/6019, Loss: 0.0761
  Batch 1600/6019, Loss: 0.1134
  Batch 1700/6019, Loss: 0.0993
  Batch 1800/6019, Loss: 0.0835
  Batch 1900/6019, Loss: 0.0658
  Batch 2000/6019, Loss: 0.0582
  Batch 2100/6019, Loss: 0.0789
  Batch 2200/6019, Loss: 0.0982
  Batch 2300/6019, Loss: 0.0654
  Batch 2400/6019, Loss: 0.0640
  Batch 2500/6019, Loss: 0.0890
  Batch 2600/6019, Loss: 0.1003
  Batch 2700/6019, Loss: 0.0726
  Batch 2800/6019, Loss: 0.1021
  Batch 2900/6019, Loss: 0.1294
  Batch 3000/6019, Loss: 0.0896
  Batch 3100/6019, Loss: 0.0643
  Batch 3200/6019, Loss: 0.0840
  Batch 3300/6019, Loss: 0.0465
  Batch 3400/6019, Loss: 0.0715
  Batch 3500/6019, Loss: 0.0956
  Batch 3600/6019, Loss: 0.1116
  Batch 3700/6019, Loss: 0.0997
  Batch 3800/6019, Loss: 0.1129
  Batch 3900/6019, Loss: 0.0567
  Batch 4000/6019, Loss: 0.1250
  Batch 4100/6019, Loss: 0.1241
  Batch 4200/6019, Loss: 0.0689
  Batch 4300/6019, Loss: 0.0818
  Batch 4400/6019, Loss: 0.1056
  Batch 4500/6019, Loss: 0.0825
  Batch 4600/6019, Loss: 0.1222
  Batch 4700/6019, Loss: 0.0587
  Batch 4800/6019, Loss: 0.0631
  Batch 4900/6019, Loss: 0.0679
  Batch 5000/6019, Loss: 0.1087
  Batch 5100/6019, Loss: 0.1372
  Batch 5200/6019, Loss: 0.0793
  Batch 5300/6019, Loss: 0.0599
  Batch 5400/6019, Loss: 0.0844
  Batch 5500/6019, Loss: 0.1020
  Batch 5600/6019, Loss: 0.0954
  Batch 5700/6019, Loss: 0.1010
  Batch 5800/6019, Loss: 0.0674
  Batch 5900/6019, Loss: 0.0760
  Batch 6000/6019, Loss: 0.0892
Train Loss: 0.0898
Val Loss: 0.2786, Val Macro F1: 0.8235
Per-class F1 scores:
  Class 0: 0.9637
  Class 1: 0.7077 (tonal speech)
  Class 2: 0.8362
  Class 3: 0.5790 (env/music)
  Class 4: 0.9394
  Class 5: 0.9148
Confusion between Similar Classes:
  Class 0→1:  1787 | Class 1→0:  3032
  Class 2→3:  1300 | Class 3→2:  3399
Current learning rate: 0.000422

============================================================
Epoch 28/50
============================================================
  Batch 0/6019, Loss: 0.1014
  Batch 100/6019, Loss: 0.0885
  Batch 200/6019, Loss: 0.0514
  Batch 300/6019, Loss: 0.0919
  Batch 400/6019, Loss: 0.0907
  Batch 500/6019, Loss: 0.0988
  Batch 600/6019, Loss: 0.0827
  Batch 700/6019, Loss: 0.0725
  Batch 800/6019, Loss: 0.1095
  Batch 900/6019, Loss: 0.1195
  Batch 1000/6019, Loss: 0.1033
  Batch 1100/6019, Loss: 0.0687
  Batch 1200/6019, Loss: 0.1080
  Batch 1300/6019, Loss: 0.0923
  Batch 1400/6019, Loss: 0.1072
  Batch 1500/6019, Loss: 0.1002
  Batch 1600/6019, Loss: 0.0845
  Batch 1700/6019, Loss: 0.1055
  Batch 1800/6019, Loss: 0.0807
  Batch 1900/6019, Loss: 0.0729
  Batch 2000/6019, Loss: 0.0888
  Batch 2100/6019, Loss: 0.0851
  Batch 2200/6019, Loss: 0.0829
  Batch 2300/6019, Loss: 0.0946
  Batch 2400/6019, Loss: 0.0891
  Batch 2500/6019, Loss: 0.0875
  Batch 2600/6019, Loss: 0.0688
  Batch 2700/6019, Loss: 0.1011
  Batch 2800/6019, Loss: 0.1099
  Batch 2900/6019, Loss: 0.1332
  Batch 3000/6019, Loss: 0.0584
  Batch 3100/6019, Loss: 0.0583
  Batch 3200/6019, Loss: 0.0756
  Batch 3300/6019, Loss: 0.0512
  Batch 3400/6019, Loss: 0.0640
  Batch 3500/6019, Loss: 0.0672
  Batch 3600/6019, Loss: 0.1470
  Batch 3700/6019, Loss: 0.1021
  Batch 3800/6019, Loss: 0.0658
  Batch 3900/6019, Loss: 0.0836
  Batch 4000/6019, Loss: 0.0891
  Batch 4100/6019, Loss: 0.1017
  Batch 4200/6019, Loss: 0.1419
  Batch 4300/6019, Loss: 0.1078
  Batch 4400/6019, Loss: 0.0705
  Batch 4500/6019, Loss: 0.0965
  Batch 4600/6019, Loss: 0.1414
  Batch 4700/6019, Loss: 0.0893
  Batch 4800/6019, Loss: 0.2186
  Batch 4900/6019, Loss: 0.0788
  Batch 5000/6019, Loss: 0.0845
  Batch 5100/6019, Loss: 0.0711
  Batch 5200/6019, Loss: 0.0788
  Batch 5300/6019, Loss: 0.0929
  Batch 5400/6019, Loss: 0.1064
  Batch 5500/6019, Loss: 0.0777
  Batch 5600/6019, Loss: 0.1081
  Batch 5700/6019, Loss: 0.0829
  Batch 5800/6019, Loss: 0.1098
  Batch 5900/6019, Loss: 0.0671
  Batch 6000/6019, Loss: 0.1013
Train Loss: 0.0880
Val Loss: 0.2865, Val Macro F1: 0.8106
Per-class F1 scores:
  Class 0: 0.9653
  Class 1: 0.7052 (tonal speech)
  Class 2: 0.8365
  Class 3: 0.4811 (env/music)
  Class 4: 0.9527
  Class 5: 0.9225
Confusion between Similar Classes:
  Class 0→1:  1186 | Class 1→0:  3410
  Class 2→3:   604 | Class 3→2:  4376
Current learning rate: 0.000346

============================================================
Epoch 29/50
============================================================
  Batch 0/6019, Loss: 0.0889
  Batch 100/6019, Loss: 0.0865
  Batch 200/6019, Loss: 0.0948
  Batch 300/6019, Loss: 0.0579
  Batch 400/6019, Loss: 0.0734
  Batch 500/6019, Loss: 0.1165
  Batch 600/6019, Loss: 0.0830
  Batch 700/6019, Loss: 0.0848
  Batch 800/6019, Loss: 0.1072
  Batch 900/6019, Loss: 0.0762
  Batch 1000/6019, Loss: 0.1008
  Batch 1100/6019, Loss: 0.1229
  Batch 1200/6019, Loss: 0.0715
  Batch 1300/6019, Loss: 0.0638
  Batch 1400/6019, Loss: 0.0778
  Batch 1500/6019, Loss: 0.0613
  Batch 1600/6019, Loss: 0.0616
  Batch 1700/6019, Loss: 0.0761
  Batch 1800/6019, Loss: 0.0941
  Batch 1900/6019, Loss: 0.0754
  Batch 2000/6019, Loss: 0.1078
  Batch 2100/6019, Loss: 0.0905
  Batch 2200/6019, Loss: 0.0629
  Batch 2300/6019, Loss: 0.0862
  Batch 2400/6019, Loss: 0.1172
  Batch 2500/6019, Loss: 0.1099
  Batch 2600/6019, Loss: 0.0641
  Batch 2700/6019, Loss: 0.0797
  Batch 2800/6019, Loss: 0.0796
  Batch 2900/6019, Loss: 0.1556
  Batch 3000/6019, Loss: 0.0529
  Batch 3100/6019, Loss: 0.1041
  Batch 3200/6019, Loss: 0.0741
  Batch 3300/6019, Loss: 0.1350
  Batch 3400/6019, Loss: 0.0777
  Batch 3500/6019, Loss: 0.0845
  Batch 3600/6019, Loss: 0.1072
  Batch 3700/6019, Loss: 0.0735
  Batch 3800/6019, Loss: 0.0840
  Batch 3900/6019, Loss: 0.0825
  Batch 4000/6019, Loss: 0.1249
  Batch 4100/6019, Loss: 0.0614
  Batch 4200/6019, Loss: 0.0811
  Batch 4300/6019, Loss: 0.0829
  Batch 4400/6019, Loss: 0.0747
  Batch 4500/6019, Loss: 0.0971
  Batch 4600/6019, Loss: 0.0796
  Batch 4700/6019, Loss: 0.1223
  Batch 4800/6019, Loss: 0.0967
  Batch 4900/6019, Loss: 0.0650
  Batch 5000/6019, Loss: 0.0746
  Batch 5100/6019, Loss: 0.0731
  Batch 5200/6019, Loss: 0.0796
  Batch 5300/6019, Loss: 0.0978
  Batch 5400/6019, Loss: 0.1078
  Batch 5500/6019, Loss: 0.0736
  Batch 5600/6019, Loss: 0.0770
  Batch 5700/6019, Loss: 0.0983
  Batch 5800/6019, Loss: 0.0623
  Batch 5900/6019, Loss: 0.0999
  Batch 6000/6019, Loss: 0.0995
Train Loss: 0.0865
Val Loss: 0.2698, Val Macro F1: 0.8248
Per-class F1 scores:
  Class 0: 0.9657
  Class 1: 0.6875 (tonal speech)
  Class 2: 0.8389
  Class 3: 0.5803 (env/music)
  Class 4: 0.9589
  Class 5: 0.9177
Confusion between Similar Classes:
  Class 0→1:   801 | Class 1→0:  3803
  Class 2→3:  1200 | Class 3→2:  3436
Current learning rate: 0.000274

============================================================
Epoch 30/50
============================================================
  Batch 0/6019, Loss: 0.0895
  Batch 100/6019, Loss: 0.1146
  Batch 200/6019, Loss: 0.0670
  Batch 300/6019, Loss: 0.0826
  Batch 400/6019, Loss: 0.1211
  Batch 500/6019, Loss: 0.0835
  Batch 600/6019, Loss: 0.0880
  Batch 700/6019, Loss: 0.0921
  Batch 800/6019, Loss: 0.0699
  Batch 900/6019, Loss: 0.0902
  Batch 1000/6019, Loss: 0.0778
  Batch 1100/6019, Loss: 0.0559
  Batch 1200/6019, Loss: 0.0562
  Batch 1300/6019, Loss: 0.0892
  Batch 1400/6019, Loss: 0.0839
  Batch 1500/6019, Loss: 0.0710
  Batch 1600/6019, Loss: 0.0518
  Batch 1700/6019, Loss: 0.0710
  Batch 1800/6019, Loss: 0.0681
  Batch 1900/6019, Loss: 0.0840
  Batch 2000/6019, Loss: 0.0609
  Batch 2100/6019, Loss: 0.0641
  Batch 2200/6019, Loss: 0.0933
  Batch 2300/6019, Loss: 0.0770
  Batch 2400/6019, Loss: 0.0711
  Batch 2500/6019, Loss: 0.1722
  Batch 2600/6019, Loss: 0.0847
  Batch 2700/6019, Loss: 0.0772
  Batch 2800/6019, Loss: 0.0911
  Batch 2900/6019, Loss: 0.1390
  Batch 3000/6019, Loss: 0.0582
  Batch 3100/6019, Loss: 0.1078
  Batch 3200/6019, Loss: 0.0651
  Batch 3300/6019, Loss: 0.0882
  Batch 3400/6019, Loss: 0.0648
  Batch 3500/6019, Loss: 0.0859
  Batch 3600/6019, Loss: 0.0985
  Batch 3700/6019, Loss: 0.1108
  Batch 3800/6019, Loss: 0.0791
  Batch 3900/6019, Loss: 0.1423
  Batch 4000/6019, Loss: 0.0816
  Batch 4100/6019, Loss: 0.1331
  Batch 4200/6019, Loss: 0.1136
  Batch 4300/6019, Loss: 0.1793
  Batch 4400/6019, Loss: 0.0511
  Batch 4500/6019, Loss: 0.0863
  Batch 4600/6019, Loss: 0.0891
  Batch 4700/6019, Loss: 0.1110
  Batch 4800/6019, Loss: 0.0865
  Batch 4900/6019, Loss: 0.0939
  Batch 5000/6019, Loss: 0.0833
  Batch 5100/6019, Loss: 0.0672
  Batch 5200/6019, Loss: 0.0753
  Batch 5300/6019, Loss: 0.0764
  Batch 5400/6019, Loss: 0.0931
  Batch 5500/6019, Loss: 0.0787
  Batch 5600/6019, Loss: 0.0601
  Batch 5700/6019, Loss: 0.1307
  Batch 5800/6019, Loss: 0.1280
  Batch 5900/6019, Loss: 0.1916
  Batch 6000/6019, Loss: 0.0685
Train Loss: 0.0853
Val Loss: 0.2746, Val Macro F1: 0.8203
Per-class F1 scores:
  Class 0: 0.9643
  Class 1: 0.6717 (tonal speech)
  Class 2: 0.8379
  Class 3: 0.5589 (env/music)
  Class 4: 0.9600
  Class 5: 0.9288
Confusion between Similar Classes:
  Class 0→1:   771 | Class 1→0:  4014
  Class 2→3:  1093 | Class 3→2:  3673
Current learning rate: 0.000207

============================================================
Epoch 31/50
============================================================
  Batch 0/6019, Loss: 0.0805
  Batch 100/6019, Loss: 0.1034
  Batch 200/6019, Loss: 0.0859
  Batch 300/6019, Loss: 0.0997
  Batch 400/6019, Loss: 0.0975
  Batch 500/6019, Loss: 0.0860
  Batch 600/6019, Loss: 0.1208
  Batch 700/6019, Loss: 0.1045
  Batch 800/6019, Loss: 0.0887
  Batch 900/6019, Loss: 0.0822
  Batch 1000/6019, Loss: 0.0982
  Batch 1100/6019, Loss: 0.0926
  Batch 1200/6019, Loss: 0.0891
  Batch 1300/6019, Loss: 0.0781
  Batch 1400/6019, Loss: 0.1145
  Batch 1500/6019, Loss: 0.0942
  Batch 1600/6019, Loss: 0.1075
  Batch 1700/6019, Loss: 0.0548
  Batch 1800/6019, Loss: 0.0790
  Batch 1900/6019, Loss: 0.1112
  Batch 2000/6019, Loss: 0.0693
  Batch 2100/6019, Loss: 0.0877
  Batch 2200/6019, Loss: 0.0763
  Batch 2300/6019, Loss: 0.0782
  Batch 2400/6019, Loss: 0.0633
  Batch 2500/6019, Loss: 0.0788
  Batch 2600/6019, Loss: 0.0743
  Batch 2700/6019, Loss: 0.0770
  Batch 2800/6019, Loss: 0.0971
  Batch 2900/6019, Loss: 0.0998
  Batch 3000/6019, Loss: 0.0819
  Batch 3100/6019, Loss: 0.0930
  Batch 3200/6019, Loss: 0.0728
  Batch 3300/6019, Loss: 0.0771
  Batch 3400/6019, Loss: 0.0717
  Batch 3500/6019, Loss: 0.0878
  Batch 3600/6019, Loss: 0.0611
  Batch 3700/6019, Loss: 0.0568
  Batch 3800/6019, Loss: 0.0896
  Batch 3900/6019, Loss: 0.0814
  Batch 4000/6019, Loss: 0.0978
  Batch 4100/6019, Loss: 0.0864
  Batch 4200/6019, Loss: 0.1070
  Batch 4300/6019, Loss: 0.0822
  Batch 4400/6019, Loss: 0.1015
  Batch 4500/6019, Loss: 0.0722
  Batch 4600/6019, Loss: 0.0926
  Batch 4700/6019, Loss: 0.0992
  Batch 4800/6019, Loss: 0.1292
  Batch 4900/6019, Loss: 0.0673
  Batch 5000/6019, Loss: 0.0801
  Batch 5100/6019, Loss: 0.1225
  Batch 5200/6019, Loss: 0.0691
  Batch 5300/6019, Loss: 0.0800
  Batch 5400/6019, Loss: 0.0728
  Batch 5500/6019, Loss: 0.0803
  Batch 5600/6019, Loss: 0.0680
  Batch 5700/6019, Loss: 0.1139
  Batch 5800/6019, Loss: 0.0833
  Batch 5900/6019, Loss: 0.1103
  Batch 6000/6019, Loss: 0.1036
Train Loss: 0.0834
Val Loss: 0.2780, Val Macro F1: 0.8242
Per-class F1 scores:
  Class 0: 0.9663
  Class 1: 0.7190 (tonal speech)
  Class 2: 0.8403
  Class 3: 0.5441 (env/music)
  Class 4: 0.9495
  Class 5: 0.9260
Confusion between Similar Classes:
  Class 0→1:  1290 | Class 1→0:  3192
  Class 2→3:   894 | Class 3→2:  3842
Current learning rate: 0.000147

============================================================
Epoch 32/50
============================================================
  Batch 0/6019, Loss: 0.0889
  Batch 100/6019, Loss: 0.1116
  Batch 200/6019, Loss: 0.0444
  Batch 300/6019, Loss: 0.0667
  Batch 400/6019, Loss: 0.0645
  Batch 500/6019, Loss: 0.0812
  Batch 600/6019, Loss: 0.1212
  Batch 700/6019, Loss: 0.0708
  Batch 800/6019, Loss: 0.0859
  Batch 900/6019, Loss: 0.0782
  Batch 1000/6019, Loss: 0.0885
  Batch 1100/6019, Loss: 0.0623
  Batch 1200/6019, Loss: 0.0720
  Batch 1300/6019, Loss: 0.0900
  Batch 1400/6019, Loss: 0.1228
  Batch 1500/6019, Loss: 0.0905
  Batch 1600/6019, Loss: 0.0657
  Batch 1700/6019, Loss: 0.0633
  Batch 1800/6019, Loss: 0.0660
  Batch 1900/6019, Loss: 0.0783
  Batch 2000/6019, Loss: 0.1003
  Batch 2100/6019, Loss: 0.0822
  Batch 2200/6019, Loss: 0.1302
  Batch 2300/6019, Loss: 0.1040
  Batch 2400/6019, Loss: 0.0913
  Batch 2500/6019, Loss: 0.0820
  Batch 2600/6019, Loss: 0.0815
  Batch 2700/6019, Loss: 0.1148
  Batch 2800/6019, Loss: 0.0628
  Batch 2900/6019, Loss: 0.1185
  Batch 3000/6019, Loss: 0.0556
  Batch 3100/6019, Loss: 0.0941
  Batch 3200/6019, Loss: 0.0762
  Batch 3300/6019, Loss: 0.1122
  Batch 3400/6019, Loss: 0.1566
  Batch 3500/6019, Loss: 0.0728
  Batch 3600/6019, Loss: 0.0953
  Batch 3700/6019, Loss: 0.0689
  Batch 3800/6019, Loss: 0.1065
  Batch 3900/6019, Loss: 0.0671
  Batch 4000/6019, Loss: 0.1234
  Batch 4100/6019, Loss: 0.0675
  Batch 4200/6019, Loss: 0.0846
  Batch 4300/6019, Loss: 0.0502
  Batch 4400/6019, Loss: 0.0607
  Batch 4500/6019, Loss: 0.0888
  Batch 4600/6019, Loss: 0.0759
  Batch 4700/6019, Loss: 0.0717
  Batch 4800/6019, Loss: 0.0902
  Batch 4900/6019, Loss: 0.0710
  Batch 5000/6019, Loss: 0.1002
  Batch 5100/6019, Loss: 0.0676
  Batch 5200/6019, Loss: 0.0686
  Batch 5300/6019, Loss: 0.0622
  Batch 5400/6019, Loss: 0.0777
  Batch 5500/6019, Loss: 0.0573
  Batch 5600/6019, Loss: 0.0921
  Batch 5700/6019, Loss: 0.0985
  Batch 5800/6019, Loss: 0.0724
  Batch 5900/6019, Loss: 0.0778
  Batch 6000/6019, Loss: 0.0660
Train Loss: 0.0823
Val Loss: 0.2703, Val Macro F1: 0.8173
Per-class F1 scores:
  Class 0: 0.9657
  Class 1: 0.6837 (tonal speech)
  Class 2: 0.8414
  Class 3: 0.5489 (env/music)
  Class 4: 0.9389
  Class 5: 0.9251
Confusion between Similar Classes:
  Class 0→1:   678 | Class 1→0:  3917
  Class 2→3:   886 | Class 3→2:  3824
Current learning rate: 0.000096

============================================================
Epoch 33/50
============================================================
  Batch 0/6019, Loss: 0.0945
  Batch 100/6019, Loss: 0.0712
  Batch 200/6019, Loss: 0.0806
  Batch 300/6019, Loss: 0.1229
  Batch 400/6019, Loss: 0.0720
  Batch 500/6019, Loss: 0.0868
  Batch 600/6019, Loss: 0.0572
  Batch 700/6019, Loss: 0.1109
  Batch 800/6019, Loss: 0.0735
  Batch 900/6019, Loss: 0.0704
  Batch 1000/6019, Loss: 0.0646
  Batch 1100/6019, Loss: 0.0755
  Batch 1200/6019, Loss: 0.1030
  Batch 1300/6019, Loss: 0.0357
  Batch 1400/6019, Loss: 0.0853
  Batch 1500/6019, Loss: 0.0642
  Batch 1600/6019, Loss: 0.0571
  Batch 1700/6019, Loss: 0.0731
  Batch 1800/6019, Loss: 0.0827
  Batch 1900/6019, Loss: 0.0793
  Batch 2000/6019, Loss: 0.0677
  Batch 2100/6019, Loss: 0.0853
  Batch 2200/6019, Loss: 0.0696
  Batch 2300/6019, Loss: 0.0774
  Batch 2400/6019, Loss: 0.0792
  Batch 2500/6019, Loss: 0.0874
  Batch 2600/6019, Loss: 0.0682
  Batch 2700/6019, Loss: 0.0910
  Batch 2800/6019, Loss: 0.0559
  Batch 2900/6019, Loss: 0.0956
  Batch 3000/6019, Loss: 0.0590
  Batch 3100/6019, Loss: 0.0686
  Batch 3200/6019, Loss: 0.0870
  Batch 3300/6019, Loss: 0.0851
  Batch 3400/6019, Loss: 0.0755
  Batch 3500/6019, Loss: 0.0777
  Batch 3600/6019, Loss: 0.1120
  Batch 3700/6019, Loss: 0.0950
  Batch 3800/6019, Loss: 0.0906
  Batch 3900/6019, Loss: 0.1055
  Batch 4000/6019, Loss: 0.0804
  Batch 4100/6019, Loss: 0.0915
  Batch 4200/6019, Loss: 0.0811
  Batch 4300/6019, Loss: 0.1022
  Batch 4400/6019, Loss: 0.1125
  Batch 4500/6019, Loss: 0.0813
  Batch 4600/6019, Loss: 0.0844
  Batch 4700/6019, Loss: 0.0696
  Batch 4800/6019, Loss: 0.1157
  Batch 4900/6019, Loss: 0.0726
  Batch 5000/6019, Loss: 0.0914
  Batch 5100/6019, Loss: 0.0834
  Batch 5200/6019, Loss: 0.1057
  Batch 5300/6019, Loss: 0.1252
  Batch 5400/6019, Loss: 0.0994
  Batch 5500/6019, Loss: 0.1065
  Batch 5600/6019, Loss: 0.0557
  Batch 5700/6019, Loss: 0.0680
  Batch 5800/6019, Loss: 0.0793
  Batch 5900/6019, Loss: 0.0746
  Batch 6000/6019, Loss: 0.0586
Train Loss: 0.0816
Val Loss: 0.2613, Val Macro F1: 0.8290
Per-class F1 scores:
  Class 0: 0.9667
  Class 1: 0.6975 (tonal speech)
  Class 2: 0.8422
  Class 3: 0.5686 (env/music)
  Class 4: 0.9670
  Class 5: 0.9319
Confusion between Similar Classes:
  Class 0→1:   715 | Class 1→0:  3751
  Class 2→3:  1018 | Class 3→2:  3631
Current learning rate: 0.000055

============================================================
Epoch 34/50
============================================================
  Batch 0/6019, Loss: 0.1042
  Batch 100/6019, Loss: 0.0551
  Batch 200/6019, Loss: 0.0887
  Batch 300/6019, Loss: 0.1193
  Batch 400/6019, Loss: 0.0794
  Batch 500/6019, Loss: 0.0766
  Batch 600/6019, Loss: 0.0610
  Batch 700/6019, Loss: 0.0730
  Batch 800/6019, Loss: 0.0724
  Batch 900/6019, Loss: 0.0588
  Batch 1000/6019, Loss: 0.1060
  Batch 1100/6019, Loss: 0.1117
  Batch 1200/6019, Loss: 0.0835
  Batch 1300/6019, Loss: 0.0683
  Batch 1400/6019, Loss: 0.0709
  Batch 1500/6019, Loss: 0.0900
  Batch 1600/6019, Loss: 0.1034
  Batch 1700/6019, Loss: 0.0705
  Batch 1800/6019, Loss: 0.0726
  Batch 1900/6019, Loss: 0.0605
  Batch 2000/6019, Loss: 0.0658
  Batch 2100/6019, Loss: 0.0811
  Batch 2200/6019, Loss: 0.0589
  Batch 2300/6019, Loss: 0.0538
  Batch 2400/6019, Loss: 0.0557
  Batch 2500/6019, Loss: 0.0749
  Batch 2600/6019, Loss: 0.0567
  Batch 2700/6019, Loss: 0.0634
  Batch 2800/6019, Loss: 0.0680
  Batch 2900/6019, Loss: 0.0681
  Batch 3000/6019, Loss: 0.0559
  Batch 3100/6019, Loss: 0.0762
  Batch 3200/6019, Loss: 0.1112
  Batch 3300/6019, Loss: 0.0589
  Batch 3400/6019, Loss: 0.0760
  Batch 3500/6019, Loss: 0.0929
  Batch 3600/6019, Loss: 0.0640
  Batch 3700/6019, Loss: 0.1020
  Batch 3800/6019, Loss: 0.0810
  Batch 3900/6019, Loss: 0.0643
  Batch 4000/6019, Loss: 0.0718
  Batch 4100/6019, Loss: 0.1292
  Batch 4200/6019, Loss: 0.0665
  Batch 4300/6019, Loss: 0.0769
  Batch 4400/6019, Loss: 0.0912
  Batch 4500/6019, Loss: 0.0471
  Batch 4600/6019, Loss: 0.0666
  Batch 4700/6019, Loss: 0.0935
  Batch 4800/6019, Loss: 0.0903
  Batch 4900/6019, Loss: 0.0560
  Batch 5000/6019, Loss: 0.0797
  Batch 5100/6019, Loss: 0.0851
  Batch 5200/6019, Loss: 0.0625
  Batch 5300/6019, Loss: 0.0854
  Batch 5400/6019, Loss: 0.0871
  Batch 5500/6019, Loss: 0.0638
  Batch 5600/6019, Loss: 0.0726
  Batch 5700/6019, Loss: 0.0746
  Batch 5800/6019, Loss: 0.0446
  Batch 5900/6019, Loss: 0.0784
  Batch 6000/6019, Loss: 0.0808
Train Loss: 0.0808
Val Loss: 0.2645, Val Macro F1: 0.8247
Per-class F1 scores:
  Class 0: 0.9661
  Class 1: 0.7049 (tonal speech)
  Class 2: 0.8407
  Class 3: 0.5479 (env/music)
  Class 4: 0.9598
  Class 5: 0.9290
Confusion between Similar Classes:
  Class 0→1:  1049 | Class 1→0:  3481
  Class 2→3:   916 | Class 3→2:  3823
Current learning rate: 0.000025

============================================================
Epoch 35/50
============================================================
  Batch 0/6019, Loss: 0.0653
  Batch 100/6019, Loss: 0.0940
  Batch 200/6019, Loss: 0.0571
  Batch 300/6019, Loss: 0.0839
  Batch 400/6019, Loss: 0.0575
  Batch 500/6019, Loss: 0.1013
  Batch 600/6019, Loss: 0.0943
  Batch 700/6019, Loss: 0.0885
  Batch 800/6019, Loss: 0.1103
  Batch 900/6019, Loss: 0.0550
  Batch 1000/6019, Loss: 0.0804
  Batch 1100/6019, Loss: 0.0555
  Batch 1200/6019, Loss: 0.0757
  Batch 1300/6019, Loss: 0.0675
  Batch 1400/6019, Loss: 0.0798
  Batch 1500/6019, Loss: 0.0643
  Batch 1600/6019, Loss: 0.0818
  Batch 1700/6019, Loss: 0.0707
  Batch 1800/6019, Loss: 0.0953
  Batch 1900/6019, Loss: 0.0838
  Batch 2000/6019, Loss: 0.0878
  Batch 2100/6019, Loss: 0.0778
  Batch 2200/6019, Loss: 0.1179
  Batch 2300/6019, Loss: 0.0982
  Batch 2400/6019, Loss: 0.0755
  Batch 2500/6019, Loss: 0.0437
  Batch 2600/6019, Loss: 0.0368
  Batch 2700/6019, Loss: 0.1423
  Batch 2800/6019, Loss: 0.0685
  Batch 2900/6019, Loss: 0.1027
  Batch 3000/6019, Loss: 0.0715
  Batch 3100/6019, Loss: 0.0668
  Batch 3200/6019, Loss: 0.0988
  Batch 3300/6019, Loss: 0.0624
  Batch 3400/6019, Loss: 0.0902
  Batch 3500/6019, Loss: 0.1534
  Batch 3600/6019, Loss: 0.0680
  Batch 3700/6019, Loss: 0.0765
  Batch 3800/6019, Loss: 0.0675
  Batch 3900/6019, Loss: 0.0607
  Batch 4000/6019, Loss: 0.0892
  Batch 4100/6019, Loss: 0.1205
  Batch 4200/6019, Loss: 0.0857
  Batch 4300/6019, Loss: 0.1163
  Batch 4400/6019, Loss: 0.0749
  Batch 4500/6019, Loss: 0.0438
  Batch 4600/6019, Loss: 0.0592
  Batch 4700/6019, Loss: 0.0808
  Batch 4800/6019, Loss: 0.0814
  Batch 4900/6019, Loss: 0.0612
  Batch 5000/6019, Loss: 0.0635
  Batch 5100/6019, Loss: 0.0726
  Batch 5200/6019, Loss: 0.1188
  Batch 5300/6019, Loss: 0.0869
  Batch 5400/6019, Loss: 0.0700
  Batch 5500/6019, Loss: 0.1032
  Batch 5600/6019, Loss: 0.1021
  Batch 5700/6019, Loss: 0.0880
  Batch 5800/6019, Loss: 0.1139
  Batch 5900/6019, Loss: 0.0707
  Batch 6000/6019, Loss: 0.0618
Train Loss: 0.0800
Val Loss: 0.2579, Val Macro F1: 0.8195
Per-class F1 scores:
  Class 0: 0.9663
  Class 1: 0.6882 (tonal speech)
  Class 2: 0.8412
  Class 3: 0.5479 (env/music)
  Class 4: 0.9467
  Class 5: 0.9268
Confusion between Similar Classes:
  Class 0→1:   641 | Class 1→0:  3887
  Class 2→3:   913 | Class 3→2:  3816
Current learning rate: 0.000007

============================================================
Epoch 36/50
============================================================
  Batch 0/6019, Loss: 0.0870
  Batch 100/6019, Loss: 0.0964
  Batch 200/6019, Loss: 0.0592
  Batch 300/6019, Loss: 0.0695
  Batch 400/6019, Loss: 0.0433
  Batch 500/6019, Loss: 0.0692
  Batch 600/6019, Loss: 0.0743
  Batch 700/6019, Loss: 0.0910
  Batch 800/6019, Loss: 0.0470
  Batch 900/6019, Loss: 0.0519
  Batch 1000/6019, Loss: 0.0886
  Batch 1100/6019, Loss: 0.0744
  Batch 1200/6019, Loss: 0.0526
  Batch 1300/6019, Loss: 0.0574
  Batch 1400/6019, Loss: 0.0502
  Batch 1500/6019, Loss: 0.0528
  Batch 1600/6019, Loss: 0.1290
  Batch 1700/6019, Loss: 0.0722
  Batch 1800/6019, Loss: 0.0991
  Batch 1900/6019, Loss: 0.0844
  Batch 2000/6019, Loss: 0.0867
  Batch 2100/6019, Loss: 0.1190
  Batch 2200/6019, Loss: 0.0728
  Batch 2300/6019, Loss: 0.0837
  Batch 2400/6019, Loss: 0.0688
  Batch 2500/6019, Loss: 0.0587
  Batch 2600/6019, Loss: 0.0754
  Batch 2700/6019, Loss: 0.0947
  Batch 2800/6019, Loss: 0.1020
  Batch 2900/6019, Loss: 0.1155
  Batch 3000/6019, Loss: 0.0901
  Batch 3100/6019, Loss: 0.0704
  Batch 3200/6019, Loss: 0.0772
  Batch 3300/6019, Loss: 0.0961
  Batch 3400/6019, Loss: 0.0889
  Batch 3500/6019, Loss: 0.0783
  Batch 3600/6019, Loss: 0.0725
  Batch 3700/6019, Loss: 0.0919
  Batch 3800/6019, Loss: 0.0609
  Batch 3900/6019, Loss: 0.0698
  Batch 4000/6019, Loss: 0.0963
  Batch 4100/6019, Loss: 0.0695
  Batch 4200/6019, Loss: 0.0962
  Batch 4300/6019, Loss: 0.0775
  Batch 4400/6019, Loss: 0.0839
  Batch 4500/6019, Loss: 0.0681
  Batch 4600/6019, Loss: 0.1223
  Batch 4700/6019, Loss: 0.0911
  Batch 4800/6019, Loss: 0.0644
  Batch 4900/6019, Loss: 0.0687
  Batch 5000/6019, Loss: 0.0743
  Batch 5100/6019, Loss: 0.0771
  Batch 5200/6019, Loss: 0.0705
  Batch 5300/6019, Loss: 0.0665
  Batch 5400/6019, Loss: 0.0896
  Batch 5500/6019, Loss: 0.0841
  Batch 5600/6019, Loss: 0.0633
  Batch 5700/6019, Loss: 0.0962
  Batch 5800/6019, Loss: 0.0887
  Batch 5900/6019, Loss: 0.0652
  Batch 6000/6019, Loss: 0.0373
Train Loss: 0.0797
Val Loss: 0.2644, Val Macro F1: 0.8209
Per-class F1 scores:
  Class 0: 0.9665
  Class 1: 0.7059 (tonal speech)
  Class 2: 0.8406
  Class 3: 0.5233 (env/music)
  Class 4: 0.9569
  Class 5: 0.9320
Confusion between Similar Classes:
  Class 0→1:   971 | Class 1→0:  3509
  Class 2→3:   760 | Class 3→2:  4068
Current learning rate: 0.001000

============================================================
Epoch 37/50
============================================================
  Batch 0/6019, Loss: 0.0777
  Batch 100/6019, Loss: 0.1009
  Batch 200/6019, Loss: 0.1016
  Batch 300/6019, Loss: 0.1083
  Batch 400/6019, Loss: 0.0818
  Batch 500/6019, Loss: 0.0974
  Batch 600/6019, Loss: 0.1002
  Batch 700/6019, Loss: 0.0882
  Batch 800/6019, Loss: 0.0983
  Batch 900/6019, Loss: 0.0919
  Batch 1000/6019, Loss: 0.1109
  Batch 1100/6019, Loss: 0.0950
  Batch 1200/6019, Loss: 0.1039
  Batch 1300/6019, Loss: 0.0860
  Batch 1400/6019, Loss: 0.0928
  Batch 1500/6019, Loss: 0.1397
  Batch 1600/6019, Loss: 0.0948
  Batch 1700/6019, Loss: 0.0850
  Batch 1800/6019, Loss: 0.1160
  Batch 1900/6019, Loss: 0.1193
  Batch 2000/6019, Loss: 0.1129
  Batch 2100/6019, Loss: 0.1296
  Batch 2200/6019, Loss: 0.0865
  Batch 2300/6019, Loss: 0.1017
  Batch 2400/6019, Loss: 0.1283
  Batch 2500/6019, Loss: 0.0806
  Batch 2600/6019, Loss: 0.0799
  Batch 2700/6019, Loss: 0.0725
  Batch 2800/6019, Loss: 0.0828
  Batch 2900/6019, Loss: 0.1246
  Batch 3000/6019, Loss: 0.0911
  Batch 3100/6019, Loss: 0.0929
  Batch 3200/6019, Loss: 0.0990
  Batch 3300/6019, Loss: 0.1124
  Batch 3400/6019, Loss: 0.1783
  Batch 3500/6019, Loss: 0.1084
  Batch 3600/6019, Loss: 0.0482
  Batch 3700/6019, Loss: 0.0914
  Batch 3800/6019, Loss: 0.1247
  Batch 3900/6019, Loss: 0.0874
  Batch 4000/6019, Loss: 0.0959
  Batch 4100/6019, Loss: 0.1131
  Batch 4200/6019, Loss: 0.0887
  Batch 4300/6019, Loss: 0.0915
  Batch 4400/6019, Loss: 0.0764
  Batch 4500/6019, Loss: 0.0768
  Batch 4600/6019, Loss: 0.1090
  Batch 4700/6019, Loss: 0.1063
  Batch 4800/6019, Loss: 0.0603
  Batch 4900/6019, Loss: 0.0883
  Batch 5000/6019, Loss: 0.1130
  Batch 5100/6019, Loss: 0.1159
  Batch 5200/6019, Loss: 0.0894
  Batch 5300/6019, Loss: 0.0806
  Batch 5400/6019, Loss: 0.0618
  Batch 5500/6019, Loss: 0.0933
  Batch 5600/6019, Loss: 0.2008
  Batch 5700/6019, Loss: 0.0897
  Batch 5800/6019, Loss: 0.0694
  Batch 5900/6019, Loss: 0.0718
  Batch 6000/6019, Loss: 0.1332
Train Loss: 0.0953
Val Loss: 0.3100, Val Macro F1: 0.7875
Per-class F1 scores:
  Class 0: 0.9629
  Class 1: 0.6605 (tonal speech)
  Class 2: 0.8278
  Class 3: 0.4620 (env/music)
  Class 4: 0.9346
  Class 5: 0.8774
Confusion between Similar Classes:
  Class 0→1:   806 | Class 1→0:  4139
  Class 2→3:   618 | Class 3→2:  4359
Current learning rate: 0.000998

============================================================
Epoch 38/50
============================================================
  Batch 0/6019, Loss: 0.0938
  Batch 100/6019, Loss: 0.1156
  Batch 200/6019, Loss: 0.0899
  Batch 300/6019, Loss: 0.0750
  Batch 400/6019, Loss: 0.0943
  Batch 500/6019, Loss: 0.0883
  Batch 600/6019, Loss: 0.1339
  Batch 700/6019, Loss: 0.0927
  Batch 800/6019, Loss: 0.0901
  Batch 900/6019, Loss: 0.1084
  Batch 1000/6019, Loss: 0.1200
  Batch 1100/6019, Loss: 0.1249
  Batch 1200/6019, Loss: 0.0810
  Batch 1300/6019, Loss: 0.1083
  Batch 1400/6019, Loss: 0.0903
  Batch 1500/6019, Loss: 0.1247
  Batch 1600/6019, Loss: 0.1360
  Batch 1700/6019, Loss: 0.1231
  Batch 1800/6019, Loss: 0.0792
  Batch 1900/6019, Loss: 0.0830
  Batch 2000/6019, Loss: 0.0641
  Batch 2100/6019, Loss: 0.0656
  Batch 2200/6019, Loss: 0.0832
  Batch 2300/6019, Loss: 0.0939
  Batch 2400/6019, Loss: 0.0945
  Batch 2500/6019, Loss: 0.0932
  Batch 2600/6019, Loss: 0.0698
  Batch 2700/6019, Loss: 0.0995
  Batch 2800/6019, Loss: 0.1396
  Batch 2900/6019, Loss: 0.0591
  Batch 3000/6019, Loss: 0.1111
  Batch 3100/6019, Loss: 0.0899
  Batch 3200/6019, Loss: 0.0980
  Batch 3300/6019, Loss: 0.1197
  Batch 3400/6019, Loss: 0.0933
  Batch 3500/6019, Loss: 0.1170
  Batch 3600/6019, Loss: 0.0929
  Batch 3700/6019, Loss: 0.0588
  Batch 3800/6019, Loss: 0.0924
  Batch 3900/6019, Loss: 0.0881
  Batch 4000/6019, Loss: 0.0849
  Batch 4100/6019, Loss: 0.0920
  Batch 4200/6019, Loss: 0.0999
  Batch 4300/6019, Loss: 0.0698
  Batch 4400/6019, Loss: 0.0934
  Batch 4500/6019, Loss: 0.0971
  Batch 4600/6019, Loss: 0.0984
  Batch 4700/6019, Loss: 0.0812
  Batch 4800/6019, Loss: 0.1140
  Batch 4900/6019, Loss: 0.1173
  Batch 5000/6019, Loss: 0.0845
  Batch 5100/6019, Loss: 0.0946
  Batch 5200/6019, Loss: 0.1053
  Batch 5300/6019, Loss: 0.1063
  Batch 5400/6019, Loss: 0.0973
  Batch 5500/6019, Loss: 0.0704
  Batch 5600/6019, Loss: 0.0867
  Batch 5700/6019, Loss: 0.1126
  Batch 5800/6019, Loss: 0.2138
  Batch 5900/6019, Loss: 0.0888
  Batch 6000/6019, Loss: 0.0699
Train Loss: 0.0944
Val Loss: 0.2768, Val Macro F1: 0.8101
Per-class F1 scores:
  Class 0: 0.9628
  Class 1: 0.6334 (tonal speech)
  Class 2: 0.8370
  Class 3: 0.5924 (env/music)
  Class 4: 0.9080
  Class 5: 0.9270
Confusion between Similar Classes:
  Class 0→1:   472 | Class 1→0:  4545
  Class 2→3:  1393 | Class 3→2:  3339
Current learning rate: 0.000994

============================================================
Epoch 39/50
============================================================
  Batch 0/6019, Loss: 0.0808
  Batch 100/6019, Loss: 0.1035
  Batch 200/6019, Loss: 0.1031
  Batch 300/6019, Loss: 0.1021
  Batch 400/6019, Loss: 0.0912
  Batch 500/6019, Loss: 0.0998
  Batch 600/6019, Loss: 0.0965
  Batch 700/6019, Loss: 0.1141
  Batch 800/6019, Loss: 0.0828
  Batch 900/6019, Loss: 0.1046
  Batch 1000/6019, Loss: 0.0969
  Batch 1100/6019, Loss: 0.0875
  Batch 1200/6019, Loss: 0.0686
  Batch 1300/6019, Loss: 0.1540
  Batch 1400/6019, Loss: 0.0706
  Batch 1500/6019, Loss: 0.1339
  Batch 1600/6019, Loss: 0.1029
  Batch 1700/6019, Loss: 0.1113
  Batch 1800/6019, Loss: 0.0744
  Batch 1900/6019, Loss: 0.0702
  Batch 2000/6019, Loss: 0.0725
  Batch 2100/6019, Loss: 0.0761
  Batch 2200/6019, Loss: 0.0747
  Batch 2300/6019, Loss: 0.0995
  Batch 2400/6019, Loss: 0.1344
  Batch 2500/6019, Loss: 0.1211
  Batch 2600/6019, Loss: 0.1040
  Batch 2700/6019, Loss: 0.0685
  Batch 2800/6019, Loss: 0.1239
  Batch 2900/6019, Loss: 0.0797
  Batch 3000/6019, Loss: 0.0993
  Batch 3100/6019, Loss: 0.0935
  Batch 3200/6019, Loss: 0.1006
  Batch 3300/6019, Loss: 0.0840
  Batch 3400/6019, Loss: 0.1361
  Batch 3500/6019, Loss: 0.0807
  Batch 3600/6019, Loss: 0.0840
  Batch 3700/6019, Loss: 0.0641
  Batch 3800/6019, Loss: 0.1360
  Batch 3900/6019, Loss: 0.0622
  Batch 4000/6019, Loss: 0.1036
  Batch 4100/6019, Loss: 0.0895
  Batch 4200/6019, Loss: 0.0856
  Batch 4300/6019, Loss: 0.1201
  Batch 4400/6019, Loss: 0.1029
  Batch 4500/6019, Loss: 0.0973
  Batch 4600/6019, Loss: 0.0791
  Batch 4700/6019, Loss: 0.0758
  Batch 4800/6019, Loss: 0.0799
  Batch 4900/6019, Loss: 0.0864
  Batch 5000/6019, Loss: 0.0995
  Batch 5100/6019, Loss: 0.0895
  Batch 5200/6019, Loss: 0.0864
  Batch 5300/6019, Loss: 0.0878
  Batch 5400/6019, Loss: 0.1051
  Batch 5500/6019, Loss: 0.0840
  Batch 5600/6019, Loss: 0.0879
  Batch 5700/6019, Loss: 0.0722
  Batch 5800/6019, Loss: 0.0874
  Batch 5900/6019, Loss: 0.0954
  Batch 6000/6019, Loss: 0.0622
Train Loss: 0.0938
Val Loss: 0.3081, Val Macro F1: 0.8085
Per-class F1 scores:
  Class 0: 0.9611
  Class 1: 0.6814 (tonal speech)
  Class 2: 0.8320
  Class 3: 0.4811 (env/music)
  Class 4: 0.9654
  Class 5: 0.9297
Confusion between Similar Classes:
  Class 0→1:  1798 | Class 1→0:  3365
  Class 2→3:   806 | Class 3→2:  4361
Current learning rate: 0.000986

============================================================
Epoch 40/50
============================================================
  Batch 0/6019, Loss: 0.0998
  Batch 100/6019, Loss: 0.1058
  Batch 200/6019, Loss: 0.1047
  Batch 300/6019, Loss: 0.1062
  Batch 400/6019, Loss: 0.1029
  Batch 500/6019, Loss: 0.0888
  Batch 600/6019, Loss: 0.0691
  Batch 700/6019, Loss: 0.1130
  Batch 800/6019, Loss: 0.1221
  Batch 900/6019, Loss: 0.0778
  Batch 1000/6019, Loss: 0.1036
  Batch 1100/6019, Loss: 0.0989
  Batch 1200/6019, Loss: 0.0678
  Batch 1300/6019, Loss: 0.0602
  Batch 1400/6019, Loss: 0.0782
  Batch 1500/6019, Loss: 0.0918
  Batch 1600/6019, Loss: 0.0764
  Batch 1700/6019, Loss: 0.1141
  Batch 1800/6019, Loss: 0.0785
  Batch 1900/6019, Loss: 0.0776
  Batch 2000/6019, Loss: 0.1167
  Batch 2100/6019, Loss: 0.0989
  Batch 2200/6019, Loss: 0.0751
  Batch 2300/6019, Loss: 0.0764
  Batch 2400/6019, Loss: 0.1032
  Batch 2500/6019, Loss: 0.0829
  Batch 2600/6019, Loss: 0.1055
  Batch 2700/6019, Loss: 0.0620
  Batch 2800/6019, Loss: 0.1912
  Batch 2900/6019, Loss: 0.1163
  Batch 3000/6019, Loss: 0.2343
  Batch 3100/6019, Loss: 0.0828
  Batch 3200/6019, Loss: 0.0647
  Batch 3300/6019, Loss: 0.0713
  Batch 3400/6019, Loss: 0.1062
  Batch 3500/6019, Loss: 0.1242
  Batch 3600/6019, Loss: 0.1150
  Batch 3700/6019, Loss: 0.1258
  Batch 3800/6019, Loss: 0.0911
  Batch 3900/6019, Loss: 0.0838
  Batch 4000/6019, Loss: 0.0752
  Batch 4100/6019, Loss: 0.0861
  Batch 4200/6019, Loss: 0.0839
  Batch 4300/6019, Loss: 0.1144
  Batch 4400/6019, Loss: 0.0820
  Batch 4500/6019, Loss: 0.0947
  Batch 4600/6019, Loss: 0.0823
  Batch 4700/6019, Loss: 0.0909
  Batch 4800/6019, Loss: 0.1039
  Batch 4900/6019, Loss: 0.1175
  Batch 5000/6019, Loss: 0.1106
  Batch 5100/6019, Loss: 0.0804
  Batch 5200/6019, Loss: 0.0924
  Batch 5300/6019, Loss: 0.0882
  Batch 5400/6019, Loss: 0.1139
  Batch 5500/6019, Loss: 0.1080
  Batch 5600/6019, Loss: 0.1094
  Batch 5700/6019, Loss: 0.0866
  Batch 5800/6019, Loss: 0.0982
  Batch 5900/6019, Loss: 0.1030
  Batch 6000/6019, Loss: 0.0898
Train Loss: 0.0935
Val Loss: 0.2863, Val Macro F1: 0.8199
Per-class F1 scores:
  Class 0: 0.9647
  Class 1: 0.6890 (tonal speech)
  Class 2: 0.8383
  Class 3: 0.5735 (env/music)
  Class 4: 0.9344
  Class 5: 0.9195
Confusion between Similar Classes:
  Class 0→1:  1065 | Class 1→0:  3657
  Class 2→3:  1166 | Class 3→2:  3535
Current learning rate: 0.000976

============================================================
Epoch 41/50
============================================================
  Batch 0/6019, Loss: 0.1253
  Batch 100/6019, Loss: 0.0712
  Batch 200/6019, Loss: 0.1212
  Batch 300/6019, Loss: 0.0971
  Batch 400/6019, Loss: 0.1093
  Batch 500/6019, Loss: 0.0840
  Batch 600/6019, Loss: 0.0725
  Batch 700/6019, Loss: 0.1098
  Batch 800/6019, Loss: 0.0593
  Batch 900/6019, Loss: 0.0757
  Batch 1000/6019, Loss: 0.0911
  Batch 1100/6019, Loss: 0.1147
  Batch 1200/6019, Loss: 0.1350
  Batch 1300/6019, Loss: 0.0783
  Batch 1400/6019, Loss: 0.0921
  Batch 1500/6019, Loss: 0.1331
  Batch 1600/6019, Loss: 0.0815
  Batch 1700/6019, Loss: 0.1104
  Batch 1800/6019, Loss: 0.0943
  Batch 1900/6019, Loss: 0.0555
  Batch 2000/6019, Loss: 0.1089
  Batch 2100/6019, Loss: 0.0948
  Batch 2200/6019, Loss: 0.0661
  Batch 2300/6019, Loss: 0.0763
  Batch 2400/6019, Loss: 0.0698
  Batch 2500/6019, Loss: 0.1429
  Batch 2600/6019, Loss: 0.0819
  Batch 2700/6019, Loss: 0.1032
  Batch 2800/6019, Loss: 0.0883
  Batch 2900/6019, Loss: 0.0905
  Batch 3000/6019, Loss: 0.1169
  Batch 3100/6019, Loss: 0.1013
  Batch 3200/6019, Loss: 0.0745
  Batch 3300/6019, Loss: 0.0485
  Batch 3400/6019, Loss: 0.1626
  Batch 3500/6019, Loss: 0.0711
  Batch 3600/6019, Loss: 0.1263
  Batch 3700/6019, Loss: 0.0791
  Batch 3800/6019, Loss: 0.0924
  Batch 3900/6019, Loss: 0.0776
  Batch 4000/6019, Loss: 0.0676
  Batch 4100/6019, Loss: 0.0998
  Batch 4200/6019, Loss: 0.1258
  Batch 4300/6019, Loss: 0.0895
  Batch 4400/6019, Loss: 0.0940
  Batch 4500/6019, Loss: 0.1339
  Batch 4600/6019, Loss: 0.1070
  Batch 4700/6019, Loss: 0.0694
  Batch 4800/6019, Loss: 0.0978
  Batch 4900/6019, Loss: 0.1096
  Batch 5000/6019, Loss: 0.1038
  Batch 5100/6019, Loss: 0.1062
  Batch 5200/6019, Loss: 0.0843
  Batch 5300/6019, Loss: 0.0978
  Batch 5400/6019, Loss: 0.1046
  Batch 5500/6019, Loss: 0.1046
  Batch 5600/6019, Loss: 0.0631
  Batch 5700/6019, Loss: 0.0886
  Batch 5800/6019, Loss: 0.1228
  Batch 5900/6019, Loss: 0.0814
  Batch 6000/6019, Loss: 0.1230
Train Loss: 0.0927
Val Loss: 0.3122, Val Macro F1: 0.8120
Per-class F1 scores:
  Class 0: 0.9636
  Class 1: 0.7006 (tonal speech)
  Class 2: 0.8355
  Class 3: 0.5162 (env/music)
  Class 4: 0.9382
  Class 5: 0.9175
Confusion between Similar Classes:
  Class 0→1:  1539 | Class 1→0:  3286
  Class 2→3:   839 | Class 3→2:  4046
Current learning rate: 0.000962

============================================================
Epoch 42/50
============================================================
  Batch 0/6019, Loss: 0.1039
  Batch 100/6019, Loss: 0.0569
  Batch 200/6019, Loss: 0.1062
  Batch 300/6019, Loss: 0.0567
  Batch 400/6019, Loss: 0.1140
  Batch 500/6019, Loss: 0.0942
  Batch 600/6019, Loss: 0.0605
  Batch 700/6019, Loss: 0.0698
  Batch 800/6019, Loss: 0.1243
  Batch 900/6019, Loss: 0.1166
  Batch 1000/6019, Loss: 0.1157
  Batch 1100/6019, Loss: 0.0850
  Batch 1200/6019, Loss: 0.0847
  Batch 1300/6019, Loss: 0.0780
  Batch 1400/6019, Loss: 0.0831
  Batch 1500/6019, Loss: 0.1394
  Batch 1600/6019, Loss: 0.1108
  Batch 1700/6019, Loss: 0.0743
  Batch 1800/6019, Loss: 0.0864
  Batch 1900/6019, Loss: 0.1018
  Batch 2000/6019, Loss: 0.0719
  Batch 2100/6019, Loss: 0.0943
  Batch 2200/6019, Loss: 0.0788
  Batch 2300/6019, Loss: 0.0860
  Batch 2400/6019, Loss: 0.0883
  Batch 2500/6019, Loss: 0.0993
  Batch 2600/6019, Loss: 0.0957
  Batch 2700/6019, Loss: 0.0883
  Batch 2800/6019, Loss: 0.1102
  Batch 2900/6019, Loss: 0.1354
  Batch 3000/6019, Loss: 0.1028
  Batch 3100/6019, Loss: 0.0910
  Batch 3200/6019, Loss: 0.1037
  Batch 3300/6019, Loss: 0.1068
  Batch 3400/6019, Loss: 0.1127
  Batch 3500/6019, Loss: 0.1050
  Batch 3600/6019, Loss: 0.0873
  Batch 3700/6019, Loss: 0.0897
  Batch 3800/6019, Loss: 0.1048
  Batch 3900/6019, Loss: 0.1189
  Batch 4000/6019, Loss: 0.0640
  Batch 4100/6019, Loss: 0.1197
  Batch 4200/6019, Loss: 0.1120
  Batch 4300/6019, Loss: 0.0897
  Batch 4400/6019, Loss: 0.0859
  Batch 4500/6019, Loss: 0.0834
  Batch 4600/6019, Loss: 0.0875
  Batch 4700/6019, Loss: 0.0757
  Batch 4800/6019, Loss: 0.1198
  Batch 4900/6019, Loss: 0.0753
  Batch 5000/6019, Loss: 0.1289
  Batch 5100/6019, Loss: 0.0645
  Batch 5200/6019, Loss: 0.0888
  Batch 5300/6019, Loss: 0.1367
  Batch 5400/6019, Loss: 0.1167
  Batch 5500/6019, Loss: 0.0920
  Batch 5600/6019, Loss: 0.0891
  Batch 5700/6019, Loss: 0.1055
  Batch 5800/6019, Loss: 0.0769
  Batch 5900/6019, Loss: 0.0962
  Batch 6000/6019, Loss: 0.1243
Train Loss: 0.0924
Val Loss: 0.3017, Val Macro F1: 0.8130
Per-class F1 scores:
  Class 0: 0.9607
  Class 1: 0.6120 (tonal speech)
  Class 2: 0.8308
  Class 3: 0.5906 (env/music)
  Class 4: 0.9699
  Class 5: 0.9139
Confusion between Similar Classes:
  Class 0→1:   578 | Class 1→0:  4746
  Class 2→3:  1563 | Class 3→2:  3193
Current learning rate: 0.000946

============================================================
Epoch 43/50
============================================================
  Batch 0/6019, Loss: 0.0717
  Batch 100/6019, Loss: 0.1175
  Batch 200/6019, Loss: 0.0819
  Batch 300/6019, Loss: 0.0830
  Batch 400/6019, Loss: 0.0685
  Batch 500/6019, Loss: 0.0854
  Batch 600/6019, Loss: 0.1254
  Batch 700/6019, Loss: 0.0905
  Batch 800/6019, Loss: 0.0798
  Batch 900/6019, Loss: 0.0901
  Batch 1000/6019, Loss: 0.1118
  Batch 1100/6019, Loss: 0.0747
  Batch 1200/6019, Loss: 0.0829
  Batch 1300/6019, Loss: 0.0595
  Batch 1400/6019, Loss: 0.0851
  Batch 1500/6019, Loss: 0.0765
  Batch 1600/6019, Loss: 0.0658
  Batch 1700/6019, Loss: 0.0900
  Batch 1800/6019, Loss: 0.0733
  Batch 1900/6019, Loss: 0.0977
  Batch 2000/6019, Loss: 0.1056
  Batch 2100/6019, Loss: 0.1124
  Batch 2200/6019, Loss: 0.1059
  Batch 2300/6019, Loss: 0.0613
  Batch 2400/6019, Loss: 0.0661
  Batch 2500/6019, Loss: 0.0736
  Batch 2600/6019, Loss: 0.0797
  Batch 2700/6019, Loss: 0.0682
  Batch 2800/6019, Loss: 0.0781
  Batch 2900/6019, Loss: 0.0970
  Batch 3000/6019, Loss: 0.0682
  Batch 3100/6019, Loss: 0.0686
  Batch 3200/6019, Loss: 0.1171
  Batch 3300/6019, Loss: 0.0598
  Batch 3400/6019, Loss: 0.0980
  Batch 3500/6019, Loss: 0.0920
  Batch 3600/6019, Loss: 0.0656
  Batch 3700/6019, Loss: 0.0523
  Batch 3800/6019, Loss: 0.0761
  Batch 3900/6019, Loss: 0.0830
  Batch 4000/6019, Loss: 0.0644
  Batch 4100/6019, Loss: 0.0650
  Batch 4200/6019, Loss: 0.0707
  Batch 4300/6019, Loss: 0.0905
  Batch 4400/6019, Loss: 0.0704
  Batch 4500/6019, Loss: 0.1320
  Batch 4600/6019, Loss: 0.1253
  Batch 4700/6019, Loss: 0.0829
  Batch 4800/6019, Loss: 0.0620
  Batch 4900/6019, Loss: 0.0872
  Batch 5000/6019, Loss: 0.1101
  Batch 5100/6019, Loss: 0.0952
  Batch 5200/6019, Loss: 0.1026
  Batch 5300/6019, Loss: 0.1077
  Batch 5400/6019, Loss: 0.0847
  Batch 5500/6019, Loss: 0.1158
  Batch 5600/6019, Loss: 0.1304
  Batch 5700/6019, Loss: 0.0711
  Batch 5800/6019, Loss: 0.1468
  Batch 5900/6019, Loss: 0.0725
  Batch 6000/6019, Loss: 0.0755
Train Loss: 0.0913
Val Loss: 0.3122, Val Macro F1: 0.8086
Per-class F1 scores:
  Class 0: 0.9591
  Class 1: 0.6939 (tonal speech)
  Class 2: 0.8344
  Class 3: 0.4920 (env/music)
  Class 4: 0.9496
  Class 5: 0.9226
Confusion between Similar Classes:
  Class 0→1:  2467 | Class 1→0:  2846
  Class 2→3:   706 | Class 3→2:  4294
Current learning rate: 0.000926

============================================================
Epoch 44/50
============================================================
  Batch 0/6019, Loss: 0.0584
  Batch 100/6019, Loss: 0.1154
  Batch 200/6019, Loss: 0.0683
  Batch 300/6019, Loss: 0.0916
  Batch 400/6019, Loss: 0.0975
  Batch 500/6019, Loss: 0.0777
  Batch 600/6019, Loss: 0.1104
  Batch 700/6019, Loss: 0.0816
  Batch 800/6019, Loss: 0.0441
  Batch 900/6019, Loss: 0.1227
  Batch 1000/6019, Loss: 0.0917
  Batch 1100/6019, Loss: 0.0786
  Batch 1200/6019, Loss: 0.0852
  Batch 1300/6019, Loss: 0.0853
  Batch 1400/6019, Loss: 0.0859
  Batch 1500/6019, Loss: 0.0788
  Batch 1600/6019, Loss: 0.0835
  Batch 1700/6019, Loss: 0.0793
  Batch 1800/6019, Loss: 0.0656
  Batch 1900/6019, Loss: 0.0834
  Batch 2000/6019, Loss: 0.1300
  Batch 2100/6019, Loss: 0.0824
  Batch 2200/6019, Loss: 0.1062
  Batch 2300/6019, Loss: 0.0931
  Batch 2400/6019, Loss: 0.0951
  Batch 2500/6019, Loss: 0.0855
  Batch 2600/6019, Loss: 0.0903
  Batch 2700/6019, Loss: 0.0808
  Batch 2800/6019, Loss: 0.0894
  Batch 2900/6019, Loss: 0.0897
  Batch 3000/6019, Loss: 0.0588
  Batch 3100/6019, Loss: 0.0582
  Batch 3200/6019, Loss: 0.0719
  Batch 3300/6019, Loss: 0.0920
  Batch 3400/6019, Loss: 0.0914
  Batch 3500/6019, Loss: 0.0809
  Batch 3600/6019, Loss: 0.0720
  Batch 3700/6019, Loss: 0.1005
  Batch 3800/6019, Loss: 0.0598
  Batch 3900/6019, Loss: 0.0778
  Batch 4000/6019, Loss: 0.0889
  Batch 4100/6019, Loss: 0.0835
  Batch 4200/6019, Loss: 0.1347
  Batch 4300/6019, Loss: 0.0952
  Batch 4400/6019, Loss: 0.0674
  Batch 4500/6019, Loss: 0.1048
  Batch 4600/6019, Loss: 0.0964
  Batch 4700/6019, Loss: 0.1253
  Batch 4800/6019, Loss: 0.0853
  Batch 4900/6019, Loss: 0.0848
  Batch 5000/6019, Loss: 0.0971
  Batch 5100/6019, Loss: 0.0981
  Batch 5200/6019, Loss: 0.0859
  Batch 5300/6019, Loss: 0.0950
  Batch 5400/6019, Loss: 0.0965
  Batch 5500/6019, Loss: 0.0871
  Batch 5600/6019, Loss: 0.1486
  Batch 5700/6019, Loss: 0.1142
  Batch 5800/6019, Loss: 0.0803
  Batch 5900/6019, Loss: 0.1156
  Batch 6000/6019, Loss: 0.0765
Train Loss: 0.0908
Val Loss: 0.2866, Val Macro F1: 0.8271
Per-class F1 scores:
  Class 0: 0.9650
  Class 1: 0.7122 (tonal speech)
  Class 2: 0.8360
  Class 3: 0.6012 (env/music)
  Class 4: 0.9228
  Class 5: 0.9255
Confusion between Similar Classes:
  Class 0→1:  1437 | Class 1→0:  3195
  Class 2→3:  1541 | Class 3→2:  3134
Current learning rate: 0.000905

============================================================
Epoch 45/50
============================================================
  Batch 0/6019, Loss: 0.1047
  Batch 100/6019, Loss: 0.1068
  Batch 200/6019, Loss: 0.0866
  Batch 300/6019, Loss: 0.1197
  Batch 400/6019, Loss: 0.0576
  Batch 500/6019, Loss: 0.0747
  Batch 600/6019, Loss: 0.0798
  Batch 700/6019, Loss: 0.0917
  Batch 800/6019, Loss: 0.1266
  Batch 900/6019, Loss: 0.1345
  Batch 1000/6019, Loss: 0.0681
  Batch 1100/6019, Loss: 0.1269
  Batch 1200/6019, Loss: 0.0646
  Batch 1300/6019, Loss: 0.0648
  Batch 1400/6019, Loss: 0.0822
  Batch 1500/6019, Loss: 0.0618
  Batch 1600/6019, Loss: 0.0668
  Batch 1700/6019, Loss: 0.0899
  Batch 1800/6019, Loss: 0.1022
  Batch 1900/6019, Loss: 0.1790
  Batch 2000/6019, Loss: 0.0861
  Batch 2100/6019, Loss: 0.0797
  Batch 2200/6019, Loss: 0.0980
  Batch 2300/6019, Loss: 0.0705
  Batch 2400/6019, Loss: 0.0599
  Batch 2500/6019, Loss: 0.1277
  Batch 2600/6019, Loss: 0.0826
  Batch 2700/6019, Loss: 0.0951
  Batch 2800/6019, Loss: 0.0701
  Batch 2900/6019, Loss: 0.0969
  Batch 3000/6019, Loss: 0.0661
  Batch 3100/6019, Loss: 0.1020
  Batch 3200/6019, Loss: 0.1284
  Batch 3300/6019, Loss: 0.0839
  Batch 3400/6019, Loss: 0.0924
  Batch 3500/6019, Loss: 0.0677
  Batch 3600/6019, Loss: 0.0839
  Batch 3700/6019, Loss: 0.0841
  Batch 3800/6019, Loss: 0.0697
  Batch 3900/6019, Loss: 0.0813
  Batch 4000/6019, Loss: 0.0941
  Batch 4100/6019, Loss: 0.0788
  Batch 4200/6019, Loss: 0.0555
  Batch 4300/6019, Loss: 0.0616
  Batch 4400/6019, Loss: 0.0893
  Batch 4500/6019, Loss: 0.0665
  Batch 4600/6019, Loss: 0.1083
  Batch 4700/6019, Loss: 0.0858
  Batch 4800/6019, Loss: 0.0706
  Batch 4900/6019, Loss: 0.0590
  Batch 5000/6019, Loss: 0.1070
  Batch 5100/6019, Loss: 0.0973
  Batch 5200/6019, Loss: 0.0781
  Batch 5300/6019, Loss: 0.0671
  Batch 5400/6019, Loss: 0.1018
  Batch 5500/6019, Loss: 0.1073
  Batch 5600/6019, Loss: 0.1010
  Batch 5700/6019, Loss: 0.1118
  Batch 5800/6019, Loss: 0.1006
  Batch 5900/6019, Loss: 0.0685
  Batch 6000/6019, Loss: 0.0923
Train Loss: 0.0904
Val Loss: 0.3115, Val Macro F1: 0.8223
Per-class F1 scores:
  Class 0: 0.9568
  Class 1: 0.6972 (tonal speech)
  Class 2: 0.8251
  Class 3: 0.6314 (env/music)
  Class 4: 0.9007
  Class 5: 0.9227
Confusion between Similar Classes:
  Class 0→1:  3227 | Class 1→0:  2424
  Class 2→3:  2194 | Class 3→2:  2575
Current learning rate: 0.000880

============================================================
Epoch 46/50
============================================================
  Batch 0/6019, Loss: 0.1662
  Batch 100/6019, Loss: 0.0961
  Batch 200/6019, Loss: 0.1288
  Batch 300/6019, Loss: 0.0859
  Batch 400/6019, Loss: 0.1016
  Batch 500/6019, Loss: 0.1006
  Batch 600/6019, Loss: 0.1019
  Batch 700/6019, Loss: 0.0882
  Batch 800/6019, Loss: 0.1012
  Batch 900/6019, Loss: 0.1198
  Batch 1000/6019, Loss: 0.0835
  Batch 1100/6019, Loss: 0.0685
  Batch 1200/6019, Loss: 0.1114
  Batch 1300/6019, Loss: 0.0743
  Batch 1400/6019, Loss: 0.0890
  Batch 1500/6019, Loss: 0.1013
  Batch 1600/6019, Loss: 0.0790
  Batch 1700/6019, Loss: 0.0825
  Batch 1800/6019, Loss: 0.1047
  Batch 1900/6019, Loss: 0.1023
  Batch 2000/6019, Loss: 0.1012
  Batch 2100/6019, Loss: 0.0733
  Batch 2200/6019, Loss: 0.0909
  Batch 2300/6019, Loss: 0.1016
  Batch 2400/6019, Loss: 0.0915
  Batch 2500/6019, Loss: 0.0773
  Batch 2600/6019, Loss: 0.0744
  Batch 2700/6019, Loss: 0.0708
  Batch 2800/6019, Loss: 0.0795
  Batch 2900/6019, Loss: 0.0664
  Batch 3000/6019, Loss: 0.0793
  Batch 3100/6019, Loss: 0.0863
  Batch 3200/6019, Loss: 0.0798
  Batch 3300/6019, Loss: 0.0862
  Batch 3400/6019, Loss: 0.1198
  Batch 3500/6019, Loss: 0.0727
  Batch 3600/6019, Loss: 0.0965
  Batch 3700/6019, Loss: 0.0957
  Batch 3800/6019, Loss: 0.1012
  Batch 3900/6019, Loss: 0.1041
  Batch 4000/6019, Loss: 0.1001
  Batch 4100/6019, Loss: 0.0565
  Batch 4200/6019, Loss: 0.0968
  Batch 4300/6019, Loss: 0.0467
  Batch 4400/6019, Loss: 0.0716
  Batch 4500/6019, Loss: 0.0685
  Batch 4600/6019, Loss: 0.0897
  Batch 4700/6019, Loss: 0.1339
  Batch 4800/6019, Loss: 0.0780
  Batch 4900/6019, Loss: 0.0456
  Batch 5000/6019, Loss: 0.0842
  Batch 5100/6019, Loss: 0.0468
  Batch 5200/6019, Loss: 0.0996
  Batch 5300/6019, Loss: 0.0800
  Batch 5400/6019, Loss: 0.0960
  Batch 5500/6019, Loss: 0.0702
  Batch 5600/6019, Loss: 0.0483
  Batch 5700/6019, Loss: 0.0758
  Batch 5800/6019, Loss: 0.0816
  Batch 5900/6019, Loss: 0.0922
  Batch 6000/6019, Loss: 0.0839
Train Loss: 0.0898
Val Loss: 0.2578, Val Macro F1: 0.8327
Per-class F1 scores:
  Class 0: 0.9670
  Class 1: 0.7134 (tonal speech)
  Class 2: 0.8307
  Class 3: 0.6250 (env/music)
  Class 4: 0.9364
  Class 5: 0.9237
Confusion between Similar Classes:
  Class 0→1:   998 | Class 1→0:  3390
  Class 2→3:  1992 | Class 3→2:  2720
Current learning rate: 0.000854
✓ Saved best model with Val F1: 0.8327

============================================================
Epoch 47/50
============================================================
  Batch 0/6019, Loss: 0.0801
  Batch 100/6019, Loss: 0.0970
  Batch 200/6019, Loss: 0.0894
  Batch 300/6019, Loss: 0.0808
  Batch 400/6019, Loss: 0.0570
  Batch 500/6019, Loss: 0.0893
  Batch 600/6019, Loss: 0.0834
  Batch 700/6019, Loss: 0.0694
  Batch 800/6019, Loss: 0.0769
  Batch 900/6019, Loss: 0.1173
  Batch 1000/6019, Loss: 0.1040
  Batch 1100/6019, Loss: 0.1326
  Batch 1200/6019, Loss: 0.1076
  Batch 1300/6019, Loss: 0.0892
  Batch 1400/6019, Loss: 0.0735
  Batch 1500/6019, Loss: 0.1083
  Batch 1600/6019, Loss: 0.0702
  Batch 1700/6019, Loss: 0.1042
  Batch 1800/6019, Loss: 0.0682
  Batch 1900/6019, Loss: 0.0707
  Batch 2000/6019, Loss: 0.1011
  Batch 2100/6019, Loss: 0.0974
  Batch 2200/6019, Loss: 0.1451
  Batch 2300/6019, Loss: 0.0803
  Batch 2400/6019, Loss: 0.0603
  Batch 2500/6019, Loss: 0.0575
  Batch 2600/6019, Loss: 0.0910
  Batch 2700/6019, Loss: 0.0729
  Batch 2800/6019, Loss: 0.0858
  Batch 2900/6019, Loss: 0.1017
  Batch 3000/6019, Loss: 0.0842
  Batch 3100/6019, Loss: 0.0680
  Batch 3200/6019, Loss: 0.0759
  Batch 3300/6019, Loss: 0.0828
  Batch 3400/6019, Loss: 0.1004
  Batch 3500/6019, Loss: 0.0817
  Batch 3600/6019, Loss: 0.0690
  Batch 3700/6019, Loss: 0.1169
  Batch 3800/6019, Loss: 0.0937
  Batch 3900/6019, Loss: 0.0916
  Batch 4000/6019, Loss: 0.0794
  Batch 4100/6019, Loss: 0.0856
  Batch 4200/6019, Loss: 0.1044
  Batch 4300/6019, Loss: 0.1172
  Batch 4400/6019, Loss: 0.0943
  Batch 4500/6019, Loss: 0.1177
  Batch 4600/6019, Loss: 0.0624
  Batch 4700/6019, Loss: 0.1009
  Batch 4800/6019, Loss: 0.0942
  Batch 4900/6019, Loss: 0.0633
  Batch 5000/6019, Loss: 0.1361
  Batch 5100/6019, Loss: 0.1166
  Batch 5200/6019, Loss: 0.0853
  Batch 5300/6019, Loss: 0.1113
  Batch 5400/6019, Loss: 0.1096
  Batch 5500/6019, Loss: 0.0403
  Batch 5600/6019, Loss: 0.0864
  Batch 5700/6019, Loss: 0.0757
  Batch 5800/6019, Loss: 0.0515
  Batch 5900/6019, Loss: 0.0937
  Batch 6000/6019, Loss: 0.0809
Train Loss: 0.0890
Val Loss: 0.2750, Val Macro F1: 0.8104
Per-class F1 scores:
  Class 0: 0.9660
  Class 1: 0.7114 (tonal speech)
  Class 2: 0.8367
  Class 3: 0.5000 (env/music)
  Class 4: 0.9409
  Class 5: 0.9074
Confusion between Similar Classes:
  Class 0→1:  1210 | Class 1→0:  3317
  Class 2→3:   692 | Class 3→2:  4169
Current learning rate: 0.000825

============================================================
Epoch 48/50
============================================================
  Batch 0/6019, Loss: 0.0989
  Batch 100/6019, Loss: 0.0823
  Batch 200/6019, Loss: 0.0917
  Batch 300/6019, Loss: 0.0883
  Batch 400/6019, Loss: 0.0777
  Batch 500/6019, Loss: 0.0896
  Batch 600/6019, Loss: 0.1092
  Batch 700/6019, Loss: 0.0810
  Batch 800/6019, Loss: 0.0802
  Batch 900/6019, Loss: 0.0853
  Batch 1000/6019, Loss: 0.0737
  Batch 1100/6019, Loss: 0.0656
  Batch 1200/6019, Loss: 0.1056
  Batch 1300/6019, Loss: 0.1050
  Batch 1400/6019, Loss: 0.0854
  Batch 1500/6019, Loss: 0.0687
  Batch 1600/6019, Loss: 0.0615
  Batch 1700/6019, Loss: 0.0686
  Batch 1800/6019, Loss: 0.0783
  Batch 1900/6019, Loss: 0.0786
  Batch 2000/6019, Loss: 0.0808
  Batch 2100/6019, Loss: 0.0956
  Batch 2200/6019, Loss: 0.1224
  Batch 2300/6019, Loss: 0.1025
  Batch 2400/6019, Loss: 0.1361
  Batch 2500/6019, Loss: 0.0656
  Batch 2600/6019, Loss: 0.0485
  Batch 2700/6019, Loss: 0.0993
  Batch 2800/6019, Loss: 0.1082
  Batch 2900/6019, Loss: 0.1291
  Batch 3000/6019, Loss: 0.0915
  Batch 3100/6019, Loss: 0.0652
  Batch 3200/6019, Loss: 0.0631
  Batch 3300/6019, Loss: 0.1075
  Batch 3400/6019, Loss: 0.0549
  Batch 3500/6019, Loss: 0.0817
  Batch 3600/6019, Loss: 0.0753
  Batch 3700/6019, Loss: 0.1321
  Batch 3800/6019, Loss: 0.1122
  Batch 3900/6019, Loss: 0.1026
  Batch 4000/6019, Loss: 0.1113
  Batch 4100/6019, Loss: 0.0674
  Batch 4200/6019, Loss: 0.0763
  Batch 4300/6019, Loss: 0.0618
  Batch 4400/6019, Loss: 0.0759
  Batch 4500/6019, Loss: 0.0624
  Batch 4600/6019, Loss: 0.1662
  Batch 4700/6019, Loss: 0.0869
  Batch 4800/6019, Loss: 0.1428
  Batch 4900/6019, Loss: 0.0728
  Batch 5000/6019, Loss: 0.0902
  Batch 5100/6019, Loss: 0.0984
  Batch 5200/6019, Loss: 0.1273
  Batch 5300/6019, Loss: 0.0567
  Batch 5400/6019, Loss: 0.0640
  Batch 5500/6019, Loss: 0.0853
  Batch 5600/6019, Loss: 0.0963
  Batch 5700/6019, Loss: 0.0788
  Batch 5800/6019, Loss: 0.0911
  Batch 5900/6019, Loss: 0.0779
  Batch 6000/6019, Loss: 0.0988
Train Loss: 0.0877
Val Loss: 0.2814, Val Macro F1: 0.8195
Per-class F1 scores:
  Class 0: 0.9638
  Class 1: 0.6961 (tonal speech)
  Class 2: 0.8390
  Class 3: 0.5572 (env/music)
  Class 4: 0.9391
  Class 5: 0.9217
Confusion between Similar Classes:
  Class 0→1:  1462 | Class 1→0:  3354
  Class 2→3:  1024 | Class 3→2:  3703
Current learning rate: 0.000794

============================================================
Epoch 49/50
============================================================
  Batch 0/6019, Loss: 0.0798
  Batch 100/6019, Loss: 0.0848
  Batch 200/6019, Loss: 0.1252
  Batch 300/6019, Loss: 0.0938
  Batch 400/6019, Loss: 0.1065
  Batch 500/6019, Loss: 0.0596
  Batch 600/6019, Loss: 0.0791
  Batch 700/6019, Loss: 0.0913
  Batch 800/6019, Loss: 0.1033
  Batch 900/6019, Loss: 0.0809
  Batch 1000/6019, Loss: 0.1165
  Batch 1100/6019, Loss: 0.0830
  Batch 1200/6019, Loss: 0.0544
  Batch 1300/6019, Loss: 0.1144
  Batch 1400/6019, Loss: 0.0940
  Batch 1500/6019, Loss: 0.0744
  Batch 1600/6019, Loss: 0.1358
  Batch 1700/6019, Loss: 0.0933
  Batch 1800/6019, Loss: 0.0784
  Batch 1900/6019, Loss: 0.0907
  Batch 2000/6019, Loss: 0.0702
  Batch 2100/6019, Loss: 0.0872
  Batch 2200/6019, Loss: 0.0700
  Batch 2300/6019, Loss: 0.0992
  Batch 2400/6019, Loss: 0.0766
  Batch 2500/6019, Loss: 0.0678
  Batch 2600/6019, Loss: 0.0829
  Batch 2700/6019, Loss: 0.0734
  Batch 2800/6019, Loss: 0.0769
  Batch 2900/6019, Loss: 0.0647
  Batch 3000/6019, Loss: 0.1046
  Batch 3100/6019, Loss: 0.0878
  Batch 3200/6019, Loss: 0.0980
  Batch 3300/6019, Loss: 0.0709
  Batch 3400/6019, Loss: 0.0827
  Batch 3500/6019, Loss: 0.1318
  Batch 3600/6019, Loss: 0.1163
  Batch 3700/6019, Loss: 0.0816
  Batch 3800/6019, Loss: 0.0876
  Batch 3900/6019, Loss: 0.0805
  Batch 4000/6019, Loss: 0.0867
  Batch 4100/6019, Loss: 0.1181
  Batch 4200/6019, Loss: 0.0865
  Batch 4300/6019, Loss: 0.0903
  Batch 4400/6019, Loss: 0.1088
  Batch 4500/6019, Loss: 0.0765
  Batch 4600/6019, Loss: 0.0755
  Batch 4700/6019, Loss: 0.0791
  Batch 4800/6019, Loss: 0.0852
  Batch 4900/6019, Loss: 0.0637
  Batch 5000/6019, Loss: 0.0725
  Batch 5100/6019, Loss: 0.0872
  Batch 5200/6019, Loss: 0.0645
  Batch 5300/6019, Loss: 0.0738
  Batch 5400/6019, Loss: 0.0900
  Batch 5500/6019, Loss: 0.0600
  Batch 5600/6019, Loss: 0.0585
  Batch 5700/6019, Loss: 0.0890
  Batch 5800/6019, Loss: 0.0783
  Batch 5900/6019, Loss: 0.0820
  Batch 6000/6019, Loss: 0.0834
Train Loss: 0.0872
Val Loss: 0.3064, Val Macro F1: 0.8054
Per-class F1 scores:
  Class 0: 0.9605
  Class 1: 0.6994 (tonal speech)
  Class 2: 0.8358
  Class 3: 0.4780 (env/music)
  Class 4: 0.9370
  Class 5: 0.9218
Confusion between Similar Classes:
  Class 0→1:  2396 | Class 1→0:  2820
  Class 2→3:   652 | Class 3→2:  4387
Current learning rate: 0.000761

============================================================
Epoch 50/50
============================================================
  Batch 0/6019, Loss: 0.0926
  Batch 100/6019, Loss: 0.0878
  Batch 200/6019, Loss: 0.0629
  Batch 300/6019, Loss: 0.0904
  Batch 400/6019, Loss: 0.0717
  Batch 500/6019, Loss: 0.0875
  Batch 600/6019, Loss: 0.1234
  Batch 700/6019, Loss: 0.0769
  Batch 800/6019, Loss: 0.0742
  Batch 900/6019, Loss: 0.1137
  Batch 1000/6019, Loss: 0.0712
  Batch 1100/6019, Loss: 0.0551
  Batch 1200/6019, Loss: 0.1117
  Batch 1300/6019, Loss: 0.0621
  Batch 1400/6019, Loss: 0.0606
  Batch 1500/6019, Loss: 0.0522
  Batch 1600/6019, Loss: 0.1020
  Batch 1700/6019, Loss: 0.1025
  Batch 1800/6019, Loss: 0.0652
  Batch 1900/6019, Loss: 0.1030
  Batch 2000/6019, Loss: 0.0731
  Batch 2100/6019, Loss: 0.0909
  Batch 2200/6019, Loss: 0.1062
  Batch 2300/6019, Loss: 0.0848
  Batch 2400/6019, Loss: 0.0760
  Batch 2500/6019, Loss: 0.0748
  Batch 2600/6019, Loss: 0.1161
  Batch 2700/6019, Loss: 0.0745
  Batch 2800/6019, Loss: 0.1199
  Batch 2900/6019, Loss: 0.0822
  Batch 3000/6019, Loss: 0.0677
  Batch 3100/6019, Loss: 0.1226
  Batch 3200/6019, Loss: 0.0824
  Batch 3300/6019, Loss: 0.0634
  Batch 3400/6019, Loss: 0.0574
  Batch 3500/6019, Loss: 0.0810
  Batch 3600/6019, Loss: 0.0883
  Batch 3700/6019, Loss: 0.0747
  Batch 3800/6019, Loss: 0.0948
  Batch 3900/6019, Loss: 0.0902
  Batch 4000/6019, Loss: 0.1323
  Batch 4100/6019, Loss: 0.0670
  Batch 4200/6019, Loss: 0.0795
  Batch 4300/6019, Loss: 0.0884
  Batch 4400/6019, Loss: 0.0819
  Batch 4500/6019, Loss: 0.1075
  Batch 4600/6019, Loss: 0.1059
  Batch 4700/6019, Loss: 0.1243
  Batch 4800/6019, Loss: 0.0748
  Batch 4900/6019, Loss: 0.0874
  Batch 5000/6019, Loss: 0.0688
  Batch 5100/6019, Loss: 0.1018
  Batch 5200/6019, Loss: 0.0895
  Batch 5300/6019, Loss: 0.0983
  Batch 5400/6019, Loss: 0.1034
  Batch 5500/6019, Loss: 0.0820
  Batch 5600/6019, Loss: 0.0777
  Batch 5700/6019, Loss: 0.0778
  Batch 5800/6019, Loss: 0.0590
  Batch 5900/6019, Loss: 0.0897
  Batch 6000/6019, Loss: 0.0918
Train Loss: 0.0862
Val Loss: 0.2643, Val Macro F1: 0.8348
Per-class F1 scores:
  Class 0: 0.9663
  Class 1: 0.7196 (tonal speech)
  Class 2: 0.8342
  Class 3: 0.5996 (env/music)
  Class 4: 0.9510
  Class 5: 0.9382
Confusion between Similar Classes:
  Class 0→1:  1370 | Class 1→0:  3128
  Class 2→3:  1657 | Class 3→2:  3155
Current learning rate: 0.000727
✓ Saved best model with Val F1: 0.8348

============================================================
Training completed! Best Val F1: 0.8348
============================================================

============================================================
Final evaluation on test set...
============================================================

Test Loss: 0.2636
Test Macro F1: 0.8520

Per-class F1 scores:
  Class 0: 0.9565
  Class 1: 0.7395
  Class 2: 0.8393
  Class 3: 0.6521
  Class 4: 0.9687
  Class 5: 0.9557

Confusion Matrix:
[[68793  1277    16     3     0    28]
 [ 4825  8667     1     1     0     1]
 [   67     2 10566  1441     1    88]
 [   12     0  2356  3622     2    26]
 [    0     0     4     1   758     6]
 [   27     0    69    22    35  3258]]

Confusion analysis for target pairs:
  Class 0 → Class 1: 1277/70117 (1.8%)
  Class 1 → Class 0: 4825/13495 (35.8%)
  Class 2 → Class 3: 1441/12165 (11.8%)
  Class 3 → Class 2: 2356/6018 (39.1%)

============================================================
Training and evaluation completed!
============================================================
