Using device: cuda
GPU: Tesla V100-SXM2-32GB
GPU Memory: 34.08 GB
Mode 0: Standard training
Checkpoint directory: model/STM/ASM_Enhanced_corpora_categories/standard/ckpt/2026-01-18_07-29

============================================================
Loading and preparing data...
============================================================
Loaded: /vast-ac8888/MusicSpeech-STM/STM_output/corpSTMnpy/BibleTTS-akuapem-twi_STMall.npy, shape: (23592, 2420)
Loaded: /vast-ac8888/MusicSpeech-STM/STM_output/corpSTMnpy/BibleTTS-asante-twi_STMall.npy, shape: (20768, 2420)
Loaded: /vast-ac8888/MusicSpeech-STM/STM_output/corpSTMnpy/BibleTTS-ewe_STMall.npy, shape: (22138, 2420)
Loaded: /vast-ac8888/MusicSpeech-STM/STM_output/corpSTMnpy/BibleTTS-hausa_STMall.npy, shape: (29002, 2420)
Loaded: /vast-ac8888/MusicSpeech-STM/STM_output/corpSTMnpy/BibleTTS-lingala_STMall.npy, shape: (11219, 2420)
Loaded: /vast-ac8888/MusicSpeech-STM/STM_output/corpSTMnpy/BibleTTS-yoruba_STMall.npy, shape: (6629, 2420)
Loaded: /vast-ac8888/MusicSpeech-STM/STM_output/corpSTMnpy/Buckeye_STMall.npy, shape: (255, 2420)
Loaded: /vast-ac8888/MusicSpeech-STM/STM_output/corpSTMnpy/EUROM_STMall.npy, shape: (6623, 2420)
Loaded: /vast-ac8888/MusicSpeech-STM/STM_output/corpSTMnpy/HiltonMoser2022_speech_STMall.npy, shape: (785, 2420)
Loaded: /vast-ac8888/MusicSpeech-STM/STM_output/corpSTMnpy/LibriSpeech_STMall.npy, shape: (27144, 2420)
Loaded: /vast-ac8888/MusicSpeech-STM/STM_output/corpSTMnpy/MediaSpeech-AR_STMall.npy, shape: (2505, 2420)
Loaded: /vast-ac8888/MusicSpeech-STM/STM_output/corpSTMnpy/MediaSpeech-ES_STMall.npy, shape: (2507, 2420)
Loaded: /vast-ac8888/MusicSpeech-STM/STM_output/corpSTMnpy/MediaSpeech-FR_STMall.npy, shape: (2498, 2420)
Loaded: /vast-ac8888/MusicSpeech-STM/STM_output/corpSTMnpy/MediaSpeech-TR_STMall.npy, shape: (2512, 2420)
Loaded: /vast-ac8888/MusicSpeech-STM/STM_output/corpSTMnpy/MozillaCommonVoice-ab_STMall.npy, shape: (7558, 2420)
Loaded: /vast-ac8888/MusicSpeech-STM/STM_output/corpSTMnpy/MozillaCommonVoice-ar_STMall.npy, shape: (8080, 2420)
Loaded: /vast-ac8888/MusicSpeech-STM/STM_output/corpSTMnpy/MozillaCommonVoice-ba_STMall.npy, shape: (7964, 2420)
Loaded: /vast-ac8888/MusicSpeech-STM/STM_output/corpSTMnpy/MozillaCommonVoice-be_STMall.npy, shape: (8595, 2420)
Loaded: /vast-ac8888/MusicSpeech-STM/STM_output/corpSTMnpy/MozillaCommonVoice-bg_STMall.npy, shape: (7130, 2420)
Loaded: /vast-ac8888/MusicSpeech-STM/STM_output/corpSTMnpy/MozillaCommonVoice-bn_STMall.npy, shape: (8149, 2420)
Loaded: /vast-ac8888/MusicSpeech-STM/STM_output/corpSTMnpy/MozillaCommonVoice-br_STMall.npy, shape: (1454, 2420)
Loaded: /vast-ac8888/MusicSpeech-STM/STM_output/corpSTMnpy/MozillaCommonVoice-ca_STMall.npy, shape: (8237, 2420)
Loaded: /vast-ac8888/MusicSpeech-STM/STM_output/corpSTMnpy/MozillaCommonVoice-ckb_STMall.npy, shape: (7490, 2420)
Loaded: /vast-ac8888/MusicSpeech-STM/STM_output/corpSTMnpy/MozillaCommonVoice-cnh_STMall.npy, shape: (656, 2420)
Loaded: /vast-ac8888/MusicSpeech-STM/STM_output/corpSTMnpy/MozillaCommonVoice-cs_STMall.npy, shape: (8622, 2420)
Loaded: /vast-ac8888/MusicSpeech-STM/STM_output/corpSTMnpy/MozillaCommonVoice-cv_STMall.npy, shape: (8755, 2420)
Loaded: /vast-ac8888/MusicSpeech-STM/STM_output/corpSTMnpy/MozillaCommonVoice-cy_STMall.npy, shape: (7640, 2420)
Loaded: /vast-ac8888/MusicSpeech-STM/STM_output/corpSTMnpy/MozillaCommonVoice-da_STMall.npy, shape: (3878, 2420)
Loaded: /vast-ac8888/MusicSpeech-STM/STM_output/corpSTMnpy/MozillaCommonVoice-de_STMall.npy, shape: (8979, 2420)
Loaded: /vast-ac8888/MusicSpeech-STM/STM_output/corpSTMnpy/MozillaCommonVoice-dv_STMall.npy, shape: (9113, 2420)
Loaded: /vast-ac8888/MusicSpeech-STM/STM_output/corpSTMnpy/MozillaCommonVoice-el_STMall.npy, shape: (6422, 2420)
Loaded: /vast-ac8888/MusicSpeech-STM/STM_output/corpSTMnpy/MozillaCommonVoice-en_STMall.npy, shape: (8607, 2420)
Loaded: /vast-ac8888/MusicSpeech-STM/STM_output/corpSTMnpy/MozillaCommonVoice-eo_STMall.npy, shape: (9327, 2420)
Loaded: /vast-ac8888/MusicSpeech-STM/STM_output/corpSTMnpy/MozillaCommonVoice-es_STMall.npy, shape: (8742, 2420)
Loaded: /vast-ac8888/MusicSpeech-STM/STM_output/corpSTMnpy/MozillaCommonVoice-et_STMall.npy, shape: (9653, 2420)
Loaded: /vast-ac8888/MusicSpeech-STM/STM_output/corpSTMnpy/MozillaCommonVoice-eu_STMall.npy, shape: (7983, 2420)
Loaded: /vast-ac8888/MusicSpeech-STM/STM_output/corpSTMnpy/MozillaCommonVoice-fa_STMall.npy, shape: (8629, 2420)
Loaded: /vast-ac8888/MusicSpeech-STM/STM_output/corpSTMnpy/MozillaCommonVoice-fi_STMall.npy, shape: (3982, 2420)
Loaded: /vast-ac8888/MusicSpeech-STM/STM_output/corpSTMnpy/MozillaCommonVoice-fr_STMall.npy, shape: (8912, 2420)
Loaded: /vast-ac8888/MusicSpeech-STM/STM_output/corpSTMnpy/MozillaCommonVoice-fy-NL_STMall.npy, shape: (6694, 2420)
Loaded: /vast-ac8888/MusicSpeech-STM/STM_output/corpSTMnpy/MozillaCommonVoice-ga-IE_STMall.npy, shape: (1323, 2420)
Loaded: /vast-ac8888/MusicSpeech-STM/STM_output/corpSTMnpy/MozillaCommonVoice-gl_STMall.npy, shape: (8623, 2420)
Loaded: /vast-ac8888/MusicSpeech-STM/STM_output/corpSTMnpy/MozillaCommonVoice-gn_STMall.npy, shape: (1014, 2420)
Loaded: /vast-ac8888/MusicSpeech-STM/STM_output/corpSTMnpy/MozillaCommonVoice-hi_STMall.npy, shape: (5438, 2420)
Loaded: /vast-ac8888/MusicSpeech-STM/STM_output/corpSTMnpy/MozillaCommonVoice-hu_STMall.npy, shape: (8319, 2420)
Loaded: /vast-ac8888/MusicSpeech-STM/STM_output/corpSTMnpy/MozillaCommonVoice-hy-AM_STMall.npy, shape: (6980, 2420)
Loaded: /vast-ac8888/MusicSpeech-STM/STM_output/corpSTMnpy/MozillaCommonVoice-id_STMall.npy, shape: (8468, 2420)
Loaded: /vast-ac8888/MusicSpeech-STM/STM_output/corpSTMnpy/MozillaCommonVoice-ig_STMall.npy, shape: (9, 2420)
Loaded: /vast-ac8888/MusicSpeech-STM/STM_output/corpSTMnpy/MozillaCommonVoice-it_STMall.npy, shape: (9083, 2420)
Loaded: /vast-ac8888/MusicSpeech-STM/STM_output/corpSTMnpy/MozillaCommonVoice-ja_STMall.npy, shape: (8606, 2420)
Loaded: /vast-ac8888/MusicSpeech-STM/STM_output/corpSTMnpy/MozillaCommonVoice-ka_STMall.npy, shape: (9409, 2420)
Loaded: /vast-ac8888/MusicSpeech-STM/STM_output/corpSTMnpy/MozillaCommonVoice-kab_STMall.npy, shape: (7172, 2420)
Loaded: /vast-ac8888/MusicSpeech-STM/STM_output/corpSTMnpy/MozillaCommonVoice-kk_STMall.npy, shape: (867, 2420)
Loaded: /vast-ac8888/MusicSpeech-STM/STM_output/corpSTMnpy/MozillaCommonVoice-kmr_STMall.npy, shape: (6603, 2420)
Loaded: /vast-ac8888/MusicSpeech-STM/STM_output/corpSTMnpy/MozillaCommonVoice-ky_STMall.npy, shape: (7998, 2420)
Loaded: /vast-ac8888/MusicSpeech-STM/STM_output/corpSTMnpy/MozillaCommonVoice-lg_STMall.npy, shape: (8169, 2420)
Loaded: /vast-ac8888/MusicSpeech-STM/STM_output/corpSTMnpy/MozillaCommonVoice-lt_STMall.npy, shape: (9073, 2420)
Loaded: /vast-ac8888/MusicSpeech-STM/STM_output/corpSTMnpy/MozillaCommonVoice-ltg_STMall.npy, shape: (2299, 2420)
Loaded: /vast-ac8888/MusicSpeech-STM/STM_output/corpSTMnpy/MozillaCommonVoice-lv_STMall.npy, shape: (7666, 2420)
Loaded: /vast-ac8888/MusicSpeech-STM/STM_output/corpSTMnpy/MozillaCommonVoice-mhr_STMall.npy, shape: (8336, 2420)
Loaded: /vast-ac8888/MusicSpeech-STM/STM_output/corpSTMnpy/MozillaCommonVoice-ml_STMall.npy, shape: (813, 2420)
Loaded: /vast-ac8888/MusicSpeech-STM/STM_output/corpSTMnpy/MozillaCommonVoice-mn_STMall.npy, shape: (5968, 2420)
Loaded: /vast-ac8888/MusicSpeech-STM/STM_output/corpSTMnpy/MozillaCommonVoice-mt_STMall.npy, shape: (3632, 2420)
Loaded: /vast-ac8888/MusicSpeech-STM/STM_output/corpSTMnpy/MozillaCommonVoice-nan-tw_STMall.npy, shape: (181, 2420)
Loaded: /vast-ac8888/MusicSpeech-STM/STM_output/corpSTMnpy/MozillaCommonVoice-nl_STMall.npy, shape: (8834, 2420)
Loaded: /vast-ac8888/MusicSpeech-STM/STM_output/corpSTMnpy/MozillaCommonVoice-oc_STMall.npy, shape: (681, 2420)
Loaded: /vast-ac8888/MusicSpeech-STM/STM_output/corpSTMnpy/MozillaCommonVoice-or_STMall.npy, shape: (1941, 2420)
Loaded: /vast-ac8888/MusicSpeech-STM/STM_output/corpSTMnpy/MozillaCommonVoice-pl_STMall.npy, shape: (8817, 2420)
Loaded: /vast-ac8888/MusicSpeech-STM/STM_output/corpSTMnpy/MozillaCommonVoice-pt_STMall.npy, shape: (8413, 2420)
Loaded: /vast-ac8888/MusicSpeech-STM/STM_output/corpSTMnpy/MozillaCommonVoice-ro_STMall.npy, shape: (6666, 2420)
Loaded: /vast-ac8888/MusicSpeech-STM/STM_output/corpSTMnpy/MozillaCommonVoice-ru_STMall.npy, shape: (9260, 2420)
Loaded: /vast-ac8888/MusicSpeech-STM/STM_output/corpSTMnpy/MozillaCommonVoice-rw_STMall.npy, shape: (9148, 2420)
Loaded: /vast-ac8888/MusicSpeech-STM/STM_output/corpSTMnpy/MozillaCommonVoice-sr_STMall.npy, shape: (391, 2420)
Loaded: /vast-ac8888/MusicSpeech-STM/STM_output/corpSTMnpy/MozillaCommonVoice-sv-SE_STMall.npy, shape: (8288, 2420)
Loaded: /vast-ac8888/MusicSpeech-STM/STM_output/corpSTMnpy/MozillaCommonVoice-sw_STMall.npy, shape: (9192, 2420)
Loaded: /vast-ac8888/MusicSpeech-STM/STM_output/corpSTMnpy/MozillaCommonVoice-ta_STMall.npy, shape: (9474, 2420)
Loaded: /vast-ac8888/MusicSpeech-STM/STM_output/corpSTMnpy/MozillaCommonVoice-th_STMall.npy, shape: (8044, 2420)
Loaded: /vast-ac8888/MusicSpeech-STM/STM_output/corpSTMnpy/MozillaCommonVoice-tr_STMall.npy, shape: (7953, 2420)
Loaded: /vast-ac8888/MusicSpeech-STM/STM_output/corpSTMnpy/MozillaCommonVoice-tt_STMall.npy, shape: (7454, 2420)
Loaded: /vast-ac8888/MusicSpeech-STM/STM_output/corpSTMnpy/MozillaCommonVoice-ug_STMall.npy, shape: (7899, 2420)
Loaded: /vast-ac8888/MusicSpeech-STM/STM_output/corpSTMnpy/MozillaCommonVoice-uk_STMall.npy, shape: (8819, 2420)
Loaded: /vast-ac8888/MusicSpeech-STM/STM_output/corpSTMnpy/MozillaCommonVoice-ur_STMall.npy, shape: (8970, 2420)
Loaded: /vast-ac8888/MusicSpeech-STM/STM_output/corpSTMnpy/MozillaCommonVoice-uz_STMall.npy, shape: (7911, 2420)
Loaded: /vast-ac8888/MusicSpeech-STM/STM_output/corpSTMnpy/MozillaCommonVoice-vi_STMall.npy, shape: (1859, 2420)
Loaded: /vast-ac8888/MusicSpeech-STM/STM_output/corpSTMnpy/MozillaCommonVoice-yo_STMall.npy, shape: (2511, 2420)
Loaded: /vast-ac8888/MusicSpeech-STM/STM_output/corpSTMnpy/MozillaCommonVoice-yue_STMall.npy, shape: (6156, 2420)
Loaded: /vast-ac8888/MusicSpeech-STM/STM_output/corpSTMnpy/MozillaCommonVoice-zh-CN_STMall.npy, shape: (8715, 2420)
Loaded: /vast-ac8888/MusicSpeech-STM/STM_output/corpSTMnpy/MozillaCommonVoice-zh-TW_STMall.npy, shape: (7286, 2420)
Loaded: /vast-ac8888/MusicSpeech-STM/STM_output/corpSTMnpy/SpeechClarity_STMall.npy, shape: (555, 2420)
Loaded: /vast-ac8888/MusicSpeech-STM/STM_output/corpSTMnpy/TAT-Vol2_STMall.npy, shape: (793, 2420)
Loaded: /vast-ac8888/MusicSpeech-STM/STM_output/corpSTMnpy/TIMIT_STMall.npy, shape: (479, 2420)
Loaded: /vast-ac8888/MusicSpeech-STM/STM_output/corpSTMnpy/TTS_Javanese_STMall.npy, shape: (3068, 2420)
Loaded: /vast-ac8888/MusicSpeech-STM/STM_output/corpSTMnpy/primewords_chinese_STMall.npy, shape: (47166, 2420)
Loaded: /vast-ac8888/MusicSpeech-STM/STM_output/corpSTMnpy/room_reader_STMall.npy, shape: (146, 2420)
Loaded: /vast-ac8888/MusicSpeech-STM/STM_output/corpSTMnpy/thchs30_STMall.npy, shape: (13327, 2420)
Loaded: /vast-ac8888/MusicSpeech-STM/STM_output/corpSTMnpy/zeroth_korean_STMall.npy, shape: (22255, 2420)
Loaded: /vast-ac8888/MusicSpeech-STM/STM_output/corpSTMnpy/Albouy2020Science_STMall.npy, shape: (123, 2420)
Loaded: /vast-ac8888/MusicSpeech-STM/STM_output/corpSTMnpy/GarlandEncyclopedia_STMall.npy, shape: (296, 2420)
Loaded: /vast-ac8888/MusicSpeech-STM/STM_output/corpSTMnpy/HiltonMoser2022_song_STMall.npy, shape: (803, 2420)
Loaded: /vast-ac8888/MusicSpeech-STM/STM_output/corpSTMnpy/IRMAS_STMall.npy, shape: (2838, 2420)
Loaded: /vast-ac8888/MusicSpeech-STM/STM_output/corpSTMnpy/MTG-Jamendo_STMall.npy, shape: (55699, 2420)
Loaded: /vast-ac8888/MusicSpeech-STM/STM_output/corpSTMnpy/MagnaTagATune_STMall.npy, shape: (25859, 2420)
Loaded: /vast-ac8888/MusicSpeech-STM/STM_output/corpSTMnpy/NHS2_STMall.npy, shape: (1007, 2420)
Loaded: /vast-ac8888/MusicSpeech-STM/STM_output/corpSTMnpy/fma_large_STMall.npy, shape: (106257, 2420)
Loaded: /vast-ac8888/MusicSpeech-STM/STM_output/corpSTMnpy/ismir04_genre_STMall.npy, shape: (2185, 2420)
Loaded: /vast-ac8888/MusicSpeech-STM/STM_output/corpSTMnpy/MacaulayLibrary_STMall.npy, shape: (34565, 2420)
Loaded: /vast-ac8888/MusicSpeech-STM/STM_output/corpSTMnpy/SONYC_STMall.npy, shape: (10798, 2420)
Total samples: 978378
Train samples: 770393
Val samples: 102010
Test samples: 105975
Feature dimension (flattened): 2420
Expected 2D shape: (20, 121)
Train dataset shape: torch.Size([770393, 20, 121])
Val dataset shape: torch.Size([102010, 20, 121])
Test dataset shape: torch.Size([105975, 20, 121])

DataLoaders created with batch_size=128
STM grid dimensions: Time=121, Freq=20

============================================================
Creating Enhanced ASM-RH model...
============================================================
Total parameters: 878,790
Trainable parameters: 878,790
Class weights: [ 0.25810108  1.59982598  1.260134    2.39827475 13.40280097  4.64388706]
Class distribution: [497475  80258 101893  53538   9580  27649]

Starting enhanced ASM training for 50 epochs...
Starting from epoch 1

============================================================
Epoch 1/50
============================================================
  Batch 0/6019, Loss: 1.1679
  Batch 100/6019, Loss: 0.6936
  Batch 200/6019, Loss: 0.8063
  Batch 300/6019, Loss: 0.6550
  Batch 400/6019, Loss: 0.6209
  Batch 500/6019, Loss: 0.8079
  Batch 600/6019, Loss: 0.4551
  Batch 700/6019, Loss: 0.7270
  Batch 800/6019, Loss: 0.5239
  Batch 900/6019, Loss: 0.5310
  Batch 1000/6019, Loss: 0.5237
  Batch 1100/6019, Loss: 0.5287
  Batch 1200/6019, Loss: 0.5584
  Batch 1300/6019, Loss: 0.5422
  Batch 1400/6019, Loss: 0.6610
  Batch 1500/6019, Loss: 0.3739
  Batch 1600/6019, Loss: 0.4527
  Batch 1700/6019, Loss: 0.8511
  Batch 1800/6019, Loss: 0.5114
  Batch 1900/6019, Loss: 0.5616
  Batch 2000/6019, Loss: 0.5105
  Batch 2100/6019, Loss: 0.5668
  Batch 2200/6019, Loss: 0.4584
  Batch 2300/6019, Loss: 0.5428
  Batch 2400/6019, Loss: 0.4491
  Batch 2500/6019, Loss: 0.4398
  Batch 2600/6019, Loss: 0.4683
  Batch 2700/6019, Loss: 0.5382
  Batch 2800/6019, Loss: 0.4175
  Batch 2900/6019, Loss: 0.4261
  Batch 3000/6019, Loss: 0.5236
  Batch 3100/6019, Loss: 0.4793
  Batch 3200/6019, Loss: 0.7034
  Batch 3300/6019, Loss: 0.4590
  Batch 3400/6019, Loss: 0.5400
  Batch 3500/6019, Loss: 0.4653
  Batch 3600/6019, Loss: 0.3985
  Batch 3700/6019, Loss: 0.3795
  Batch 3800/6019, Loss: 0.5680
  Batch 3900/6019, Loss: 0.5307
  Batch 4000/6019, Loss: 0.4516
  Batch 4100/6019, Loss: 0.5462
  Batch 4200/6019, Loss: 0.5317
  Batch 4300/6019, Loss: 0.6371
  Batch 4400/6019, Loss: 0.6181
  Batch 4500/6019, Loss: 0.4631
  Batch 4600/6019, Loss: 0.4562
  Batch 4700/6019, Loss: 0.4521
  Batch 4800/6019, Loss: 0.3965
  Batch 4900/6019, Loss: 0.4887
  Batch 5000/6019, Loss: 0.4515
  Batch 5100/6019, Loss: 0.4035
  Batch 5200/6019, Loss: 0.4685
  Batch 5300/6019, Loss: 0.4683
  Batch 5400/6019, Loss: 0.4548
  Batch 5500/6019, Loss: 0.4895
  Batch 5600/6019, Loss: 0.5225
  Batch 5700/6019, Loss: 0.4461
  Batch 5800/6019, Loss: 0.4687
  Batch 5900/6019, Loss: 0.5515
  Batch 6000/6019, Loss: 0.5204
Train Loss: 0.5321
Val Loss: 0.9312, Val Macro F1: 0.5343
Current learning rate: 0.000200
✓ Saved best model with Val F1: 0.5343

============================================================
Epoch 2/50
============================================================
  Batch 0/6019, Loss: 0.5108
  Batch 100/6019, Loss: 0.4102
  Batch 200/6019, Loss: 0.4970
  Batch 300/6019, Loss: 0.5127
  Batch 400/6019, Loss: 0.5347
  Batch 500/6019, Loss: 0.5082
  Batch 600/6019, Loss: 0.4659
  Batch 700/6019, Loss: 0.5450
  Batch 800/6019, Loss: 0.4818
  Batch 900/6019, Loss: 0.5212
  Batch 1000/6019, Loss: 0.4699
  Batch 1100/6019, Loss: 0.5222
  Batch 1200/6019, Loss: 0.4845
  Batch 1300/6019, Loss: 0.5291
  Batch 1400/6019, Loss: 0.6895
  Batch 1500/6019, Loss: 0.4549
  Batch 1600/6019, Loss: 0.4908
  Batch 1700/6019, Loss: 0.4136
  Batch 1800/6019, Loss: 0.4822
  Batch 1900/6019, Loss: 0.5658
  Batch 2000/6019, Loss: 0.4420
  Batch 2100/6019, Loss: 0.4603
  Batch 2200/6019, Loss: 0.5305
  Batch 2300/6019, Loss: 0.4666
  Batch 2400/6019, Loss: 0.4995
  Batch 2500/6019, Loss: 0.5790
  Batch 2600/6019, Loss: 0.4762
  Batch 2700/6019, Loss: 0.4487
  Batch 2800/6019, Loss: 0.4326
  Batch 2900/6019, Loss: 0.4120
  Batch 3000/6019, Loss: 0.5094
  Batch 3100/6019, Loss: 0.6341
  Batch 3200/6019, Loss: 0.4885
  Batch 3300/6019, Loss: 0.4600
  Batch 3400/6019, Loss: 0.4254
  Batch 3500/6019, Loss: 0.5359
  Batch 3600/6019, Loss: 0.3667
  Batch 3700/6019, Loss: 0.4751
  Batch 3800/6019, Loss: 0.3973
  Batch 3900/6019, Loss: 0.4240
  Batch 4000/6019, Loss: 0.6268
  Batch 4100/6019, Loss: 0.4375
  Batch 4200/6019, Loss: 0.5434
  Batch 4300/6019, Loss: 0.3669
  Batch 4400/6019, Loss: 0.4485
  Batch 4500/6019, Loss: 0.4218
  Batch 4600/6019, Loss: 0.5091
  Batch 4700/6019, Loss: 0.4641
  Batch 4800/6019, Loss: 0.4352
  Batch 4900/6019, Loss: 0.4040
  Batch 5000/6019, Loss: 0.5378
  Batch 5100/6019, Loss: 0.4503
  Batch 5200/6019, Loss: 0.4265
  Batch 5300/6019, Loss: 0.5718
  Batch 5400/6019, Loss: 0.5084
  Batch 5500/6019, Loss: 0.6177
  Batch 5600/6019, Loss: 0.3939
  Batch 5700/6019, Loss: 0.5327
  Batch 5800/6019, Loss: 0.3952
  Batch 5900/6019, Loss: 0.3964
  Batch 6000/6019, Loss: 0.3395
Train Loss: 0.4774
Val Loss: 0.7742, Val Macro F1: 0.6901
Current learning rate: 0.000400
✓ Saved best model with Val F1: 0.6901

============================================================
Epoch 3/50
============================================================
  Batch 0/6019, Loss: 0.4714
  Batch 100/6019, Loss: 0.3970
  Batch 200/6019, Loss: 0.4019
  Batch 300/6019, Loss: 0.5295
  Batch 400/6019, Loss: 0.4286
  Batch 500/6019, Loss: 0.5877
  Batch 600/6019, Loss: 0.5434
  Batch 700/6019, Loss: 0.4037
  Batch 800/6019, Loss: 0.4639
  Batch 900/6019, Loss: 0.4527
  Batch 1000/6019, Loss: 0.5518
  Batch 1100/6019, Loss: 0.3689
  Batch 1200/6019, Loss: 0.4424
  Batch 1300/6019, Loss: 0.4098
  Batch 1400/6019, Loss: 0.5062
  Batch 1500/6019, Loss: 0.4057
  Batch 1600/6019, Loss: 0.4936
  Batch 1700/6019, Loss: 0.5588
  Batch 1800/6019, Loss: 0.5201
  Batch 1900/6019, Loss: 0.4169
  Batch 2000/6019, Loss: 0.3422
  Batch 2100/6019, Loss: 0.4936
  Batch 2200/6019, Loss: 0.3805
  Batch 2300/6019, Loss: 0.3587
  Batch 2400/6019, Loss: 0.4409
  Batch 2500/6019, Loss: 0.6025
  Batch 2600/6019, Loss: 0.4268
  Batch 2700/6019, Loss: 0.4185
  Batch 2800/6019, Loss: 0.4174
  Batch 2900/6019, Loss: 0.3768
  Batch 3000/6019, Loss: 0.5400
  Batch 3100/6019, Loss: 0.3890
  Batch 3200/6019, Loss: 0.5124
  Batch 3300/6019, Loss: 0.4354
  Batch 3400/6019, Loss: 0.3943
  Batch 3500/6019, Loss: 0.4202
  Batch 3600/6019, Loss: 0.5377
  Batch 3700/6019, Loss: 0.4535
  Batch 3800/6019, Loss: 0.4539
  Batch 3900/6019, Loss: 0.4610
  Batch 4000/6019, Loss: 0.6230
  Batch 4100/6019, Loss: 0.4482
  Batch 4200/6019, Loss: 0.4819
  Batch 4300/6019, Loss: 0.3753
  Batch 4400/6019, Loss: 0.4586
  Batch 4500/6019, Loss: 0.5399
  Batch 4600/6019, Loss: 0.4123
  Batch 4700/6019, Loss: 0.5177
  Batch 4800/6019, Loss: 0.4649
  Batch 4900/6019, Loss: 0.3998
  Batch 5000/6019, Loss: 0.4236
  Batch 5100/6019, Loss: 0.4369
  Batch 5200/6019, Loss: 0.4004
  Batch 5300/6019, Loss: 0.4910
  Batch 5400/6019, Loss: 0.3527
  Batch 5500/6019, Loss: 0.4562
  Batch 5600/6019, Loss: 0.5060
  Batch 5700/6019, Loss: 0.4748
  Batch 5800/6019, Loss: 0.3952
  Batch 5900/6019, Loss: 0.4651
  Batch 6000/6019, Loss: 0.3991
Train Loss: 0.4504
Val Loss: 0.7232, Val Macro F1: 0.7189
Current learning rate: 0.000600
✓ Saved best model with Val F1: 0.7189

============================================================
Epoch 4/50
============================================================
  Batch 0/6019, Loss: 0.4409
  Batch 100/6019, Loss: 0.4028
  Batch 200/6019, Loss: 0.4845
  Batch 300/6019, Loss: 0.4497
  Batch 400/6019, Loss: 0.3306
  Batch 500/6019, Loss: 0.4011
  Batch 600/6019, Loss: 0.4728
  Batch 700/6019, Loss: 0.5470
  Batch 800/6019, Loss: 0.4127
  Batch 900/6019, Loss: 0.4644
  Batch 1000/6019, Loss: 0.3647
  Batch 1100/6019, Loss: 0.3715
  Batch 1200/6019, Loss: 0.5212
  Batch 1300/6019, Loss: 0.3443
  Batch 1400/6019, Loss: 0.3723
  Batch 1500/6019, Loss: 0.4072
  Batch 1600/6019, Loss: 0.5961
  Batch 1700/6019, Loss: 0.4304
  Batch 1800/6019, Loss: 0.3832
  Batch 1900/6019, Loss: 0.3965
  Batch 2000/6019, Loss: 0.4243
  Batch 2100/6019, Loss: 0.6169
  Batch 2200/6019, Loss: 0.4327
  Batch 2300/6019, Loss: 0.4652
  Batch 2400/6019, Loss: 0.4008
  Batch 2500/6019, Loss: 0.4667
  Batch 2600/6019, Loss: 0.3813
  Batch 2700/6019, Loss: 0.4377
  Batch 2800/6019, Loss: 0.3765
  Batch 2900/6019, Loss: 0.5040
  Batch 3000/6019, Loss: 0.3546
  Batch 3100/6019, Loss: 0.3673
  Batch 3200/6019, Loss: 0.4518
  Batch 3300/6019, Loss: 0.4360
  Batch 3400/6019, Loss: 0.4641
  Batch 3500/6019, Loss: 0.4398
  Batch 3600/6019, Loss: 0.3917
  Batch 3700/6019, Loss: 0.3377
  Batch 3800/6019, Loss: 0.3605
  Batch 3900/6019, Loss: 0.3214
  Batch 4000/6019, Loss: 0.4472
  Batch 4100/6019, Loss: 0.4641
  Batch 4200/6019, Loss: 0.4281
  Batch 4300/6019, Loss: 0.5211
  Batch 4400/6019, Loss: 0.3634
  Batch 4500/6019, Loss: 0.4530
  Batch 4600/6019, Loss: 0.3567
  Batch 4700/6019, Loss: 0.5083
  Batch 4800/6019, Loss: 0.4120
  Batch 4900/6019, Loss: 0.4621
  Batch 5000/6019, Loss: 0.4607
  Batch 5100/6019, Loss: 0.5408
  Batch 5200/6019, Loss: 0.4654
  Batch 5300/6019, Loss: 0.3611
  Batch 5400/6019, Loss: 0.3895
  Batch 5500/6019, Loss: 0.5159
  Batch 5600/6019, Loss: 0.5640
  Batch 5700/6019, Loss: 0.3982
  Batch 5800/6019, Loss: 0.3266
  Batch 5900/6019, Loss: 0.6032
  Batch 6000/6019, Loss: 0.3477
Train Loss: 0.4382
Val Loss: 0.6366, Val Macro F1: 0.7741
Current learning rate: 0.000800
✓ Saved best model with Val F1: 0.7741

============================================================
Epoch 5/50
============================================================
  Batch 0/6019, Loss: 0.3783
  Batch 100/6019, Loss: 0.4210
  Batch 200/6019, Loss: 0.4786
  Batch 300/6019, Loss: 0.3835
  Batch 400/6019, Loss: 0.3651
  Batch 500/6019, Loss: 0.3593
  Batch 600/6019, Loss: 0.4763
  Batch 700/6019, Loss: 0.4885
  Batch 800/6019, Loss: 0.4217
  Batch 900/6019, Loss: 0.4014
  Batch 1000/6019, Loss: 0.4274
  Batch 1100/6019, Loss: 0.3850
  Batch 1200/6019, Loss: 0.4227
  Batch 1300/6019, Loss: 0.4481
  Batch 1400/6019, Loss: 0.4166
  Batch 1500/6019, Loss: 0.4401
  Batch 1600/6019, Loss: 0.3883
  Batch 1700/6019, Loss: 0.4129
  Batch 1800/6019, Loss: 0.4060
  Batch 1900/6019, Loss: 0.4419
  Batch 2000/6019, Loss: 0.3668
  Batch 2100/6019, Loss: 0.5021
  Batch 2200/6019, Loss: 0.4685
  Batch 2300/6019, Loss: 0.4205
  Batch 2400/6019, Loss: 0.5409
  Batch 2500/6019, Loss: 0.3847
  Batch 2600/6019, Loss: 0.4512
  Batch 2700/6019, Loss: 0.3692
  Batch 2800/6019, Loss: 0.3827
  Batch 2900/6019, Loss: 0.4307
  Batch 3000/6019, Loss: 0.6705
  Batch 3100/6019, Loss: 0.3496
  Batch 3200/6019, Loss: 0.4501
  Batch 3300/6019, Loss: 0.3844
  Batch 3400/6019, Loss: 0.4064
  Batch 3500/6019, Loss: 0.4312
  Batch 3600/6019, Loss: 0.3636
  Batch 3700/6019, Loss: 0.4341
  Batch 3800/6019, Loss: 0.4283
  Batch 3900/6019, Loss: 0.4572
  Batch 4000/6019, Loss: 0.3565
  Batch 4100/6019, Loss: 0.4020
  Batch 4200/6019, Loss: 0.4884
  Batch 4300/6019, Loss: 0.4311
  Batch 4400/6019, Loss: 0.3254
  Batch 4500/6019, Loss: 0.4084
  Batch 4600/6019, Loss: 0.3700
  Batch 4700/6019, Loss: 0.3231
  Batch 4800/6019, Loss: 0.5048
  Batch 4900/6019, Loss: 0.3857
  Batch 5000/6019, Loss: 0.4660
  Batch 5100/6019, Loss: 0.4348
  Batch 5200/6019, Loss: 0.4132
  Batch 5300/6019, Loss: 0.3663
  Batch 5400/6019, Loss: 0.3442
  Batch 5500/6019, Loss: 0.5534
  Batch 5600/6019, Loss: 0.4689
  Batch 5700/6019, Loss: 0.5009
  Batch 5800/6019, Loss: 0.3849
  Batch 5900/6019, Loss: 0.4109
  Batch 6000/6019, Loss: 0.4314
Train Loss: 0.4298
Val Loss: 0.7489, Val Macro F1: 0.7184
Current learning rate: 0.001000
✓ Saved checkpoint at epoch 5

============================================================
Epoch 6/50
============================================================
  Batch 0/6019, Loss: 0.3341
  Batch 100/6019, Loss: 0.3979
  Batch 200/6019, Loss: 0.3939
  Batch 300/6019, Loss: 0.5312
  Batch 400/6019, Loss: 0.4458
  Batch 500/6019, Loss: 0.4288
  Batch 600/6019, Loss: 0.3619
  Batch 700/6019, Loss: 0.4201
  Batch 800/6019, Loss: 0.3820
  Batch 900/6019, Loss: 0.3708
  Batch 1000/6019, Loss: 0.4193
  Batch 1100/6019, Loss: 0.2860
  Batch 1200/6019, Loss: 0.3607
  Batch 1300/6019, Loss: 0.3672
  Batch 1400/6019, Loss: 0.4849
  Batch 1500/6019, Loss: 0.4145
  Batch 1600/6019, Loss: 0.5077
  Batch 1700/6019, Loss: 0.4459
  Batch 1800/6019, Loss: 0.3325
  Batch 1900/6019, Loss: 0.4046
  Batch 2000/6019, Loss: 0.4346
  Batch 2100/6019, Loss: 0.5366
  Batch 2200/6019, Loss: 0.5003
  Batch 2300/6019, Loss: 0.5941
  Batch 2400/6019, Loss: 0.4793
  Batch 2500/6019, Loss: 0.3762
  Batch 2600/6019, Loss: 0.4718
  Batch 2700/6019, Loss: 0.4651
  Batch 2800/6019, Loss: 0.3116
  Batch 2900/6019, Loss: 0.4603
  Batch 3000/6019, Loss: 0.3607
  Batch 3100/6019, Loss: 0.4198
  Batch 3200/6019, Loss: 0.4869
  Batch 3300/6019, Loss: 0.4230
  Batch 3400/6019, Loss: 0.5606
  Batch 3500/6019, Loss: 0.4374
  Batch 3600/6019, Loss: 0.4464
  Batch 3700/6019, Loss: 0.5088
  Batch 3800/6019, Loss: 0.3434
  Batch 3900/6019, Loss: 0.4341
  Batch 4000/6019, Loss: 0.3821
  Batch 4100/6019, Loss: 0.3295
  Batch 4200/6019, Loss: 0.3354
  Batch 4300/6019, Loss: 0.4222
  Batch 4400/6019, Loss: 0.4630
  Batch 4500/6019, Loss: 0.3519
  Batch 4600/6019, Loss: 0.3770
  Batch 4700/6019, Loss: 0.3588
  Batch 4800/6019, Loss: 0.3878
  Batch 4900/6019, Loss: 0.3989
  Batch 5000/6019, Loss: 0.2894
  Batch 5100/6019, Loss: 0.3725
  Batch 5200/6019, Loss: 0.5186
  Batch 5300/6019, Loss: 0.4787
  Batch 5400/6019, Loss: 0.3744
  Batch 5500/6019, Loss: 0.4520
  Batch 5600/6019, Loss: 0.4846
  Batch 5700/6019, Loss: 0.3251
  Batch 5800/6019, Loss: 0.3360
  Batch 5900/6019, Loss: 0.3411
  Batch 6000/6019, Loss: 0.3322
Train Loss: 0.4213
Val Loss: 0.7079, Val Macro F1: 0.7640
Current learning rate: 0.001000

============================================================
Epoch 7/50
============================================================
  Batch 0/6019, Loss: 0.3876
  Batch 100/6019, Loss: 0.4229
  Batch 200/6019, Loss: 0.3829
  Batch 300/6019, Loss: 0.3590
  Batch 400/6019, Loss: 0.4654
  Batch 500/6019, Loss: 0.3510
  Batch 600/6019, Loss: 0.4097
  Batch 700/6019, Loss: 0.3945
  Batch 800/6019, Loss: 0.4178
  Batch 900/6019, Loss: 0.4014
  Batch 1000/6019, Loss: 0.4077
  Batch 1100/6019, Loss: 0.4052
  Batch 1200/6019, Loss: 0.4072
  Batch 1300/6019, Loss: 0.4969
  Batch 1400/6019, Loss: 0.4284
  Batch 1500/6019, Loss: 0.3589
  Batch 1600/6019, Loss: 0.4042
  Batch 1700/6019, Loss: 0.4185
  Batch 1800/6019, Loss: 0.4153
  Batch 1900/6019, Loss: 0.3884
  Batch 2000/6019, Loss: 0.3876
  Batch 2100/6019, Loss: 0.4269
  Batch 2200/6019, Loss: 0.4391
  Batch 2300/6019, Loss: 0.4103
  Batch 2400/6019, Loss: 0.3769
  Batch 2500/6019, Loss: 0.4334
  Batch 2600/6019, Loss: 0.4198
  Batch 2700/6019, Loss: 0.5165
  Batch 2800/6019, Loss: 0.3721
  Batch 2900/6019, Loss: 0.3808
  Batch 3000/6019, Loss: 0.4266
  Batch 3100/6019, Loss: 0.3861
  Batch 3200/6019, Loss: 0.5624
  Batch 3300/6019, Loss: 0.4159
  Batch 3400/6019, Loss: 0.3876
  Batch 3500/6019, Loss: 0.5643
  Batch 3600/6019, Loss: 0.4011
  Batch 3700/6019, Loss: 0.4278
  Batch 3800/6019, Loss: 0.4720
  Batch 3900/6019, Loss: 0.4397
  Batch 4000/6019, Loss: 0.3191
  Batch 4100/6019, Loss: 0.4469
  Batch 4200/6019, Loss: 0.3591
  Batch 4300/6019, Loss: 0.5467
  Batch 4400/6019, Loss: 0.4171
  Batch 4500/6019, Loss: 0.4299
  Batch 4600/6019, Loss: 0.4437
  Batch 4700/6019, Loss: 0.3925
  Batch 4800/6019, Loss: 0.3785
  Batch 4900/6019, Loss: 0.4655
  Batch 5000/6019, Loss: 0.4909
  Batch 5100/6019, Loss: 0.3967
  Batch 5200/6019, Loss: 0.4360
  Batch 5300/6019, Loss: 0.4191
  Batch 5400/6019, Loss: 0.3813
  Batch 5500/6019, Loss: 0.3359
  Batch 5600/6019, Loss: 0.3898
  Batch 5700/6019, Loss: 0.5228
  Batch 5800/6019, Loss: 0.3704
  Batch 5900/6019, Loss: 0.3385
  Batch 6000/6019, Loss: 0.4822
Train Loss: 0.4145
Val Loss: 0.6417, Val Macro F1: 0.7981
Current learning rate: 0.000976
✓ Saved best model with Val F1: 0.7981

============================================================
Epoch 8/50
============================================================
  Batch 0/6019, Loss: 0.4288
  Batch 100/6019, Loss: 0.4077
  Batch 200/6019, Loss: 0.3622
  Batch 300/6019, Loss: 0.4735
  Batch 400/6019, Loss: 0.4007
  Batch 500/6019, Loss: 0.3559
  Batch 600/6019, Loss: 0.5237
  Batch 700/6019, Loss: 0.4074
  Batch 800/6019, Loss: 0.2768
  Batch 900/6019, Loss: 0.4262
  Batch 1000/6019, Loss: 0.3960
  Batch 1100/6019, Loss: 0.4618
  Batch 1200/6019, Loss: 0.3917
  Batch 1300/6019, Loss: 0.4378
  Batch 1400/6019, Loss: 0.3876
  Batch 1500/6019, Loss: 0.3912
  Batch 1600/6019, Loss: 0.4720
  Batch 1700/6019, Loss: 0.3346
  Batch 1800/6019, Loss: 0.3224
  Batch 1900/6019, Loss: 0.4976
  Batch 2000/6019, Loss: 0.4507
  Batch 2100/6019, Loss: 0.4114
  Batch 2200/6019, Loss: 0.4031
  Batch 2300/6019, Loss: 0.3982
  Batch 2400/6019, Loss: 0.3577
  Batch 2500/6019, Loss: 0.3783
  Batch 2600/6019, Loss: 0.4264
  Batch 2700/6019, Loss: 0.3837
  Batch 2800/6019, Loss: 0.4874
  Batch 2900/6019, Loss: 0.3723
  Batch 3000/6019, Loss: 0.3341
  Batch 3100/6019, Loss: 0.3824
  Batch 3200/6019, Loss: 0.3016
  Batch 3300/6019, Loss: 0.4868
  Batch 3400/6019, Loss: 0.3486
  Batch 3500/6019, Loss: 0.3778
  Batch 3600/6019, Loss: 0.3925
  Batch 3700/6019, Loss: 0.4386
  Batch 3800/6019, Loss: 0.4065
  Batch 3900/6019, Loss: 0.3715
  Batch 4000/6019, Loss: 0.4111
  Batch 4100/6019, Loss: 0.4084
  Batch 4200/6019, Loss: 0.3505
  Batch 4300/6019, Loss: 0.4154
  Batch 4400/6019, Loss: 0.3999
  Batch 4500/6019, Loss: 0.3736
  Batch 4600/6019, Loss: 0.4199
  Batch 4700/6019, Loss: 0.3117
  Batch 4800/6019, Loss: 0.3952
  Batch 4900/6019, Loss: 0.5495
  Batch 5000/6019, Loss: 0.3610
  Batch 5100/6019, Loss: 0.4647
  Batch 5200/6019, Loss: 0.3849
  Batch 5300/6019, Loss: 0.4769
  Batch 5400/6019, Loss: 0.3559
  Batch 5500/6019, Loss: 0.3472
  Batch 5600/6019, Loss: 0.3943
  Batch 5700/6019, Loss: 0.4142
  Batch 5800/6019, Loss: 0.4025
  Batch 5900/6019, Loss: 0.4324
  Batch 6000/6019, Loss: 0.4463
Train Loss: 0.4099
Val Loss: 0.6314, Val Macro F1: 0.7921
Current learning rate: 0.000905

============================================================
Epoch 9/50
============================================================
  Batch 0/6019, Loss: 0.4420
  Batch 100/6019, Loss: 0.4233
  Batch 200/6019, Loss: 0.3782
  Batch 300/6019, Loss: 0.3941
  Batch 400/6019, Loss: 0.4602
  Batch 500/6019, Loss: 0.3647
  Batch 600/6019, Loss: 0.4428
  Batch 700/6019, Loss: 0.4240
  Batch 800/6019, Loss: 0.3029
  Batch 900/6019, Loss: 0.3392
  Batch 1000/6019, Loss: 0.3950
  Batch 1100/6019, Loss: 0.3707
  Batch 1200/6019, Loss: 0.4781
  Batch 1300/6019, Loss: 0.3861
  Batch 1400/6019, Loss: 0.5065
  Batch 1500/6019, Loss: 0.3485
  Batch 1600/6019, Loss: 0.4029
  Batch 1700/6019, Loss: 0.3880
  Batch 1800/6019, Loss: 0.3451
  Batch 1900/6019, Loss: 0.3392
  Batch 2000/6019, Loss: 0.3483
  Batch 2100/6019, Loss: 0.4121
  Batch 2200/6019, Loss: 0.3824
  Batch 2300/6019, Loss: 0.3976
  Batch 2400/6019, Loss: 0.3341
  Batch 2500/6019, Loss: 0.3321
  Batch 2600/6019, Loss: 0.4689
  Batch 2700/6019, Loss: 0.3207
  Batch 2800/6019, Loss: 0.5492
  Batch 2900/6019, Loss: 0.3954
  Batch 3000/6019, Loss: 0.4037
  Batch 3100/6019, Loss: 0.4115
  Batch 3200/6019, Loss: 0.4978
  Batch 3300/6019, Loss: 0.4468
  Batch 3400/6019, Loss: 0.3357
  Batch 3500/6019, Loss: 0.5631
  Batch 3600/6019, Loss: 0.4323
  Batch 3700/6019, Loss: 0.3287
  Batch 3800/6019, Loss: 0.3866
  Batch 3900/6019, Loss: 0.3008
  Batch 4000/6019, Loss: 0.5523
  Batch 4100/6019, Loss: 0.4550
  Batch 4200/6019, Loss: 0.4227
  Batch 4300/6019, Loss: 0.4551
  Batch 4400/6019, Loss: 0.4223
  Batch 4500/6019, Loss: 0.4886
  Batch 4600/6019, Loss: 0.4783
  Batch 4700/6019, Loss: 0.4247
  Batch 4800/6019, Loss: 0.4143
  Batch 4900/6019, Loss: 0.3999
  Batch 5000/6019, Loss: 0.4407
  Batch 5100/6019, Loss: 0.4095
  Batch 5200/6019, Loss: 0.4071
  Batch 5300/6019, Loss: 0.5290
  Batch 5400/6019, Loss: 0.4437
  Batch 5500/6019, Loss: 0.4420
  Batch 5600/6019, Loss: 0.4534
  Batch 5700/6019, Loss: 0.3158
  Batch 5800/6019, Loss: 0.4178
  Batch 5900/6019, Loss: 0.4331
  Batch 6000/6019, Loss: 0.3899
Train Loss: 0.4060
Val Loss: 0.6594, Val Macro F1: 0.7870
Current learning rate: 0.000794

============================================================
Epoch 10/50
============================================================
  Batch 0/6019, Loss: 0.4370
  Batch 100/6019, Loss: 0.3465
  Batch 200/6019, Loss: 0.3981
  Batch 300/6019, Loss: 0.3472
  Batch 400/6019, Loss: 0.3560
  Batch 500/6019, Loss: 0.3567
  Batch 600/6019, Loss: 0.4231
  Batch 700/6019, Loss: 0.4342
  Batch 800/6019, Loss: 0.3086
  Batch 900/6019, Loss: 0.3156
  Batch 1000/6019, Loss: 0.3240
  Batch 1100/6019, Loss: 0.3206
  Batch 1200/6019, Loss: 0.4047
  Batch 1300/6019, Loss: 0.4680
  Batch 1400/6019, Loss: 0.3563
  Batch 1500/6019, Loss: 0.3964
  Batch 1600/6019, Loss: 0.4480
  Batch 1700/6019, Loss: 0.3702
  Batch 1800/6019, Loss: 0.3246
  Batch 1900/6019, Loss: 0.4344
  Batch 2000/6019, Loss: 0.3577
  Batch 2100/6019, Loss: 0.3715
  Batch 2200/6019, Loss: 0.5977
  Batch 2300/6019, Loss: 0.3869
  Batch 2400/6019, Loss: 0.2903
  Batch 2500/6019, Loss: 0.4727
  Batch 2600/6019, Loss: 0.4165
  Batch 2700/6019, Loss: 0.3704
  Batch 2800/6019, Loss: 0.4483
  Batch 2900/6019, Loss: 0.3892
  Batch 3000/6019, Loss: 0.4812
  Batch 3100/6019, Loss: 0.4076
  Batch 3200/6019, Loss: 0.2517
  Batch 3300/6019, Loss: 0.4068
  Batch 3400/6019, Loss: 0.4597
  Batch 3500/6019, Loss: 0.3132
  Batch 3600/6019, Loss: 0.4625
  Batch 3700/6019, Loss: 0.3985
  Batch 3800/6019, Loss: 0.3871
  Batch 3900/6019, Loss: 0.4676
  Batch 4000/6019, Loss: 0.4140
  Batch 4100/6019, Loss: 0.4719
  Batch 4200/6019, Loss: 0.3798
  Batch 4300/6019, Loss: 0.4060
  Batch 4400/6019, Loss: 0.4354
  Batch 4500/6019, Loss: 0.4638
  Batch 4600/6019, Loss: 0.3204
  Batch 4700/6019, Loss: 0.4442
  Batch 4800/6019, Loss: 0.3963
  Batch 4900/6019, Loss: 0.4535
  Batch 5000/6019, Loss: 0.4259
  Batch 5100/6019, Loss: 0.3916
  Batch 5200/6019, Loss: 0.4625
  Batch 5300/6019, Loss: 0.3317
  Batch 5400/6019, Loss: 0.3749
  Batch 5500/6019, Loss: 0.4371
  Batch 5600/6019, Loss: 0.3844
  Batch 5700/6019, Loss: 0.3307
  Batch 5800/6019, Loss: 0.3863
  Batch 5900/6019, Loss: 0.3195
  Batch 6000/6019, Loss: 0.3532
Train Loss: 0.4020
Val Loss: 0.6376, Val Macro F1: 0.7975
Current learning rate: 0.000655
✓ Saved checkpoint at epoch 10

============================================================
Epoch 11/50
============================================================
  Batch 0/6019, Loss: 0.3434
  Batch 100/6019, Loss: 0.3399
  Batch 200/6019, Loss: 0.3705
  Batch 300/6019, Loss: 0.3794
  Batch 400/6019, Loss: 0.3745
  Batch 500/6019, Loss: 0.3741
  Batch 600/6019, Loss: 0.4122
  Batch 700/6019, Loss: 0.4866
  Batch 800/6019, Loss: 0.4582
  Batch 900/6019, Loss: 0.4022
  Batch 1000/6019, Loss: 0.4459
  Batch 1100/6019, Loss: 0.3581
  Batch 1200/6019, Loss: 0.4724
  Batch 1300/6019, Loss: 0.4181
  Batch 1400/6019, Loss: 0.4511
  Batch 1500/6019, Loss: 0.3788
  Batch 1600/6019, Loss: 0.4258
  Batch 1700/6019, Loss: 0.3974
  Batch 1800/6019, Loss: 0.4634
  Batch 1900/6019, Loss: 0.3689
  Batch 2000/6019, Loss: 0.3295
  Batch 2100/6019, Loss: 0.3775
  Batch 2200/6019, Loss: 0.3472
  Batch 2300/6019, Loss: 0.4126
  Batch 2400/6019, Loss: 0.3488
  Batch 2500/6019, Loss: 0.3778
  Batch 2600/6019, Loss: 0.3813
  Batch 2700/6019, Loss: 0.3422
  Batch 2800/6019, Loss: 0.4430
  Batch 2900/6019, Loss: 0.5279
  Batch 3000/6019, Loss: 0.2880
  Batch 3100/6019, Loss: 0.4279
  Batch 3200/6019, Loss: 0.4270
  Batch 3300/6019, Loss: 0.4745
  Batch 3400/6019, Loss: 0.4621
  Batch 3500/6019, Loss: 0.3378
  Batch 3600/6019, Loss: 0.4175
  Batch 3700/6019, Loss: 0.4011
  Batch 3800/6019, Loss: 0.4306
  Batch 3900/6019, Loss: 0.3988
  Batch 4000/6019, Loss: 0.3114
  Batch 4100/6019, Loss: 0.4197
  Batch 4200/6019, Loss: 0.3650
  Batch 4300/6019, Loss: 0.4570
  Batch 4400/6019, Loss: 0.4040
  Batch 4500/6019, Loss: 0.3309
  Batch 4600/6019, Loss: 0.3042
  Batch 4700/6019, Loss: 0.4013
  Batch 4800/6019, Loss: 0.3585
  Batch 4900/6019, Loss: 0.3817
  Batch 5000/6019, Loss: 0.5090
  Batch 5100/6019, Loss: 0.3097
  Batch 5200/6019, Loss: 0.3868
  Batch 5300/6019, Loss: 0.3871
  Batch 5400/6019, Loss: 0.3617
  Batch 5500/6019, Loss: 0.4292
  Batch 5600/6019, Loss: 0.3792
  Batch 5700/6019, Loss: 0.4336
  Batch 5800/6019, Loss: 0.3688
  Batch 5900/6019, Loss: 0.3441
  Batch 6000/6019, Loss: 0.4182
Train Loss: 0.3978
Val Loss: 0.5637, Val Macro F1: 0.8183
Current learning rate: 0.000501
✓ Saved best model with Val F1: 0.8183

============================================================
Epoch 12/50
============================================================
  Batch 0/6019, Loss: 0.3633
  Batch 100/6019, Loss: 0.3754
  Batch 200/6019, Loss: 0.3630
  Batch 300/6019, Loss: 0.4969
  Batch 400/6019, Loss: 0.3583
  Batch 500/6019, Loss: 0.3915
  Batch 600/6019, Loss: 0.3908
  Batch 700/6019, Loss: 0.4311
  Batch 800/6019, Loss: 0.3877
  Batch 900/6019, Loss: 0.4162
  Batch 1000/6019, Loss: 0.4196
  Batch 1100/6019, Loss: 0.3883
  Batch 1200/6019, Loss: 0.2959
  Batch 1300/6019, Loss: 0.4260
  Batch 1400/6019, Loss: 0.3775
  Batch 1500/6019, Loss: 0.4778
  Batch 1600/6019, Loss: 0.3730
  Batch 1700/6019, Loss: 0.3857
  Batch 1800/6019, Loss: 0.4367
  Batch 1900/6019, Loss: 0.6605
  Batch 2000/6019, Loss: 0.4082
  Batch 2100/6019, Loss: 0.3604
  Batch 2200/6019, Loss: 0.3751
  Batch 2300/6019, Loss: 0.4088
  Batch 2400/6019, Loss: 0.4127
  Batch 2500/6019, Loss: 0.5347
  Batch 2600/6019, Loss: 0.3767
  Batch 2700/6019, Loss: 0.3415
  Batch 2800/6019, Loss: 0.3776
  Batch 2900/6019, Loss: 0.3762
  Batch 3000/6019, Loss: 0.3955
  Batch 3100/6019, Loss: 0.3901
  Batch 3200/6019, Loss: 0.4121
  Batch 3300/6019, Loss: 0.4990
  Batch 3400/6019, Loss: 0.3434
  Batch 3500/6019, Loss: 0.3523
  Batch 3600/6019, Loss: 0.4751
  Batch 3700/6019, Loss: 0.4396
  Batch 3800/6019, Loss: 0.3738
  Batch 3900/6019, Loss: 0.3413
  Batch 4000/6019, Loss: 0.5121
  Batch 4100/6019, Loss: 0.4048
  Batch 4200/6019, Loss: 0.2758
  Batch 4300/6019, Loss: 0.3811
  Batch 4400/6019, Loss: 0.3133
  Batch 4500/6019, Loss: 0.3991
  Batch 4600/6019, Loss: 0.4553
  Batch 4700/6019, Loss: 0.4624
  Batch 4800/6019, Loss: 0.4185
  Batch 4900/6019, Loss: 0.3307
  Batch 5000/6019, Loss: 0.4380
  Batch 5100/6019, Loss: 0.3253
  Batch 5200/6019, Loss: 0.4211
  Batch 5300/6019, Loss: 0.4755
  Batch 5400/6019, Loss: 0.5463
  Batch 5500/6019, Loss: 0.3719
  Batch 5600/6019, Loss: 0.4315
  Batch 5700/6019, Loss: 0.3542
  Batch 5800/6019, Loss: 0.3994
  Batch 5900/6019, Loss: 0.4156
  Batch 6000/6019, Loss: 0.3894
Train Loss: 0.3940
Val Loss: 0.6116, Val Macro F1: 0.8218
Current learning rate: 0.000346
✓ Saved best model with Val F1: 0.8218

============================================================
Epoch 13/50
============================================================
  Batch 0/6019, Loss: 0.4466
  Batch 100/6019, Loss: 0.2992
  Batch 200/6019, Loss: 0.4404
  Batch 300/6019, Loss: 0.3986
  Batch 400/6019, Loss: 0.4465
  Batch 500/6019, Loss: 0.4469
  Batch 600/6019, Loss: 0.3768
  Batch 700/6019, Loss: 0.3671
  Batch 800/6019, Loss: 0.3488
  Batch 900/6019, Loss: 0.3569
  Batch 1000/6019, Loss: 0.3415
  Batch 1100/6019, Loss: 0.3658
  Batch 1200/6019, Loss: 0.4029
  Batch 1300/6019, Loss: 0.3623
  Batch 1400/6019, Loss: 0.3864
  Batch 1500/6019, Loss: 0.4607
  Batch 1600/6019, Loss: 0.3164
  Batch 1700/6019, Loss: 0.3825
  Batch 1800/6019, Loss: 0.4104
  Batch 1900/6019, Loss: 0.3610
  Batch 2000/6019, Loss: 0.4454
  Batch 2100/6019, Loss: 0.4586
  Batch 2200/6019, Loss: 0.4369
  Batch 2300/6019, Loss: 0.4779
  Batch 2400/6019, Loss: 0.4257
  Batch 2500/6019, Loss: 0.3685
  Batch 2600/6019, Loss: 0.3208
  Batch 2700/6019, Loss: 0.3468
  Batch 2800/6019, Loss: 0.4488
  Batch 2900/6019, Loss: 0.4948
  Batch 3000/6019, Loss: 0.3619
  Batch 3100/6019, Loss: 0.4596
  Batch 3200/6019, Loss: 0.3711
  Batch 3300/6019, Loss: 0.3713
  Batch 3400/6019, Loss: 0.3781
  Batch 3500/6019, Loss: 0.4106
  Batch 3600/6019, Loss: 0.4204
  Batch 3700/6019, Loss: 0.3720
  Batch 3800/6019, Loss: 0.3608
  Batch 3900/6019, Loss: 0.3151
  Batch 4000/6019, Loss: 0.2959
  Batch 4100/6019, Loss: 0.4069
  Batch 4200/6019, Loss: 0.3613
  Batch 4300/6019, Loss: 0.4546
  Batch 4400/6019, Loss: 0.4149
  Batch 4500/6019, Loss: 0.4568
  Batch 4600/6019, Loss: 0.4010
  Batch 4700/6019, Loss: 0.3271
  Batch 4800/6019, Loss: 0.3614
  Batch 4900/6019, Loss: 0.3775
  Batch 5000/6019, Loss: 0.4903
  Batch 5100/6019, Loss: 0.3127
  Batch 5200/6019, Loss: 0.4276
  Batch 5300/6019, Loss: 0.3881
  Batch 5400/6019, Loss: 0.3682
  Batch 5500/6019, Loss: 0.4783
  Batch 5600/6019, Loss: 0.4417
  Batch 5700/6019, Loss: 0.3954
  Batch 5800/6019, Loss: 0.3738
  Batch 5900/6019, Loss: 0.3252
  Batch 6000/6019, Loss: 0.3430
Train Loss: 0.3910
Val Loss: 0.5634, Val Macro F1: 0.8257
Current learning rate: 0.000207
✓ Saved best model with Val F1: 0.8257

============================================================
Epoch 14/50
============================================================
  Batch 0/6019, Loss: 0.4733
  Batch 100/6019, Loss: 0.3964
  Batch 200/6019, Loss: 0.3291
  Batch 300/6019, Loss: 0.4509
  Batch 400/6019, Loss: 0.4760
  Batch 500/6019, Loss: 0.4412
  Batch 600/6019, Loss: 0.3412
  Batch 700/6019, Loss: 0.4376
  Batch 800/6019, Loss: 0.5255
  Batch 900/6019, Loss: 0.4799
  Batch 1000/6019, Loss: 0.3259
  Batch 1100/6019, Loss: 0.4461
  Batch 1200/6019, Loss: 0.3466
  Batch 1300/6019, Loss: 0.4025
  Batch 1400/6019, Loss: 0.3448
  Batch 1500/6019, Loss: 0.4422
  Batch 1600/6019, Loss: 0.3399
  Batch 1700/6019, Loss: 0.3783
  Batch 1800/6019, Loss: 0.4468
  Batch 1900/6019, Loss: 0.3598
  Batch 2000/6019, Loss: 0.3338
  Batch 2100/6019, Loss: 0.3462
  Batch 2200/6019, Loss: 0.4607
  Batch 2300/6019, Loss: 0.4732
  Batch 2400/6019, Loss: 0.4109
  Batch 2500/6019, Loss: 0.3705
  Batch 2600/6019, Loss: 0.4650
  Batch 2700/6019, Loss: 0.3160
  Batch 2800/6019, Loss: 0.3729
  Batch 2900/6019, Loss: 0.3585
  Batch 3000/6019, Loss: 0.3627
  Batch 3100/6019, Loss: 0.3216
  Batch 3200/6019, Loss: 0.3415
  Batch 3300/6019, Loss: 0.4456
  Batch 3400/6019, Loss: 0.2936
  Batch 3500/6019, Loss: 0.3743
  Batch 3600/6019, Loss: 0.4513
  Batch 3700/6019, Loss: 0.3814
  Batch 3800/6019, Loss: 0.3847
  Batch 3900/6019, Loss: 0.4517
  Batch 4000/6019, Loss: 0.3787
  Batch 4100/6019, Loss: 0.4248
  Batch 4200/6019, Loss: 0.3753
  Batch 4300/6019, Loss: 0.3688
  Batch 4400/6019, Loss: 0.3576
  Batch 4500/6019, Loss: 0.3889
  Batch 4600/6019, Loss: 0.3834
  Batch 4700/6019, Loss: 0.4839
  Batch 4800/6019, Loss: 0.3622
  Batch 4900/6019, Loss: 0.4217
  Batch 5000/6019, Loss: 0.3861
  Batch 5100/6019, Loss: 0.2701
  Batch 5200/6019, Loss: 0.3717
  Batch 5300/6019, Loss: 0.4106
  Batch 5400/6019, Loss: 0.3559
  Batch 5500/6019, Loss: 0.3519
  Batch 5600/6019, Loss: 0.3444
  Batch 5700/6019, Loss: 0.3774
  Batch 5800/6019, Loss: 0.3857
  Batch 5900/6019, Loss: 0.3719
  Batch 6000/6019, Loss: 0.4106
Train Loss: 0.3876
Val Loss: 0.5483, Val Macro F1: 0.8340
Current learning rate: 0.000096
✓ Saved best model with Val F1: 0.8340

============================================================
Epoch 15/50
============================================================
  Batch 0/6019, Loss: 0.3675
  Batch 100/6019, Loss: 0.3691
  Batch 200/6019, Loss: 0.4580
  Batch 300/6019, Loss: 0.3192
  Batch 400/6019, Loss: 0.3357
  Batch 500/6019, Loss: 0.3547
  Batch 600/6019, Loss: 0.3440
  Batch 700/6019, Loss: 0.4370
  Batch 800/6019, Loss: 0.3985
  Batch 900/6019, Loss: 0.4892
  Batch 1000/6019, Loss: 0.3948
  Batch 1100/6019, Loss: 0.3223
  Batch 1200/6019, Loss: 0.3412
  Batch 1300/6019, Loss: 0.3680
  Batch 1400/6019, Loss: 0.4328
  Batch 1500/6019, Loss: 0.3355
  Batch 1600/6019, Loss: 0.4320
  Batch 1700/6019, Loss: 0.3951
  Batch 1800/6019, Loss: 0.3588
  Batch 1900/6019, Loss: 0.3759
  Batch 2000/6019, Loss: 0.3971
  Batch 2100/6019, Loss: 0.3457
  Batch 2200/6019, Loss: 0.3158
  Batch 2300/6019, Loss: 0.3431
  Batch 2400/6019, Loss: 0.4211
  Batch 2500/6019, Loss: 0.4631
  Batch 2600/6019, Loss: 0.4529
  Batch 2700/6019, Loss: 0.3835
  Batch 2800/6019, Loss: 0.3180
  Batch 2900/6019, Loss: 0.2964
  Batch 3000/6019, Loss: 0.3605
  Batch 3100/6019, Loss: 0.3704
  Batch 3200/6019, Loss: 0.4784
  Batch 3300/6019, Loss: 0.4236
  Batch 3400/6019, Loss: 0.4249
  Batch 3500/6019, Loss: 0.3365
  Batch 3600/6019, Loss: 0.3225
  Batch 3700/6019, Loss: 0.3853
  Batch 3800/6019, Loss: 0.4691
  Batch 3900/6019, Loss: 0.4573
  Batch 4000/6019, Loss: 0.3852
  Batch 4100/6019, Loss: 0.3456
  Batch 4200/6019, Loss: 0.3644
  Batch 4300/6019, Loss: 0.3377
  Batch 4400/6019, Loss: 0.3324
  Batch 4500/6019, Loss: 0.3718
  Batch 4600/6019, Loss: 0.3027
  Batch 4700/6019, Loss: 0.3686
  Batch 4800/6019, Loss: 0.3884
  Batch 4900/6019, Loss: 0.3080
  Batch 5000/6019, Loss: 0.4055
  Batch 5100/6019, Loss: 0.3673
  Batch 5200/6019, Loss: 0.4442
  Batch 5300/6019, Loss: 0.3752
  Batch 5400/6019, Loss: 0.3862
  Batch 5500/6019, Loss: 0.3797
  Batch 5600/6019, Loss: 0.4679
  Batch 5700/6019, Loss: 0.3207
  Batch 5800/6019, Loss: 0.5773
  Batch 5900/6019, Loss: 0.4857
  Batch 6000/6019, Loss: 0.3488
Train Loss: 0.3847
Val Loss: 0.6009, Val Macro F1: 0.8180
Current learning rate: 0.000025
✓ Saved checkpoint at epoch 15

============================================================
Epoch 16/50
============================================================
  Batch 0/6019, Loss: 0.4181
  Batch 100/6019, Loss: 0.3967
  Batch 200/6019, Loss: 0.4632
  Batch 300/6019, Loss: 0.4347
  Batch 400/6019, Loss: 0.4934
  Batch 500/6019, Loss: 0.4477
  Batch 600/6019, Loss: 0.2959
  Batch 700/6019, Loss: 0.4033
  Batch 800/6019, Loss: 0.3390
  Batch 900/6019, Loss: 0.3520
  Batch 1000/6019, Loss: 0.3301
  Batch 1100/6019, Loss: 0.3556
  Batch 1200/6019, Loss: 0.3979
  Batch 1300/6019, Loss: 0.4043
  Batch 1400/6019, Loss: 0.3357
  Batch 1500/6019, Loss: 0.4445
  Batch 1600/6019, Loss: 0.4200
  Batch 1700/6019, Loss: 0.5023
  Batch 1800/6019, Loss: 0.3299
  Batch 1900/6019, Loss: 0.3267
  Batch 2000/6019, Loss: 0.3115
  Batch 2100/6019, Loss: 0.4286
  Batch 2200/6019, Loss: 0.3792
  Batch 2300/6019, Loss: 0.4282
  Batch 2400/6019, Loss: 0.4089
  Batch 2500/6019, Loss: 0.3642
  Batch 2600/6019, Loss: 0.3741
  Batch 2700/6019, Loss: 0.3922
  Batch 2800/6019, Loss: 0.3795
  Batch 2900/6019, Loss: 0.3505
  Batch 3000/6019, Loss: 0.4092
  Batch 3100/6019, Loss: 0.3686
  Batch 3200/6019, Loss: 0.3246
  Batch 3300/6019, Loss: 0.3313
  Batch 3400/6019, Loss: 0.3121
  Batch 3500/6019, Loss: 0.4084
  Batch 3600/6019, Loss: 0.4269
  Batch 3700/6019, Loss: 0.3153
  Batch 3800/6019, Loss: 0.3457
  Batch 3900/6019, Loss: 0.4321
  Batch 4000/6019, Loss: 0.4672
  Batch 4100/6019, Loss: 0.4057
  Batch 4200/6019, Loss: 0.3262
  Batch 4300/6019, Loss: 0.3906
  Batch 4400/6019, Loss: 0.3706
  Batch 4500/6019, Loss: 0.3677
  Batch 4600/6019, Loss: 0.5136
  Batch 4700/6019, Loss: 0.5083
  Batch 4800/6019, Loss: 0.3686
  Batch 4900/6019, Loss: 0.4405
  Batch 5000/6019, Loss: 0.3218
  Batch 5100/6019, Loss: 0.4880
  Batch 5200/6019, Loss: 0.4432
  Batch 5300/6019, Loss: 0.3808
  Batch 5400/6019, Loss: 0.3574
  Batch 5500/6019, Loss: 0.3597
  Batch 5600/6019, Loss: 0.4197
  Batch 5700/6019, Loss: 0.3288
  Batch 5800/6019, Loss: 0.3300
  Batch 5900/6019, Loss: 0.3161
  Batch 6000/6019, Loss: 0.3800
Train Loss: 0.3835
Val Loss: 0.5830, Val Macro F1: 0.8216
Current learning rate: 0.001000

============================================================
Epoch 17/50
============================================================
  Batch 0/6019, Loss: 0.3933
  Batch 100/6019, Loss: 0.4926
  Batch 200/6019, Loss: 0.3137
  Batch 300/6019, Loss: 0.3908
  Batch 400/6019, Loss: 0.4478
  Batch 500/6019, Loss: 0.3755
  Batch 600/6019, Loss: 0.4252
  Batch 700/6019, Loss: 0.4841
  Batch 800/6019, Loss: 0.4705
  Batch 900/6019, Loss: 0.4099
  Batch 1000/6019, Loss: 0.4774
  Batch 1100/6019, Loss: 0.4211
  Batch 1200/6019, Loss: 0.3764
  Batch 1300/6019, Loss: 0.5301
  Batch 1400/6019, Loss: 0.3452
  Batch 1500/6019, Loss: 0.3974
  Batch 1600/6019, Loss: 0.4736
  Batch 1700/6019, Loss: 0.3379
  Batch 1800/6019, Loss: 0.3711
  Batch 1900/6019, Loss: 0.3846
  Batch 2000/6019, Loss: 0.3860
  Batch 2100/6019, Loss: 0.3181
  Batch 2200/6019, Loss: 0.3914
  Batch 2300/6019, Loss: 0.4476
  Batch 2400/6019, Loss: 0.4614
  Batch 2500/6019, Loss: 0.3462
  Batch 2600/6019, Loss: 0.4891
  Batch 2700/6019, Loss: 0.4641
  Batch 2800/6019, Loss: 0.3923
  Batch 2900/6019, Loss: 0.3500
  Batch 3000/6019, Loss: 0.3137
  Batch 3100/6019, Loss: 0.4347
  Batch 3200/6019, Loss: 0.3192
  Batch 3300/6019, Loss: 0.3402
  Batch 3400/6019, Loss: 0.3905
  Batch 3500/6019, Loss: 0.4910
  Batch 3600/6019, Loss: 0.2931
  Batch 3700/6019, Loss: 0.4195
  Batch 3800/6019, Loss: 0.3992
  Batch 3900/6019, Loss: 0.3671
  Batch 4000/6019, Loss: 0.3944
  Batch 4100/6019, Loss: 0.4435
  Batch 4200/6019, Loss: 0.4623
  Batch 4300/6019, Loss: 0.3873
  Batch 4400/6019, Loss: 0.3655
  Batch 4500/6019, Loss: 0.3939
  Batch 4600/6019, Loss: 0.3989
  Batch 4700/6019, Loss: 0.4509
  Batch 4800/6019, Loss: 0.3670
  Batch 4900/6019, Loss: 0.4759
  Batch 5000/6019, Loss: 0.4593
  Batch 5100/6019, Loss: 0.3718
  Batch 5200/6019, Loss: 0.4059
  Batch 5300/6019, Loss: 0.3069
  Batch 5400/6019, Loss: 0.4125
  Batch 5500/6019, Loss: 0.2823
  Batch 5600/6019, Loss: 0.4331
  Batch 5700/6019, Loss: 0.2703
  Batch 5800/6019, Loss: 0.3708
  Batch 5900/6019, Loss: 0.3686
  Batch 6000/6019, Loss: 0.2799
Train Loss: 0.3989
Val Loss: 0.6406, Val Macro F1: 0.7719
Current learning rate: 0.000994

============================================================
Epoch 18/50
============================================================
  Batch 0/6019, Loss: 0.4562
  Batch 100/6019, Loss: 0.4869
  Batch 200/6019, Loss: 0.3516
  Batch 300/6019, Loss: 0.3498
  Batch 400/6019, Loss: 0.4141
  Batch 500/6019, Loss: 0.5780
  Batch 600/6019, Loss: 0.3523
  Batch 700/6019, Loss: 0.4104
  Batch 800/6019, Loss: 0.4476
  Batch 900/6019, Loss: 0.3865
  Batch 1000/6019, Loss: 0.5873
  Batch 1100/6019, Loss: 0.3284
  Batch 1200/6019, Loss: 0.4416
  Batch 1300/6019, Loss: 0.3424
  Batch 1400/6019, Loss: 0.3633
  Batch 1500/6019, Loss: 0.4203
  Batch 1600/6019, Loss: 0.3921
  Batch 1700/6019, Loss: 0.3545
  Batch 1800/6019, Loss: 0.4268
  Batch 1900/6019, Loss: 0.3668
  Batch 2000/6019, Loss: 0.3565
  Batch 2100/6019, Loss: 0.4779
  Batch 2200/6019, Loss: 0.4031
  Batch 2300/6019, Loss: 0.4764
  Batch 2400/6019, Loss: 0.3276
  Batch 2500/6019, Loss: 0.6073
  Batch 2600/6019, Loss: 0.3433
  Batch 2700/6019, Loss: 0.4934
  Batch 2800/6019, Loss: 0.4931
  Batch 2900/6019, Loss: 0.4332
  Batch 3000/6019, Loss: 0.3689
  Batch 3100/6019, Loss: 0.5648
  Batch 3200/6019, Loss: 0.3590
  Batch 3300/6019, Loss: 0.2959
  Batch 3400/6019, Loss: 0.3767
  Batch 3500/6019, Loss: 0.4030
  Batch 3600/6019, Loss: 0.3526
  Batch 3700/6019, Loss: 0.3490
  Batch 3800/6019, Loss: 0.3700
  Batch 3900/6019, Loss: 0.3112
  Batch 4000/6019, Loss: 0.3770
  Batch 4100/6019, Loss: 0.4106
  Batch 4200/6019, Loss: 0.3992
  Batch 4300/6019, Loss: 0.3926
  Batch 4400/6019, Loss: 0.4806
  Batch 4500/6019, Loss: 0.3540
  Batch 4600/6019, Loss: 0.3754
  Batch 4700/6019, Loss: 0.3283
  Batch 4800/6019, Loss: 0.4276
  Batch 4900/6019, Loss: 0.3509
  Batch 5000/6019, Loss: 0.3728
  Batch 5100/6019, Loss: 0.3347
  Batch 5200/6019, Loss: 0.3938
  Batch 5300/6019, Loss: 0.3419
  Batch 5400/6019, Loss: 0.3725
  Batch 5500/6019, Loss: 0.4180
  Batch 5600/6019, Loss: 0.3868
  Batch 5700/6019, Loss: 0.3211
  Batch 5800/6019, Loss: 0.4291
  Batch 5900/6019, Loss: 0.3030
  Batch 6000/6019, Loss: 0.3290
Train Loss: 0.3978
Val Loss: 0.6081, Val Macro F1: 0.7987
Current learning rate: 0.000976

============================================================
Epoch 19/50
============================================================
  Batch 0/6019, Loss: 0.3496
  Batch 100/6019, Loss: 0.4249
  Batch 200/6019, Loss: 0.4066
  Batch 300/6019, Loss: 0.4534
  Batch 400/6019, Loss: 0.5208
  Batch 500/6019, Loss: 0.4242
  Batch 600/6019, Loss: 0.4033
  Batch 700/6019, Loss: 0.3668
  Batch 800/6019, Loss: 0.4052
  Batch 900/6019, Loss: 0.4826
  Batch 1000/6019, Loss: 0.4714
  Batch 1100/6019, Loss: 0.3578
  Batch 1200/6019, Loss: 0.3666
  Batch 1300/6019, Loss: 0.3530
  Batch 1400/6019, Loss: 0.4123
  Batch 1500/6019, Loss: 0.3883
  Batch 1600/6019, Loss: 0.3451
  Batch 1700/6019, Loss: 0.4380
  Batch 1800/6019, Loss: 0.4070
  Batch 1900/6019, Loss: 0.4406
  Batch 2000/6019, Loss: 0.3879
  Batch 2100/6019, Loss: 0.3884
  Batch 2200/6019, Loss: 0.3681
  Batch 2300/6019, Loss: 0.3233
  Batch 2400/6019, Loss: 0.3314
  Batch 2500/6019, Loss: 0.3367
  Batch 2600/6019, Loss: 0.4621
  Batch 2700/6019, Loss: 0.4607
  Batch 2800/6019, Loss: 0.3391
  Batch 2900/6019, Loss: 0.4192
  Batch 3000/6019, Loss: 0.3762
  Batch 3100/6019, Loss: 0.3747
  Batch 3200/6019, Loss: 0.4018
  Batch 3300/6019, Loss: 0.3526
  Batch 3400/6019, Loss: 0.5407
  Batch 3500/6019, Loss: 0.3868
  Batch 3600/6019, Loss: 0.2999
  Batch 3700/6019, Loss: 0.4687
  Batch 3800/6019, Loss: 0.4454
  Batch 3900/6019, Loss: 0.3751
  Batch 4000/6019, Loss: 0.3374
  Batch 4100/6019, Loss: 0.3987
  Batch 4200/6019, Loss: 0.3940
  Batch 4300/6019, Loss: 0.4842
  Batch 4400/6019, Loss: 0.4100
  Batch 4500/6019, Loss: 0.3653
  Batch 4600/6019, Loss: 0.4726
  Batch 4700/6019, Loss: 0.3799
  Batch 4800/6019, Loss: 0.3070
  Batch 4900/6019, Loss: 0.4007
  Batch 5000/6019, Loss: 0.3906
  Batch 5100/6019, Loss: 0.3966
  Batch 5200/6019, Loss: 0.4570
  Batch 5300/6019, Loss: 0.3192
  Batch 5400/6019, Loss: 0.4776
  Batch 5500/6019, Loss: 0.3810
  Batch 5600/6019, Loss: 0.3875
  Batch 5700/6019, Loss: 0.3481
  Batch 5800/6019, Loss: 0.3770
  Batch 5900/6019, Loss: 0.3597
  Batch 6000/6019, Loss: 0.3228
Train Loss: 0.3969
Val Loss: 0.6202, Val Macro F1: 0.8038
Current learning rate: 0.000946

============================================================
Epoch 20/50
============================================================
  Batch 0/6019, Loss: 0.3954
  Batch 100/6019, Loss: 0.3859
  Batch 200/6019, Loss: 0.4126
  Batch 300/6019, Loss: 0.3755
  Batch 400/6019, Loss: 0.4297
  Batch 500/6019, Loss: 0.3455
  Batch 600/6019, Loss: 0.3884
  Batch 700/6019, Loss: 0.3596
  Batch 800/6019, Loss: 0.4228
  Batch 900/6019, Loss: 0.3399
  Batch 1000/6019, Loss: 0.4097
  Batch 1100/6019, Loss: 0.3575
  Batch 1200/6019, Loss: 0.4291
  Batch 1300/6019, Loss: 0.5130
  Batch 1400/6019, Loss: 0.4677
  Batch 1500/6019, Loss: 0.3868
  Batch 1600/6019, Loss: 0.3673
  Batch 1700/6019, Loss: 0.3811
  Batch 1800/6019, Loss: 0.3948
  Batch 1900/6019, Loss: 0.3867
  Batch 2000/6019, Loss: 0.3738
  Batch 2100/6019, Loss: 0.3811
  Batch 2200/6019, Loss: 0.3657
  Batch 2300/6019, Loss: 0.3811
  Batch 2400/6019, Loss: 0.3368
  Batch 2500/6019, Loss: 0.3887
  Batch 2600/6019, Loss: 0.2478
  Batch 2700/6019, Loss: 0.4169
  Batch 2800/6019, Loss: 0.3631
  Batch 2900/6019, Loss: 0.3531
  Batch 3000/6019, Loss: 0.4316
  Batch 3100/6019, Loss: 0.3272
  Batch 3200/6019, Loss: 0.3751
  Batch 3300/6019, Loss: 0.4908
  Batch 3400/6019, Loss: 0.4851
  Batch 3500/6019, Loss: 0.4516
  Batch 3600/6019, Loss: 0.3260
  Batch 3700/6019, Loss: 0.4998
  Batch 3800/6019, Loss: 0.4396
  Batch 3900/6019, Loss: 0.3809
  Batch 4000/6019, Loss: 0.4166
  Batch 4100/6019, Loss: 0.3987
  Batch 4200/6019, Loss: 0.3671
  Batch 4300/6019, Loss: 0.4568
  Batch 4400/6019, Loss: 0.4418
  Batch 4500/6019, Loss: 0.3887
  Batch 4600/6019, Loss: 0.4356
  Batch 4700/6019, Loss: 0.3427
  Batch 4800/6019, Loss: 0.4974
  Batch 4900/6019, Loss: 0.4685
  Batch 5000/6019, Loss: 0.3972
  Batch 5100/6019, Loss: 0.3985
  Batch 5200/6019, Loss: 0.5218
  Batch 5300/6019, Loss: 0.4698
  Batch 5400/6019, Loss: 0.3859
  Batch 5500/6019, Loss: 0.3734
  Batch 5600/6019, Loss: 0.4153
  Batch 5700/6019, Loss: 0.3432
  Batch 5800/6019, Loss: 0.3605
  Batch 5900/6019, Loss: 0.3536
  Batch 6000/6019, Loss: 0.4212
Train Loss: 0.3953
Val Loss: 0.6326, Val Macro F1: 0.8074
Current learning rate: 0.000905
✓ Saved checkpoint at epoch 20

============================================================
Epoch 21/50
============================================================
  Batch 0/6019, Loss: 0.2841
  Batch 100/6019, Loss: 0.4107
  Batch 200/6019, Loss: 0.3219
  Batch 300/6019, Loss: 0.3649
  Batch 400/6019, Loss: 0.4143
  Batch 500/6019, Loss: 0.4257
  Batch 600/6019, Loss: 0.5254
  Batch 700/6019, Loss: 0.3537
  Batch 800/6019, Loss: 0.3371
  Batch 900/6019, Loss: 0.3753
  Batch 1000/6019, Loss: 0.4786
  Batch 1100/6019, Loss: 0.3970
  Batch 1200/6019, Loss: 0.3879
  Batch 1300/6019, Loss: 0.3724
  Batch 1400/6019, Loss: 0.3883
  Batch 1500/6019, Loss: 0.5250
  Batch 1600/6019, Loss: 0.4502
  Batch 1700/6019, Loss: 0.4292
  Batch 1800/6019, Loss: 0.3114
  Batch 1900/6019, Loss: 0.3238
  Batch 2000/6019, Loss: 0.3475
  Batch 2100/6019, Loss: 0.3728
  Batch 2200/6019, Loss: 0.3796
  Batch 2300/6019, Loss: 0.3616
  Batch 2400/6019, Loss: 0.3407
  Batch 2500/6019, Loss: 0.4067
  Batch 2600/6019, Loss: 0.4333
  Batch 2700/6019, Loss: 0.3410
  Batch 2800/6019, Loss: 0.3166
  Batch 2900/6019, Loss: 0.2980
  Batch 3000/6019, Loss: 0.3810
  Batch 3100/6019, Loss: 0.3839
  Batch 3200/6019, Loss: 0.3340
  Batch 3300/6019, Loss: 0.4013
  Batch 3400/6019, Loss: 0.3852
  Batch 3500/6019, Loss: 0.3452
  Batch 3600/6019, Loss: 0.3927
  Batch 3700/6019, Loss: 0.3321
  Batch 3800/6019, Loss: 0.3218
  Batch 3900/6019, Loss: 0.4125
  Batch 4000/6019, Loss: 0.3884
  Batch 4100/6019, Loss: 0.4451
  Batch 4200/6019, Loss: 0.3820
  Batch 4300/6019, Loss: 0.3515
  Batch 4400/6019, Loss: 0.3858
  Batch 4500/6019, Loss: 0.4304
  Batch 4600/6019, Loss: 0.4243
  Batch 4700/6019, Loss: 0.3709
  Batch 4800/6019, Loss: 0.5105
  Batch 4900/6019, Loss: 0.4644
  Batch 5000/6019, Loss: 0.3533
  Batch 5100/6019, Loss: 0.3930
  Batch 5200/6019, Loss: 0.3254
  Batch 5300/6019, Loss: 0.3399
  Batch 5400/6019, Loss: 0.4413
  Batch 5500/6019, Loss: 0.3317
  Batch 5600/6019, Loss: 0.3597
  Batch 5700/6019, Loss: 0.3427
  Batch 5800/6019, Loss: 0.2680
  Batch 5900/6019, Loss: 0.3816
  Batch 6000/6019, Loss: 0.3672
Train Loss: 0.3932
Val Loss: 0.5866, Val Macro F1: 0.8283
Current learning rate: 0.000854

============================================================
Epoch 22/50
============================================================
  Batch 0/6019, Loss: 0.4542
  Batch 100/6019, Loss: 0.5076
  Batch 200/6019, Loss: 0.4984
  Batch 300/6019, Loss: 0.5282
  Batch 400/6019, Loss: 0.3844
  Batch 500/6019, Loss: 0.4249
  Batch 600/6019, Loss: 0.3296
  Batch 700/6019, Loss: 0.3530
  Batch 800/6019, Loss: 0.3240
  Batch 900/6019, Loss: 0.4901
  Batch 1000/6019, Loss: 0.4740
  Batch 1100/6019, Loss: 0.4012
  Batch 1200/6019, Loss: 0.3880
  Batch 1300/6019, Loss: 0.4829
  Batch 1400/6019, Loss: 0.2931
  Batch 1500/6019, Loss: 0.3567
  Batch 1600/6019, Loss: 0.2898
  Batch 1700/6019, Loss: 0.4369
  Batch 1800/6019, Loss: 0.4147
  Batch 1900/6019, Loss: 0.3784
  Batch 2000/6019, Loss: 0.3887
  Batch 2100/6019, Loss: 0.4241
  Batch 2200/6019, Loss: 0.3808
  Batch 2300/6019, Loss: 0.4207
  Batch 2400/6019, Loss: 0.4655
  Batch 2500/6019, Loss: 0.3844
  Batch 2600/6019, Loss: 0.4873
  Batch 2700/6019, Loss: 0.3422
  Batch 2800/6019, Loss: 0.3479
  Batch 2900/6019, Loss: 0.3899
  Batch 3000/6019, Loss: 0.4811
  Batch 3100/6019, Loss: 0.3392
  Batch 3200/6019, Loss: 0.3710
  Batch 3300/6019, Loss: 0.4132
  Batch 3400/6019, Loss: 0.4096
  Batch 3500/6019, Loss: 0.4020
  Batch 3600/6019, Loss: 0.4181
  Batch 3700/6019, Loss: 0.3644
  Batch 3800/6019, Loss: 0.4108
  Batch 3900/6019, Loss: 0.4674
  Batch 4000/6019, Loss: 0.3646
  Batch 4100/6019, Loss: 0.3703
  Batch 4200/6019, Loss: 0.3709
  Batch 4300/6019, Loss: 0.4046
  Batch 4400/6019, Loss: 0.2492
  Batch 4500/6019, Loss: 0.3482
  Batch 4600/6019, Loss: 0.3472
  Batch 4700/6019, Loss: 0.4612
  Batch 4800/6019, Loss: 0.4086
  Batch 4900/6019, Loss: 0.2954
  Batch 5000/6019, Loss: 0.4469
  Batch 5100/6019, Loss: 0.2999
  Batch 5200/6019, Loss: 0.3477
  Batch 5300/6019, Loss: 0.4242
  Batch 5400/6019, Loss: 0.4090
  Batch 5500/6019, Loss: 0.3834
  Batch 5600/6019, Loss: 0.4031
  Batch 5700/6019, Loss: 0.3349
  Batch 5800/6019, Loss: 0.4705
  Batch 5900/6019, Loss: 0.3459
  Batch 6000/6019, Loss: 0.4646
Train Loss: 0.3915
Val Loss: 0.6074, Val Macro F1: 0.8219
Current learning rate: 0.000794

============================================================
Epoch 23/50
============================================================
  Batch 0/6019, Loss: 0.3311
  Batch 100/6019, Loss: 0.3978
  Batch 200/6019, Loss: 0.3825
  Batch 300/6019, Loss: 0.3679
  Batch 400/6019, Loss: 0.3667
  Batch 500/6019, Loss: 0.5017
  Batch 600/6019, Loss: 0.3941
  Batch 700/6019, Loss: 0.3956
  Batch 800/6019, Loss: 0.3511
  Batch 900/6019, Loss: 0.3908
  Batch 1000/6019, Loss: 0.3015
  Batch 1100/6019, Loss: 0.3821
  Batch 1200/6019, Loss: 0.3860
  Batch 1300/6019, Loss: 0.3562
  Batch 1400/6019, Loss: 0.4245
  Batch 1500/6019, Loss: 0.3424
  Batch 1600/6019, Loss: 0.4185
  Batch 1700/6019, Loss: 0.3922
  Batch 1800/6019, Loss: 0.4668
  Batch 1900/6019, Loss: 0.4891
  Batch 2000/6019, Loss: 0.2933
  Batch 2100/6019, Loss: 0.3955
  Batch 2200/6019, Loss: 0.2880
  Batch 2300/6019, Loss: 0.3887
  Batch 2400/6019, Loss: 0.3644
  Batch 2500/6019, Loss: 0.3645
  Batch 2600/6019, Loss: 0.3616
  Batch 2700/6019, Loss: 0.3822
  Batch 2800/6019, Loss: 0.4747
  Batch 2900/6019, Loss: 0.4106
  Batch 3000/6019, Loss: 0.3917
  Batch 3100/6019, Loss: 0.3685
  Batch 3200/6019, Loss: 0.3543
  Batch 3300/6019, Loss: 0.2826
  Batch 3400/6019, Loss: 0.5249
  Batch 3500/6019, Loss: 0.3874
  Batch 3600/6019, Loss: 0.3672
  Batch 3700/6019, Loss: 0.3810
  Batch 3800/6019, Loss: 0.4510
  Batch 3900/6019, Loss: 0.4377
  Batch 4000/6019, Loss: 0.4761
  Batch 4100/6019, Loss: 0.3604
  Batch 4200/6019, Loss: 0.2968
  Batch 4300/6019, Loss: 0.4339
  Batch 4400/6019, Loss: 0.3745
  Batch 4500/6019, Loss: 0.2969
  Batch 4600/6019, Loss: 0.3606
  Batch 4700/6019, Loss: 0.3487
  Batch 4800/6019, Loss: 0.3997
  Batch 4900/6019, Loss: 0.4246
  Batch 5000/6019, Loss: 0.3473
  Batch 5100/6019, Loss: 0.4252
  Batch 5200/6019, Loss: 0.4014
  Batch 5300/6019, Loss: 0.4795
  Batch 5400/6019, Loss: 0.2794
  Batch 5500/6019, Loss: 0.3836
  Batch 5600/6019, Loss: 0.4489
  Batch 5700/6019, Loss: 0.3983
  Batch 5800/6019, Loss: 0.3790
  Batch 5900/6019, Loss: 0.3672
  Batch 6000/6019, Loss: 0.3645
Train Loss: 0.3896
Val Loss: 0.5818, Val Macro F1: 0.8227
Current learning rate: 0.000727

============================================================
Epoch 24/50
============================================================
  Batch 0/6019, Loss: 0.4000
  Batch 100/6019, Loss: 0.3589
  Batch 200/6019, Loss: 0.4770
  Batch 300/6019, Loss: 0.3717
  Batch 400/6019, Loss: 0.4139
  Batch 500/6019, Loss: 0.3310
  Batch 600/6019, Loss: 0.3948
  Batch 700/6019, Loss: 0.4679
  Batch 800/6019, Loss: 0.5143
  Batch 900/6019, Loss: 0.4161
  Batch 1000/6019, Loss: 0.4109
  Batch 1100/6019, Loss: 0.4144
  Batch 1200/6019, Loss: 0.3564
  Batch 1300/6019, Loss: 0.3723
  Batch 1400/6019, Loss: 0.2836
  Batch 1500/6019, Loss: 0.4367
  Batch 1600/6019, Loss: 0.3350
  Batch 1700/6019, Loss: 0.3952
  Batch 1800/6019, Loss: 0.4437
  Batch 1900/6019, Loss: 0.4330
  Batch 2000/6019, Loss: 0.4161
  Batch 2100/6019, Loss: 0.2821
  Batch 2200/6019, Loss: 0.3674
  Batch 2300/6019, Loss: 0.4287
  Batch 2400/6019, Loss: 0.3868
  Batch 2500/6019, Loss: 0.3696
  Batch 2600/6019, Loss: 0.3710
  Batch 2700/6019, Loss: 0.3803
  Batch 2800/6019, Loss: 0.3515
  Batch 2900/6019, Loss: 0.4665
  Batch 3000/6019, Loss: 0.4533
  Batch 3100/6019, Loss: 0.4229
  Batch 3200/6019, Loss: 0.3653
  Batch 3300/6019, Loss: 0.3011
  Batch 3400/6019, Loss: 0.3825
  Batch 3500/6019, Loss: 0.3686
  Batch 3600/6019, Loss: 0.4159
  Batch 3700/6019, Loss: 0.4089
  Batch 3800/6019, Loss: 0.4575
  Batch 3900/6019, Loss: 0.4088
  Batch 4000/6019, Loss: 0.3878
  Batch 4100/6019, Loss: 0.3828
  Batch 4200/6019, Loss: 0.3069
  Batch 4300/6019, Loss: 0.4884
  Batch 4400/6019, Loss: 0.3520
  Batch 4500/6019, Loss: 0.4407
  Batch 4600/6019, Loss: 0.4167
  Batch 4700/6019, Loss: 0.4396
  Batch 4800/6019, Loss: 0.3664
  Batch 4900/6019, Loss: 0.4168
  Batch 5000/6019, Loss: 0.4148
  Batch 5100/6019, Loss: 0.4155
  Batch 5200/6019, Loss: 0.4539
  Batch 5300/6019, Loss: 0.3748
  Batch 5400/6019, Loss: 0.3714
  Batch 5500/6019, Loss: 0.3437
  Batch 5600/6019, Loss: 0.4193
  Batch 5700/6019, Loss: 0.3857
  Batch 5800/6019, Loss: 0.4320
  Batch 5900/6019, Loss: 0.3404
  Batch 6000/6019, Loss: 0.3094
Train Loss: 0.3882
Val Loss: 0.6586, Val Macro F1: 0.7923
Current learning rate: 0.000655

============================================================
Epoch 25/50
============================================================
  Batch 0/6019, Loss: 0.3256
  Batch 100/6019, Loss: 0.3556
  Batch 200/6019, Loss: 0.4168
  Batch 300/6019, Loss: 0.3937
  Batch 400/6019, Loss: 0.3736
  Batch 500/6019, Loss: 0.3752
  Batch 600/6019, Loss: 0.3548
  Batch 700/6019, Loss: 0.4014
  Batch 800/6019, Loss: 0.4348
  Batch 900/6019, Loss: 0.3862
  Batch 1000/6019, Loss: 0.4592
  Batch 1100/6019, Loss: 0.3209
  Batch 1200/6019, Loss: 0.4593
  Batch 1300/6019, Loss: 0.4216
  Batch 1400/6019, Loss: 0.4358
  Batch 1500/6019, Loss: 0.3931
  Batch 1600/6019, Loss: 0.3504
  Batch 1700/6019, Loss: 0.3330
  Batch 1800/6019, Loss: 0.4332
  Batch 1900/6019, Loss: 0.3230
  Batch 2000/6019, Loss: 0.4118
  Batch 2100/6019, Loss: 0.3727
  Batch 2200/6019, Loss: 0.4313
  Batch 2300/6019, Loss: 0.2956
  Batch 2400/6019, Loss: 0.4582
  Batch 2500/6019, Loss: 0.3799
  Batch 2600/6019, Loss: 0.3370
  Batch 2700/6019, Loss: 0.4244
  Batch 2800/6019, Loss: 0.4712
  Batch 2900/6019, Loss: 0.4218
  Batch 3000/6019, Loss: 0.4155
  Batch 3100/6019, Loss: 0.4421
  Batch 3200/6019, Loss: 0.4462
  Batch 3300/6019, Loss: 0.4270
  Batch 3400/6019, Loss: 0.3720
  Batch 3500/6019, Loss: 0.3169
  Batch 3600/6019, Loss: 0.3612
  Batch 3700/6019, Loss: 0.3363
  Batch 3800/6019, Loss: 0.2729
  Batch 3900/6019, Loss: 0.3305
  Batch 4000/6019, Loss: 0.4211
  Batch 4100/6019, Loss: 0.5001
  Batch 4200/6019, Loss: 0.3547
  Batch 4300/6019, Loss: 0.4681
  Batch 4400/6019, Loss: 0.3576
  Batch 4500/6019, Loss: 0.4737
  Batch 4600/6019, Loss: 0.4335
  Batch 4700/6019, Loss: 0.4107
  Batch 4800/6019, Loss: 0.4285
  Batch 4900/6019, Loss: 0.3500
  Batch 5000/6019, Loss: 0.2833
  Batch 5100/6019, Loss: 0.3854
  Batch 5200/6019, Loss: 0.4522
  Batch 5300/6019, Loss: 0.3265
  Batch 5400/6019, Loss: 0.3356
  Batch 5500/6019, Loss: 0.3697
  Batch 5600/6019, Loss: 0.4371
  Batch 5700/6019, Loss: 0.3793
  Batch 5800/6019, Loss: 0.3229
  Batch 5900/6019, Loss: 0.2892
  Batch 6000/6019, Loss: 0.2925
Train Loss: 0.3870
Val Loss: 0.6037, Val Macro F1: 0.8215
Current learning rate: 0.000579
✓ Saved checkpoint at epoch 25

============================================================
Epoch 26/50
============================================================
  Batch 0/6019, Loss: 0.3892
  Batch 100/6019, Loss: 0.3383
  Batch 200/6019, Loss: 0.3055
  Batch 300/6019, Loss: 0.4062
  Batch 400/6019, Loss: 0.3402
  Batch 500/6019, Loss: 0.4395
  Batch 600/6019, Loss: 0.2858
  Batch 700/6019, Loss: 0.3703
  Batch 800/6019, Loss: 0.3959
  Batch 900/6019, Loss: 0.3148
  Batch 1000/6019, Loss: 0.4268
  Batch 1100/6019, Loss: 0.3813
  Batch 1200/6019, Loss: 0.3229
  Batch 1300/6019, Loss: 0.3683
  Batch 1400/6019, Loss: 0.4144
  Batch 1500/6019, Loss: 0.3729
  Batch 1600/6019, Loss: 0.3917
  Batch 1700/6019, Loss: 0.3602
  Batch 1800/6019, Loss: 0.3486
  Batch 1900/6019, Loss: 0.3454
  Batch 2000/6019, Loss: 0.3655
  Batch 2100/6019, Loss: 0.3820
  Batch 2200/6019, Loss: 0.3795
  Batch 2300/6019, Loss: 0.4974
  Batch 2400/6019, Loss: 0.4657
  Batch 2500/6019, Loss: 0.3784
  Batch 2600/6019, Loss: 0.2854
  Batch 2700/6019, Loss: 0.4071
  Batch 2800/6019, Loss: 0.4386
  Batch 2900/6019, Loss: 0.4269
  Batch 3000/6019, Loss: 0.3410
  Batch 3100/6019, Loss: 0.3595
  Batch 3200/6019, Loss: 0.3896
  Batch 3300/6019, Loss: 0.4096
  Batch 3400/6019, Loss: 0.4890
  Batch 3500/6019, Loss: 0.4121
  Batch 3600/6019, Loss: 0.3394
  Batch 3700/6019, Loss: 0.3559
  Batch 3800/6019, Loss: 0.4105
  Batch 3900/6019, Loss: 0.2660
  Batch 4000/6019, Loss: 0.4594
  Batch 4100/6019, Loss: 0.3760
  Batch 4200/6019, Loss: 0.4381
  Batch 4300/6019, Loss: 0.2836
  Batch 4400/6019, Loss: 0.3472
  Batch 4500/6019, Loss: 0.4137
  Batch 4600/6019, Loss: 0.3907
  Batch 4700/6019, Loss: 0.3396
  Batch 4800/6019, Loss: 0.4487
  Batch 4900/6019, Loss: 0.3661
  Batch 5000/6019, Loss: 0.4354
  Batch 5100/6019, Loss: 0.3762
  Batch 5200/6019, Loss: 0.3788
  Batch 5300/6019, Loss: 0.3344
  Batch 5400/6019, Loss: 0.4986
  Batch 5500/6019, Loss: 0.4674
  Batch 5600/6019, Loss: 0.3113
  Batch 5700/6019, Loss: 0.3929
  Batch 5800/6019, Loss: 0.3839
  Batch 5900/6019, Loss: 0.3783
  Batch 6000/6019, Loss: 0.3972
Train Loss: 0.3848
Val Loss: 0.6029, Val Macro F1: 0.8202
Current learning rate: 0.000501

============================================================
Epoch 27/50
============================================================
  Batch 0/6019, Loss: 0.3576
  Batch 100/6019, Loss: 0.3639
  Batch 200/6019, Loss: 0.4048
  Batch 300/6019, Loss: 0.3763
  Batch 400/6019, Loss: 0.3643
  Batch 500/6019, Loss: 0.3880
  Batch 600/6019, Loss: 0.3121
  Batch 700/6019, Loss: 0.3523
  Batch 800/6019, Loss: 0.3868
  Batch 900/6019, Loss: 0.3208
  Batch 1000/6019, Loss: 0.3188
  Batch 1100/6019, Loss: 0.3329
  Batch 1200/6019, Loss: 0.4701
  Batch 1300/6019, Loss: 0.4093
  Batch 1400/6019, Loss: 0.3502
  Batch 1500/6019, Loss: 0.2987
  Batch 1600/6019, Loss: 0.4030
  Batch 1700/6019, Loss: 0.4317
  Batch 1800/6019, Loss: 0.3902
  Batch 1900/6019, Loss: 0.4080
  Batch 2000/6019, Loss: 0.3948
  Batch 2100/6019, Loss: 0.3848
  Batch 2200/6019, Loss: 0.3981
  Batch 2300/6019, Loss: 0.4200
  Batch 2400/6019, Loss: 0.2592
  Batch 2500/6019, Loss: 0.5234
  Batch 2600/6019, Loss: 0.4160
  Batch 2700/6019, Loss: 0.3637
  Batch 2800/6019, Loss: 0.3759
  Batch 2900/6019, Loss: 0.3193
  Batch 3000/6019, Loss: 0.3191
  Batch 3100/6019, Loss: 0.3058
  Batch 3200/6019, Loss: 0.3993
  Batch 3300/6019, Loss: 0.3520
  Batch 3400/6019, Loss: 0.3456
  Batch 3500/6019, Loss: 0.3189
  Batch 3600/6019, Loss: 0.4720
  Batch 3700/6019, Loss: 0.4028
  Batch 3800/6019, Loss: 0.5077
  Batch 3900/6019, Loss: 0.3967
  Batch 4000/6019, Loss: 0.3669
  Batch 4100/6019, Loss: 0.4692
  Batch 4200/6019, Loss: 0.2568
  Batch 4300/6019, Loss: 0.4062
  Batch 4400/6019, Loss: 0.3791
  Batch 4500/6019, Loss: 0.2842
  Batch 4600/6019, Loss: 0.4194
  Batch 4700/6019, Loss: 0.4061
  Batch 4800/6019, Loss: 0.3855
  Batch 4900/6019, Loss: 0.4170
  Batch 5000/6019, Loss: 0.4374
  Batch 5100/6019, Loss: 0.4661
  Batch 5200/6019, Loss: 0.4051
  Batch 5300/6019, Loss: 0.4325
  Batch 5400/6019, Loss: 0.3717
  Batch 5500/6019, Loss: 0.3413
  Batch 5600/6019, Loss: 0.3583
  Batch 5700/6019, Loss: 0.3355
  Batch 5800/6019, Loss: 0.4062
  Batch 5900/6019, Loss: 0.4412
  Batch 6000/6019, Loss: 0.3421
Train Loss: 0.3832
Val Loss: 0.6267, Val Macro F1: 0.8088
Current learning rate: 0.000422

============================================================
Epoch 28/50
============================================================
  Batch 0/6019, Loss: 0.4261
  Batch 100/6019, Loss: 0.3003
  Batch 200/6019, Loss: 0.3791
  Batch 300/6019, Loss: 0.3305
  Batch 400/6019, Loss: 0.3751
  Batch 500/6019, Loss: 0.3353
  Batch 600/6019, Loss: 0.3445
  Batch 700/6019, Loss: 0.3715
  Batch 800/6019, Loss: 0.3705
  Batch 900/6019, Loss: 0.3727
  Batch 1000/6019, Loss: 0.3208
  Batch 1100/6019, Loss: 0.3470
  Batch 1200/6019, Loss: 0.3452
  Batch 1300/6019, Loss: 0.4191
  Batch 1400/6019, Loss: 0.3336
  Batch 1500/6019, Loss: 0.3663
  Batch 1600/6019, Loss: 0.4152
  Batch 1700/6019, Loss: 0.2778
  Batch 1800/6019, Loss: 0.3776
  Batch 1900/6019, Loss: 0.3539
  Batch 2000/6019, Loss: 0.3415
  Batch 2100/6019, Loss: 0.2816
  Batch 2200/6019, Loss: 0.3954
  Batch 2300/6019, Loss: 0.4709
  Batch 2400/6019, Loss: 0.5060
  Batch 2500/6019, Loss: 0.4311
  Batch 2600/6019, Loss: 0.3962
  Batch 2700/6019, Loss: 0.3211
  Batch 2800/6019, Loss: 0.3738
  Batch 2900/6019, Loss: 0.3705
  Batch 3000/6019, Loss: 0.3185
  Batch 3100/6019, Loss: 0.3872
  Batch 3200/6019, Loss: 0.4329
  Batch 3300/6019, Loss: 0.4327
  Batch 3400/6019, Loss: 0.3035
  Batch 3500/6019, Loss: 0.3825
  Batch 3600/6019, Loss: 0.3277
  Batch 3700/6019, Loss: 0.3923
  Batch 3800/6019, Loss: 0.5030
  Batch 3900/6019, Loss: 0.3309
  Batch 4000/6019, Loss: 0.4195
  Batch 4100/6019, Loss: 0.4643
  Batch 4200/6019, Loss: 0.3903
  Batch 4300/6019, Loss: 0.4934
  Batch 4400/6019, Loss: 0.3037
  Batch 4500/6019, Loss: 0.3891
  Batch 4600/6019, Loss: 0.3825
  Batch 4700/6019, Loss: 0.4262
  Batch 4800/6019, Loss: 0.4022
  Batch 4900/6019, Loss: 0.3318
  Batch 5000/6019, Loss: 0.3768
  Batch 5100/6019, Loss: 0.4568
  Batch 5200/6019, Loss: 0.3486
  Batch 5300/6019, Loss: 0.3739
  Batch 5400/6019, Loss: 0.4568
  Batch 5500/6019, Loss: 0.4108
  Batch 5600/6019, Loss: 0.3495
  Batch 5700/6019, Loss: 0.3368
  Batch 5800/6019, Loss: 0.3642
  Batch 5900/6019, Loss: 0.3958
  Batch 6000/6019, Loss: 0.3359
Train Loss: 0.3817
Val Loss: 0.5938, Val Macro F1: 0.8175
Current learning rate: 0.000346

============================================================
Epoch 29/50
============================================================
  Batch 0/6019, Loss: 0.3701
  Batch 100/6019, Loss: 0.3550
  Batch 200/6019, Loss: 0.3726
  Batch 300/6019, Loss: 0.4351
  Batch 400/6019, Loss: 0.3525
  Batch 500/6019, Loss: 0.3857
  Batch 600/6019, Loss: 0.4336
  Batch 700/6019, Loss: 0.3619
  Batch 800/6019, Loss: 0.3761
  Batch 900/6019, Loss: 0.3261
  Batch 1000/6019, Loss: 0.3748
  Batch 1100/6019, Loss: 0.3865
  Batch 1200/6019, Loss: 0.3157
  Batch 1300/6019, Loss: 0.3689
  Batch 1400/6019, Loss: 0.3787
  Batch 1500/6019, Loss: 0.3419
  Batch 1600/6019, Loss: 0.3626
  Batch 1700/6019, Loss: 0.2981
  Batch 1800/6019, Loss: 0.4651
  Batch 1900/6019, Loss: 0.4778
  Batch 2000/6019, Loss: 0.3348
  Batch 2100/6019, Loss: 0.2824
  Batch 2200/6019, Loss: 0.3865
  Batch 2300/6019, Loss: 0.3299
  Batch 2400/6019, Loss: 0.4382
  Batch 2500/6019, Loss: 0.3554
  Batch 2600/6019, Loss: 0.4515
  Batch 2700/6019, Loss: 0.2982
  Batch 2800/6019, Loss: 0.3813
  Batch 2900/6019, Loss: 0.3303
  Batch 3000/6019, Loss: 0.2886
  Batch 3100/6019, Loss: 0.3486
  Batch 3200/6019, Loss: 0.3868
  Batch 3300/6019, Loss: 0.3903
  Batch 3400/6019, Loss: 0.4748
  Batch 3500/6019, Loss: 0.3035
  Batch 3600/6019, Loss: 0.3972
  Batch 3700/6019, Loss: 0.3730
  Batch 3800/6019, Loss: 0.3197
  Batch 3900/6019, Loss: 0.4603
  Batch 4000/6019, Loss: 0.3273
  Batch 4100/6019, Loss: 0.2810
  Batch 4200/6019, Loss: 0.2925
  Batch 4300/6019, Loss: 0.4139
  Batch 4400/6019, Loss: 0.3851
  Batch 4500/6019, Loss: 0.3134
  Batch 4600/6019, Loss: 0.4180
  Batch 4700/6019, Loss: 0.3677
  Batch 4800/6019, Loss: 0.4608
  Batch 4900/6019, Loss: 0.3509
  Batch 5000/6019, Loss: 0.3408
  Batch 5100/6019, Loss: 0.4087
  Batch 5200/6019, Loss: 0.4361
  Batch 5300/6019, Loss: 0.4897
  Batch 5400/6019, Loss: 0.4509
  Batch 5500/6019, Loss: 0.3770
  Batch 5600/6019, Loss: 0.3536
  Batch 5700/6019, Loss: 0.2559
  Batch 5800/6019, Loss: 0.3565
  Batch 5900/6019, Loss: 0.4491
  Batch 6000/6019, Loss: 0.4076
Train Loss: 0.3802
Val Loss: 0.5895, Val Macro F1: 0.8127
Current learning rate: 0.000274

============================================================
Epoch 30/50
============================================================
  Batch 0/6019, Loss: 0.5005
  Batch 100/6019, Loss: 0.3364
  Batch 200/6019, Loss: 0.3582
  Batch 300/6019, Loss: 0.4855
  Batch 400/6019, Loss: 0.4863
  Batch 500/6019, Loss: 0.4903
  Batch 600/6019, Loss: 0.3508
  Batch 700/6019, Loss: 0.4125
  Batch 800/6019, Loss: 0.3807
  Batch 900/6019, Loss: 0.4244
  Batch 1000/6019, Loss: 0.5000
  Batch 1100/6019, Loss: 0.3624
  Batch 1200/6019, Loss: 0.3697
  Batch 1300/6019, Loss: 0.3750
  Batch 1400/6019, Loss: 0.3641
  Batch 1500/6019, Loss: 0.3662
  Batch 1600/6019, Loss: 0.3890
  Batch 1700/6019, Loss: 0.3246
  Batch 1800/6019, Loss: 0.3769
  Batch 1900/6019, Loss: 0.4268
  Batch 2000/6019, Loss: 0.3518
  Batch 2100/6019, Loss: 0.3960
  Batch 2200/6019, Loss: 0.2763
  Batch 2300/6019, Loss: 0.4369
  Batch 2400/6019, Loss: 0.4347
  Batch 2500/6019, Loss: 0.3776
  Batch 2600/6019, Loss: 0.3570
  Batch 2700/6019, Loss: 0.3365
  Batch 2800/6019, Loss: 0.3455
  Batch 2900/6019, Loss: 0.3818
  Batch 3000/6019, Loss: 0.4051
  Batch 3100/6019, Loss: 0.3807
  Batch 3200/6019, Loss: 0.4408
  Batch 3300/6019, Loss: 0.3643
  Batch 3400/6019, Loss: 0.3624
  Batch 3500/6019, Loss: 0.4333
  Batch 3600/6019, Loss: 0.3822
  Batch 3700/6019, Loss: 0.3852
  Batch 3800/6019, Loss: 0.4717
  Batch 3900/6019, Loss: 0.4818
  Batch 4000/6019, Loss: 0.4130
  Batch 4100/6019, Loss: 0.3606
  Batch 4200/6019, Loss: 0.3630
  Batch 4300/6019, Loss: 0.3429
  Batch 4400/6019, Loss: 0.3969
  Batch 4500/6019, Loss: 0.3014
  Batch 4600/6019, Loss: 0.3896
  Batch 4700/6019, Loss: 0.3551
  Batch 4800/6019, Loss: 0.3893
  Batch 4900/6019, Loss: 0.4006
  Batch 5000/6019, Loss: 0.3773
  Batch 5100/6019, Loss: 0.3502
  Batch 5200/6019, Loss: 0.3390
  Batch 5300/6019, Loss: 0.3246
  Batch 5400/6019, Loss: 0.3524
  Batch 5500/6019, Loss: 0.3456
  Batch 5600/6019, Loss: 0.3752
  Batch 5700/6019, Loss: 0.4258
  Batch 5800/6019, Loss: 0.3895
  Batch 5900/6019, Loss: 0.3712
  Batch 6000/6019, Loss: 0.4105
Train Loss: 0.3783
Val Loss: 0.6043, Val Macro F1: 0.8252
Current learning rate: 0.000207
✓ Saved checkpoint at epoch 30

============================================================
Epoch 31/50
============================================================
  Batch 0/6019, Loss: 0.3241
  Batch 100/6019, Loss: 0.4094
  Batch 200/6019, Loss: 0.3921
  Batch 300/6019, Loss: 0.4004
  Batch 400/6019, Loss: 0.4746
  Batch 500/6019, Loss: 0.2850
  Batch 600/6019, Loss: 0.4856
  Batch 700/6019, Loss: 0.3455
  Batch 800/6019, Loss: 0.4027
  Batch 900/6019, Loss: 0.3857
  Batch 1000/6019, Loss: 0.3255
  Batch 1100/6019, Loss: 0.4213
  Batch 1200/6019, Loss: 0.3338
  Batch 1300/6019, Loss: 0.3255
  Batch 1400/6019, Loss: 0.3701
  Batch 1500/6019, Loss: 0.4065
  Batch 1600/6019, Loss: 0.3856
  Batch 1700/6019, Loss: 0.4496
  Batch 1800/6019, Loss: 0.3049
  Batch 1900/6019, Loss: 0.3650
  Batch 2000/6019, Loss: 0.4106
  Batch 2100/6019, Loss: 0.4220
  Batch 2200/6019, Loss: 0.3819
  Batch 2300/6019, Loss: 0.4119
  Batch 2400/6019, Loss: 0.3464
  Batch 2500/6019, Loss: 0.3896
  Batch 2600/6019, Loss: 0.4314
  Batch 2700/6019, Loss: 0.3545
  Batch 2800/6019, Loss: 0.3876
  Batch 2900/6019, Loss: 0.4626
  Batch 3000/6019, Loss: 0.3742
  Batch 3100/6019, Loss: 0.3943
  Batch 3200/6019, Loss: 0.3503
  Batch 3300/6019, Loss: 0.3904
  Batch 3400/6019, Loss: 0.3958
  Batch 3500/6019, Loss: 0.3173
  Batch 3600/6019, Loss: 0.3399
  Batch 3700/6019, Loss: 0.4334
  Batch 3800/6019, Loss: 0.3336
  Batch 3900/6019, Loss: 0.5259
  Batch 4000/6019, Loss: 0.3336
  Batch 4100/6019, Loss: 0.3280
  Batch 4200/6019, Loss: 0.3540
  Batch 4300/6019, Loss: 0.3438
  Batch 4400/6019, Loss: 0.3377
  Batch 4500/6019, Loss: 0.3236
  Batch 4600/6019, Loss: 0.3644
  Batch 4700/6019, Loss: 0.4126
  Batch 4800/6019, Loss: 0.3411
  Batch 4900/6019, Loss: 0.3657
  Batch 5000/6019, Loss: 0.3853
  Batch 5100/6019, Loss: 0.3687
  Batch 5200/6019, Loss: 0.3488
  Batch 5300/6019, Loss: 0.3456
  Batch 5400/6019, Loss: 0.4262
  Batch 5500/6019, Loss: 0.3951
  Batch 5600/6019, Loss: 0.3585
  Batch 5700/6019, Loss: 0.3686
  Batch 5800/6019, Loss: 0.4611
  Batch 5900/6019, Loss: 0.4588
  Batch 6000/6019, Loss: 0.4139
Train Loss: 0.3768
Val Loss: 0.6006, Val Macro F1: 0.8197
Current learning rate: 0.000147

============================================================
Epoch 32/50
============================================================
  Batch 0/6019, Loss: 0.4582
  Batch 100/6019, Loss: 0.3399
  Batch 200/6019, Loss: 0.3182
  Batch 300/6019, Loss: 0.3030
  Batch 400/6019, Loss: 0.3240
  Batch 500/6019, Loss: 0.3401
  Batch 600/6019, Loss: 0.3851
  Batch 700/6019, Loss: 0.4046
  Batch 800/6019, Loss: 0.4119
  Batch 900/6019, Loss: 0.3698
  Batch 1000/6019, Loss: 0.4478
  Batch 1100/6019, Loss: 0.3931
  Batch 1200/6019, Loss: 0.4296
  Batch 1300/6019, Loss: 0.3480
  Batch 1400/6019, Loss: 0.3706
  Batch 1500/6019, Loss: 0.3693
  Batch 1600/6019, Loss: 0.4068
  Batch 1700/6019, Loss: 0.3413
  Batch 1800/6019, Loss: 0.4391
  Batch 1900/6019, Loss: 0.3596
  Batch 2000/6019, Loss: 0.3951
  Batch 2100/6019, Loss: 0.3906
  Batch 2200/6019, Loss: 0.4222
  Batch 2300/6019, Loss: 0.4335
  Batch 2400/6019, Loss: 0.4803
  Batch 2500/6019, Loss: 0.3411
  Batch 2600/6019, Loss: 0.4256
  Batch 2700/6019, Loss: 0.3214
  Batch 2800/6019, Loss: 0.3400
  Batch 2900/6019, Loss: 0.4378
  Batch 3000/6019, Loss: 0.3919
  Batch 3100/6019, Loss: 0.4369
  Batch 3200/6019, Loss: 0.4326
  Batch 3300/6019, Loss: 0.3609
  Batch 3400/6019, Loss: 0.3550
  Batch 3500/6019, Loss: 0.3220
  Batch 3600/6019, Loss: 0.4029
  Batch 3700/6019, Loss: 0.3588
  Batch 3800/6019, Loss: 0.3606
  Batch 3900/6019, Loss: 0.4569
  Batch 4000/6019, Loss: 0.3596
  Batch 4100/6019, Loss: 0.4255
  Batch 4200/6019, Loss: 0.3611
  Batch 4300/6019, Loss: 0.3864
  Batch 4400/6019, Loss: 0.4124
  Batch 4500/6019, Loss: 0.3290
  Batch 4600/6019, Loss: 0.3835
  Batch 4700/6019, Loss: 0.3813
  Batch 4800/6019, Loss: 0.4294
  Batch 4900/6019, Loss: 0.3510
  Batch 5000/6019, Loss: 0.3408
  Batch 5100/6019, Loss: 0.3989
  Batch 5200/6019, Loss: 0.3508
  Batch 5300/6019, Loss: 0.2709
  Batch 5400/6019, Loss: 0.4147
  Batch 5500/6019, Loss: 0.4295
  Batch 5600/6019, Loss: 0.4219
  Batch 5700/6019, Loss: 0.3430
  Batch 5800/6019, Loss: 0.4354
  Batch 5900/6019, Loss: 0.3888
  Batch 6000/6019, Loss: 0.3863
Train Loss: 0.3755
Val Loss: 0.5855, Val Macro F1: 0.8316
Current learning rate: 0.000096

============================================================
Epoch 33/50
============================================================
  Batch 0/6019, Loss: 0.3378
  Batch 100/6019, Loss: 0.3437
  Batch 200/6019, Loss: 0.3802
  Batch 300/6019, Loss: 0.3880
  Batch 400/6019, Loss: 0.4013
  Batch 500/6019, Loss: 0.3608
  Batch 600/6019, Loss: 0.3634
  Batch 700/6019, Loss: 0.3634
  Batch 800/6019, Loss: 0.4176
  Batch 900/6019, Loss: 0.4265
  Batch 1000/6019, Loss: 0.3068
  Batch 1100/6019, Loss: 0.3232
  Batch 1200/6019, Loss: 0.3821
  Batch 1300/6019, Loss: 0.4293
  Batch 1400/6019, Loss: 0.3813
  Batch 1500/6019, Loss: 0.3912
  Batch 1600/6019, Loss: 0.4684
  Batch 1700/6019, Loss: 0.3863
  Batch 1800/6019, Loss: 0.3345
  Batch 1900/6019, Loss: 0.3507
  Batch 2000/6019, Loss: 0.4127
  Batch 2100/6019, Loss: 0.4323
  Batch 2200/6019, Loss: 0.3261
  Batch 2300/6019, Loss: 0.3331
  Batch 2400/6019, Loss: 0.3984
  Batch 2500/6019, Loss: 0.2779
  Batch 2600/6019, Loss: 0.3318
  Batch 2700/6019, Loss: 0.3121
  Batch 2800/6019, Loss: 0.3613
  Batch 2900/6019, Loss: 0.2965
  Batch 3000/6019, Loss: 0.3833
  Batch 3100/6019, Loss: 0.3559
  Batch 3200/6019, Loss: 0.3124
  Batch 3300/6019, Loss: 0.3752
  Batch 3400/6019, Loss: 0.4339
  Batch 3500/6019, Loss: 0.2812
  Batch 3600/6019, Loss: 0.5619
  Batch 3700/6019, Loss: 0.3612
  Batch 3800/6019, Loss: 0.3392
  Batch 3900/6019, Loss: 0.3353
  Batch 4000/6019, Loss: 0.3838
  Batch 4100/6019, Loss: 0.4776
  Batch 4200/6019, Loss: 0.3085
  Batch 4300/6019, Loss: 0.4028
  Batch 4400/6019, Loss: 0.4524
  Batch 4500/6019, Loss: 0.4137
  Batch 4600/6019, Loss: 0.3952
  Batch 4700/6019, Loss: 0.3641
  Batch 4800/6019, Loss: 0.4739
  Batch 4900/6019, Loss: 0.3333
  Batch 5000/6019, Loss: 0.3370
  Batch 5100/6019, Loss: 0.3704
  Batch 5200/6019, Loss: 0.4054
  Batch 5300/6019, Loss: 0.4119
  Batch 5400/6019, Loss: 0.3855
  Batch 5500/6019, Loss: 0.3003
  Batch 5600/6019, Loss: 0.3473
  Batch 5700/6019, Loss: 0.3580
  Batch 5800/6019, Loss: 0.4487
  Batch 5900/6019, Loss: 0.3081
  Batch 6000/6019, Loss: 0.3846
Train Loss: 0.3746
Val Loss: 0.5963, Val Macro F1: 0.8272
Current learning rate: 0.000055

============================================================
Epoch 34/50
============================================================
  Batch 0/6019, Loss: 0.3602
  Batch 100/6019, Loss: 0.3894
  Batch 200/6019, Loss: 0.3755
  Batch 300/6019, Loss: 0.4046
  Batch 400/6019, Loss: 0.4521
  Batch 500/6019, Loss: 0.3514
  Batch 600/6019, Loss: 0.3475
  Batch 700/6019, Loss: 0.3764
  Batch 800/6019, Loss: 0.4182
  Batch 900/6019, Loss: 0.3854
  Batch 1000/6019, Loss: 0.2759
  Batch 1100/6019, Loss: 0.5943
  Batch 1200/6019, Loss: 0.5143
  Batch 1300/6019, Loss: 0.4088
  Batch 1400/6019, Loss: 0.4468
  Batch 1500/6019, Loss: 0.4405
  Batch 1600/6019, Loss: 0.3047
  Batch 1700/6019, Loss: 0.4137
  Batch 1800/6019, Loss: 0.4248
  Batch 1900/6019, Loss: 0.3437
  Batch 2000/6019, Loss: 0.2639
  Batch 2100/6019, Loss: 0.4241
  Batch 2200/6019, Loss: 0.3110
  Batch 2300/6019, Loss: 0.4442
  Batch 2400/6019, Loss: 0.3705
  Batch 2500/6019, Loss: 0.3365
  Batch 2600/6019, Loss: 0.3185
  Batch 2700/6019, Loss: 0.2950
  Batch 2800/6019, Loss: 0.2834
  Batch 2900/6019, Loss: 0.3702
  Batch 3000/6019, Loss: 0.3873
  Batch 3100/6019, Loss: 0.4215
  Batch 3200/6019, Loss: 0.3840
  Batch 3300/6019, Loss: 0.3375
  Batch 3400/6019, Loss: 0.3646
  Batch 3500/6019, Loss: 0.3497
  Batch 3600/6019, Loss: 0.3592
  Batch 3700/6019, Loss: 0.3733
  Batch 3800/6019, Loss: 0.3512
  Batch 3900/6019, Loss: 0.3796
  Batch 4000/6019, Loss: 0.3708
  Batch 4100/6019, Loss: 0.3730
  Batch 4200/6019, Loss: 0.3635
  Batch 4300/6019, Loss: 0.3573
  Batch 4400/6019, Loss: 0.4061
  Batch 4500/6019, Loss: 0.4347
  Batch 4600/6019, Loss: 0.4526
  Batch 4700/6019, Loss: 0.4024
  Batch 4800/6019, Loss: 0.2807
  Batch 4900/6019, Loss: 0.3365
  Batch 5000/6019, Loss: 0.3962
  Batch 5100/6019, Loss: 0.3988
  Batch 5200/6019, Loss: 0.3345
  Batch 5300/6019, Loss: 0.4141
  Batch 5400/6019, Loss: 0.3903
  Batch 5500/6019, Loss: 0.3535
  Batch 5600/6019, Loss: 0.2471
  Batch 5700/6019, Loss: 0.4209
  Batch 5800/6019, Loss: 0.3775
  Batch 5900/6019, Loss: 0.3421
  Batch 6000/6019, Loss: 0.3964
Train Loss: 0.3736
Val Loss: 0.5918, Val Macro F1: 0.8285
Current learning rate: 0.000025

============================================================
Epoch 35/50
============================================================
  Batch 0/6019, Loss: 0.4151
  Batch 100/6019, Loss: 0.3358
  Batch 200/6019, Loss: 0.4182
  Batch 300/6019, Loss: 0.2940
  Batch 400/6019, Loss: 0.4115
  Batch 500/6019, Loss: 0.3243
  Batch 600/6019, Loss: 0.3178
  Batch 700/6019, Loss: 0.4105
  Batch 800/6019, Loss: 0.3583
  Batch 900/6019, Loss: 0.4758
  Batch 1000/6019, Loss: 0.4014
  Batch 1100/6019, Loss: 0.3984
  Batch 1200/6019, Loss: 0.3899
  Batch 1300/6019, Loss: 0.3625
  Batch 1400/6019, Loss: 0.4386
  Batch 1500/6019, Loss: 0.3124
  Batch 1600/6019, Loss: 0.3360
  Batch 1700/6019, Loss: 0.2863
  Batch 1800/6019, Loss: 0.3466
  Batch 1900/6019, Loss: 0.3212
  Batch 2000/6019, Loss: 0.5345
  Batch 2100/6019, Loss: 0.4388
  Batch 2200/6019, Loss: 0.3616
  Batch 2300/6019, Loss: 0.3156
  Batch 2400/6019, Loss: 0.2730
  Batch 2500/6019, Loss: 0.4426
  Batch 2600/6019, Loss: 0.2812
  Batch 2700/6019, Loss: 0.4013
  Batch 2800/6019, Loss: 0.3695
  Batch 2900/6019, Loss: 0.4161
  Batch 3000/6019, Loss: 0.3285
  Batch 3100/6019, Loss: 0.3454
  Batch 3200/6019, Loss: 0.3424
  Batch 3300/6019, Loss: 0.3014
  Batch 3400/6019, Loss: 0.4173
  Batch 3500/6019, Loss: 0.3607
  Batch 3600/6019, Loss: 0.3084
  Batch 3700/6019, Loss: 0.4622
  Batch 3800/6019, Loss: 0.3583
  Batch 3900/6019, Loss: 0.3620
  Batch 4000/6019, Loss: 0.3324
  Batch 4100/6019, Loss: 0.2959
  Batch 4200/6019, Loss: 0.4727
  Batch 4300/6019, Loss: 0.3532
  Batch 4400/6019, Loss: 0.3984
  Batch 4500/6019, Loss: 0.3728
  Batch 4600/6019, Loss: 0.3427
  Batch 4700/6019, Loss: 0.3639
  Batch 4800/6019, Loss: 0.3576
  Batch 4900/6019, Loss: 0.4471
  Batch 5000/6019, Loss: 0.4355
  Batch 5100/6019, Loss: 0.4221
  Batch 5200/6019, Loss: 0.3749
  Batch 5300/6019, Loss: 0.3526
  Batch 5400/6019, Loss: 0.3367
  Batch 5500/6019, Loss: 0.3748
  Batch 5600/6019, Loss: 0.3525
  Batch 5700/6019, Loss: 0.3419
  Batch 5800/6019, Loss: 0.3335
  Batch 5900/6019, Loss: 0.4632
  Batch 6000/6019, Loss: 0.3564
Train Loss: 0.3729
Val Loss: 0.6256, Val Macro F1: 0.8127
Current learning rate: 0.000007
✓ Saved checkpoint at epoch 35

============================================================
Epoch 36/50
============================================================
  Batch 0/6019, Loss: 0.4006
  Batch 100/6019, Loss: 0.3800
  Batch 200/6019, Loss: 0.2587
  Batch 300/6019, Loss: 0.3687
  Batch 400/6019, Loss: 0.3607
  Batch 500/6019, Loss: 0.4476
  Batch 600/6019, Loss: 0.3813
  Batch 700/6019, Loss: 0.3718
  Batch 800/6019, Loss: 0.3465
  Batch 900/6019, Loss: 0.3751
  Batch 1000/6019, Loss: 0.3919
  Batch 1100/6019, Loss: 0.3211
  Batch 1200/6019, Loss: 0.3206
  Batch 1300/6019, Loss: 0.2933
  Batch 1400/6019, Loss: 0.4406
  Batch 1500/6019, Loss: 0.3177
  Batch 1600/6019, Loss: 0.4535
  Batch 1700/6019, Loss: 0.3987
  Batch 1800/6019, Loss: 0.3127
  Batch 1900/6019, Loss: 0.2899
  Batch 2000/6019, Loss: 0.3239
  Batch 2100/6019, Loss: 0.4830
  Batch 2200/6019, Loss: 0.3711
  Batch 2300/6019, Loss: 0.4119
  Batch 2400/6019, Loss: 0.3272
  Batch 2500/6019, Loss: 0.3926
  Batch 2600/6019, Loss: 0.4408
  Batch 2700/6019, Loss: 0.4138
  Batch 2800/6019, Loss: 0.3230
  Batch 2900/6019, Loss: 0.3705
  Batch 3000/6019, Loss: 0.3345
  Batch 3100/6019, Loss: 0.4332
  Batch 3200/6019, Loss: 0.3707
  Batch 3300/6019, Loss: 0.3145
  Batch 3400/6019, Loss: 0.3546
  Batch 3500/6019, Loss: 0.3941
  Batch 3600/6019, Loss: 0.3541
  Batch 3700/6019, Loss: 0.4005
  Batch 3800/6019, Loss: 0.3992
  Batch 3900/6019, Loss: 0.4457
  Batch 4000/6019, Loss: 0.3954
  Batch 4100/6019, Loss: 0.3861
  Batch 4200/6019, Loss: 0.4154
  Batch 4300/6019, Loss: 0.3957
  Batch 4400/6019, Loss: 0.3234
  Batch 4500/6019, Loss: 0.3977
  Batch 4600/6019, Loss: 0.3921
  Batch 4700/6019, Loss: 0.4558
  Batch 4800/6019, Loss: 0.3490
  Batch 4900/6019, Loss: 0.3081
  Batch 5000/6019, Loss: 0.3175
  Batch 5100/6019, Loss: 0.3668
  Batch 5200/6019, Loss: 0.4212
  Batch 5300/6019, Loss: 0.3610
  Batch 5400/6019, Loss: 0.4303
  Batch 5500/6019, Loss: 0.4572
  Batch 5600/6019, Loss: 0.4307
  Batch 5700/6019, Loss: 0.3012
  Batch 5800/6019, Loss: 0.2303
  Batch 5900/6019, Loss: 0.3512
  Batch 6000/6019, Loss: 0.4819
Train Loss: 0.3729
Val Loss: 0.5832, Val Macro F1: 0.8325
Current learning rate: 0.001000

============================================================
Epoch 37/50
============================================================
  Batch 0/6019, Loss: 0.4155
  Batch 100/6019, Loss: 0.2718
  Batch 200/6019, Loss: 0.4406
  Batch 300/6019, Loss: 0.3609
  Batch 400/6019, Loss: 0.3013
  Batch 500/6019, Loss: 0.4733
  Batch 600/6019, Loss: 0.4728
  Batch 700/6019, Loss: 0.3065
  Batch 800/6019, Loss: 0.4017
  Batch 900/6019, Loss: 0.3900
  Batch 1000/6019, Loss: 0.5445
  Batch 1100/6019, Loss: 0.3553
  Batch 1200/6019, Loss: 0.3528
  Batch 1300/6019, Loss: 0.3717
  Batch 1400/6019, Loss: 0.3795
  Batch 1500/6019, Loss: 0.3714
  Batch 1600/6019, Loss: 0.4817
  Batch 1700/6019, Loss: 0.3833
  Batch 1800/6019, Loss: 0.4266
  Batch 1900/6019, Loss: 0.3756
  Batch 2000/6019, Loss: 0.3993
  Batch 2100/6019, Loss: 0.3267
  Batch 2200/6019, Loss: 0.3945
  Batch 2300/6019, Loss: 0.3932
  Batch 2400/6019, Loss: 0.2813
  Batch 2500/6019, Loss: 0.4100
  Batch 2600/6019, Loss: 0.4101
  Batch 2700/6019, Loss: 0.3683
  Batch 2800/6019, Loss: 0.4182
  Batch 2900/6019, Loss: 0.3625
  Batch 3000/6019, Loss: 0.3882
  Batch 3100/6019, Loss: 0.4800
  Batch 3200/6019, Loss: 0.3924
  Batch 3300/6019, Loss: 0.4239
  Batch 3400/6019, Loss: 0.4209
  Batch 3500/6019, Loss: 0.4611
  Batch 3600/6019, Loss: 0.4289
  Batch 3700/6019, Loss: 0.3533
  Batch 3800/6019, Loss: 0.3950
  Batch 3900/6019, Loss: 0.4266
  Batch 4000/6019, Loss: 0.3478
  Batch 4100/6019, Loss: 0.3395
  Batch 4200/6019, Loss: 0.3746
  Batch 4300/6019, Loss: 0.3005
  Batch 4400/6019, Loss: 0.4099
  Batch 4500/6019, Loss: 0.4159
  Batch 4600/6019, Loss: 0.4234
  Batch 4700/6019, Loss: 0.3392
  Batch 4800/6019, Loss: 0.2996
  Batch 4900/6019, Loss: 0.4182
  Batch 5000/6019, Loss: 0.3914
  Batch 5100/6019, Loss: 0.4469
  Batch 5200/6019, Loss: 0.4067
  Batch 5300/6019, Loss: 0.4000
  Batch 5400/6019, Loss: 0.3189
  Batch 5500/6019, Loss: 0.4849
  Batch 5600/6019, Loss: 0.3323
  Batch 5700/6019, Loss: 0.2836
  Batch 5800/6019, Loss: 0.4113
  Batch 5900/6019, Loss: 0.3700
  Batch 6000/6019, Loss: 0.3998
Train Loss: 0.3877
Val Loss: 0.5738, Val Macro F1: 0.8207
Current learning rate: 0.000998

============================================================
Epoch 38/50
============================================================
  Batch 0/6019, Loss: 0.4586
  Batch 100/6019, Loss: 0.3504
  Batch 200/6019, Loss: 0.3761
  Batch 300/6019, Loss: 0.4079
  Batch 400/6019, Loss: 0.4622
  Batch 500/6019, Loss: 0.3484
  Batch 600/6019, Loss: 0.3598
  Batch 700/6019, Loss: 0.3675
  Batch 800/6019, Loss: 0.3227
  Batch 900/6019, Loss: 0.4326
  Batch 1000/6019, Loss: 0.4632
  Batch 1100/6019, Loss: 0.3309
  Batch 1200/6019, Loss: 0.3881
  Batch 1300/6019, Loss: 0.3231
  Batch 1400/6019, Loss: 0.3402
  Batch 1500/6019, Loss: 0.3678
  Batch 1600/6019, Loss: 0.4033
  Batch 1700/6019, Loss: 0.4083
  Batch 1800/6019, Loss: 0.3316
  Batch 1900/6019, Loss: 0.4206
  Batch 2000/6019, Loss: 0.4277
  Batch 2100/6019, Loss: 0.5013
  Batch 2200/6019, Loss: 0.4266
  Batch 2300/6019, Loss: 0.4251
  Batch 2400/6019, Loss: 0.4460
  Batch 2500/6019, Loss: 0.3440
  Batch 2600/6019, Loss: 0.3308
  Batch 2700/6019, Loss: 0.3132
  Batch 2800/6019, Loss: 0.3771
  Batch 2900/6019, Loss: 0.2747
  Batch 3000/6019, Loss: 0.4375
  Batch 3100/6019, Loss: 0.3631
  Batch 3200/6019, Loss: 0.4308
  Batch 3300/6019, Loss: 0.5022
  Batch 3400/6019, Loss: 0.4375
  Batch 3500/6019, Loss: 0.4382
  Batch 3600/6019, Loss: 0.3560
  Batch 3700/6019, Loss: 0.3274
  Batch 3800/6019, Loss: 0.3680
  Batch 3900/6019, Loss: 0.3187
  Batch 4000/6019, Loss: 0.3713
  Batch 4100/6019, Loss: 0.3654
  Batch 4200/6019, Loss: 0.4029
  Batch 4300/6019, Loss: 0.4959
  Batch 4400/6019, Loss: 0.2754
  Batch 4500/6019, Loss: 0.4465
  Batch 4600/6019, Loss: 0.2772
  Batch 4700/6019, Loss: 0.4318
  Batch 4800/6019, Loss: 0.4635
  Batch 4900/6019, Loss: 0.3891
  Batch 5000/6019, Loss: 0.3689
  Batch 5100/6019, Loss: 0.3783
  Batch 5200/6019, Loss: 0.3369
  Batch 5300/6019, Loss: 0.3999
  Batch 5400/6019, Loss: 0.3446
  Batch 5500/6019, Loss: 0.4561
  Batch 5600/6019, Loss: 0.3291
  Batch 5700/6019, Loss: 0.3749
  Batch 5800/6019, Loss: 0.4385
  Batch 5900/6019, Loss: 0.3183
  Batch 6000/6019, Loss: 0.4488
Train Loss: 0.3878
Val Loss: 0.6339, Val Macro F1: 0.8206
Current learning rate: 0.000994

============================================================
Epoch 39/50
============================================================
  Batch 0/6019, Loss: 0.4021
  Batch 100/6019, Loss: 0.3568
  Batch 200/6019, Loss: 0.2856
  Batch 300/6019, Loss: 0.4793
  Batch 400/6019, Loss: 0.2982
  Batch 500/6019, Loss: 0.3786
  Batch 600/6019, Loss: 0.3919
  Batch 700/6019, Loss: 0.4541
  Batch 800/6019, Loss: 0.5264
  Batch 900/6019, Loss: 0.4272
  Batch 1000/6019, Loss: 0.4662
  Batch 1100/6019, Loss: 0.3643
  Batch 1200/6019, Loss: 0.4538
  Batch 1300/6019, Loss: 0.4485
  Batch 1400/6019, Loss: 0.3541
  Batch 1500/6019, Loss: 0.4376
  Batch 1600/6019, Loss: 0.4474
  Batch 1700/6019, Loss: 0.3593
  Batch 1800/6019, Loss: 0.3858
  Batch 1900/6019, Loss: 0.3544
  Batch 2000/6019, Loss: 0.3439
  Batch 2100/6019, Loss: 0.5153
  Batch 2200/6019, Loss: 0.3706
  Batch 2300/6019, Loss: 0.4398
  Batch 2400/6019, Loss: 0.3881
  Batch 2500/6019, Loss: 0.3522
  Batch 2600/6019, Loss: 0.4140
  Batch 2700/6019, Loss: 0.4393
  Batch 2800/6019, Loss: 0.3370
  Batch 2900/6019, Loss: 0.4228
  Batch 3000/6019, Loss: 0.3978
  Batch 3100/6019, Loss: 0.3641
  Batch 3200/6019, Loss: 0.4181
  Batch 3300/6019, Loss: 0.3945
  Batch 3400/6019, Loss: 0.3928
  Batch 3500/6019, Loss: 0.3397
  Batch 3600/6019, Loss: 0.4149
  Batch 3700/6019, Loss: 0.4727
  Batch 3800/6019, Loss: 0.5226
  Batch 3900/6019, Loss: 0.3844
  Batch 4000/6019, Loss: 0.4186
  Batch 4100/6019, Loss: 0.4768
  Batch 4200/6019, Loss: 0.4424
  Batch 4300/6019, Loss: 0.3756
  Batch 4400/6019, Loss: 0.3541
  Batch 4500/6019, Loss: 0.4567
  Batch 4600/6019, Loss: 0.3556
  Batch 4700/6019, Loss: 0.3559
  Batch 4800/6019, Loss: 0.3898
  Batch 4900/6019, Loss: 0.4766
  Batch 5000/6019, Loss: 0.4179
  Batch 5100/6019, Loss: 0.3361
  Batch 5200/6019, Loss: 0.4118
  Batch 5300/6019, Loss: 0.3512
  Batch 5400/6019, Loss: 0.4181
  Batch 5500/6019, Loss: 0.3243
  Batch 5600/6019, Loss: 0.3619
  Batch 5700/6019, Loss: 0.4274
  Batch 5800/6019, Loss: 0.3494
  Batch 5900/6019, Loss: 0.3060
  Batch 6000/6019, Loss: 0.2786
Train Loss: 0.3873
Val Loss: 0.6428, Val Macro F1: 0.7991
Current learning rate: 0.000986

============================================================
Epoch 40/50
============================================================
  Batch 0/6019, Loss: 0.3702
  Batch 100/6019, Loss: 0.3235
  Batch 200/6019, Loss: 0.3453
  Batch 300/6019, Loss: 0.3944
  Batch 400/6019, Loss: 0.3877
  Batch 500/6019, Loss: 0.3817
  Batch 600/6019, Loss: 0.3708
  Batch 700/6019, Loss: 0.3412
  Batch 800/6019, Loss: 0.3863
  Batch 900/6019, Loss: 0.2998
  Batch 1000/6019, Loss: 0.3382
  Batch 1100/6019, Loss: 0.3403
  Batch 1200/6019, Loss: 0.3805
  Batch 1300/6019, Loss: 0.3238
  Batch 1400/6019, Loss: 0.4742
  Batch 1500/6019, Loss: 0.3130
  Batch 1600/6019, Loss: 0.4786
  Batch 1700/6019, Loss: 0.3432
  Batch 1800/6019, Loss: 0.2793
  Batch 1900/6019, Loss: 0.4001
  Batch 2000/6019, Loss: 0.4366
  Batch 2100/6019, Loss: 0.3441
  Batch 2200/6019, Loss: 0.3176
  Batch 2300/6019, Loss: 0.3866
  Batch 2400/6019, Loss: 0.4055
  Batch 2500/6019, Loss: 0.2914
  Batch 2600/6019, Loss: 0.4375
  Batch 2700/6019, Loss: 0.3980
  Batch 2800/6019, Loss: 0.4544
  Batch 2900/6019, Loss: 0.3987
  Batch 3000/6019, Loss: 0.3972
  Batch 3100/6019, Loss: 0.5147
  Batch 3200/6019, Loss: 0.3736
  Batch 3300/6019, Loss: 0.3487
  Batch 3400/6019, Loss: 0.3363
  Batch 3500/6019, Loss: 0.3756
  Batch 3600/6019, Loss: 0.3242
  Batch 3700/6019, Loss: 0.3278
  Batch 3800/6019, Loss: 0.4292
  Batch 3900/6019, Loss: 0.3569
  Batch 4000/6019, Loss: 0.4359
  Batch 4100/6019, Loss: 0.4396
  Batch 4200/6019, Loss: 0.4097
  Batch 4300/6019, Loss: 0.3820
  Batch 4400/6019, Loss: 0.3297
  Batch 4500/6019, Loss: 0.4481
  Batch 4600/6019, Loss: 0.4865
  Batch 4700/6019, Loss: 0.3950
  Batch 4800/6019, Loss: 0.3464
  Batch 4900/6019, Loss: 0.3523
  Batch 5000/6019, Loss: 0.3593
  Batch 5100/6019, Loss: 0.3578
  Batch 5200/6019, Loss: 0.3518
  Batch 5300/6019, Loss: 0.4235
  Batch 5400/6019, Loss: 0.3538
  Batch 5500/6019, Loss: 0.3790
  Batch 5600/6019, Loss: 0.4183
  Batch 5700/6019, Loss: 0.3572
  Batch 5800/6019, Loss: 0.3289
  Batch 5900/6019, Loss: 0.4845
  Batch 6000/6019, Loss: 0.3711
Train Loss: 0.3867
Val Loss: 0.5776, Val Macro F1: 0.8265
Current learning rate: 0.000976
✓ Saved checkpoint at epoch 40

============================================================
Epoch 41/50
============================================================
  Batch 0/6019, Loss: 0.4219
  Batch 100/6019, Loss: 0.4077
  Batch 200/6019, Loss: 0.3630
  Batch 300/6019, Loss: 0.3772
  Batch 400/6019, Loss: 0.3859
  Batch 500/6019, Loss: 0.4294
  Batch 600/6019, Loss: 0.3555
  Batch 700/6019, Loss: 0.3750
  Batch 800/6019, Loss: 0.4051
  Batch 900/6019, Loss: 0.4216
  Batch 1000/6019, Loss: 0.3404
  Batch 1100/6019, Loss: 0.3152
  Batch 1200/6019, Loss: 0.4356
  Batch 1300/6019, Loss: 0.3427
  Batch 1400/6019, Loss: 0.3748
  Batch 1500/6019, Loss: 0.4438
  Batch 1600/6019, Loss: 0.4068
  Batch 1700/6019, Loss: 0.3439
  Batch 1800/6019, Loss: 0.4085
  Batch 1900/6019, Loss: 0.3693
  Batch 2000/6019, Loss: 0.3526
  Batch 2100/6019, Loss: 0.4096
  Batch 2200/6019, Loss: 0.4706
  Batch 2300/6019, Loss: 0.3641
  Batch 2400/6019, Loss: 0.4573
  Batch 2500/6019, Loss: 0.3261
  Batch 2600/6019, Loss: 0.3466
  Batch 2700/6019, Loss: 0.3418
  Batch 2800/6019, Loss: 0.3068
  Batch 2900/6019, Loss: 0.4381
  Batch 3000/6019, Loss: 0.3321
  Batch 3100/6019, Loss: 0.4554
  Batch 3200/6019, Loss: 0.4549
  Batch 3300/6019, Loss: 0.3703
  Batch 3400/6019, Loss: 0.3229
  Batch 3500/6019, Loss: 0.3179
  Batch 3600/6019, Loss: 0.4101
  Batch 3700/6019, Loss: 0.3166
  Batch 3800/6019, Loss: 0.3509
  Batch 3900/6019, Loss: 0.3885
  Batch 4000/6019, Loss: 0.3317
  Batch 4100/6019, Loss: 0.4631
  Batch 4200/6019, Loss: 0.4277
  Batch 4300/6019, Loss: 0.3157
  Batch 4400/6019, Loss: 0.4003
  Batch 4500/6019, Loss: 0.4022
  Batch 4600/6019, Loss: 0.3940
  Batch 4700/6019, Loss: 0.3932
  Batch 4800/6019, Loss: 0.3823
  Batch 4900/6019, Loss: 0.2915
  Batch 5000/6019, Loss: 0.3820
  Batch 5100/6019, Loss: 0.2782
  Batch 5200/6019, Loss: 0.4863
  Batch 5300/6019, Loss: 0.4309
  Batch 5400/6019, Loss: 0.3809
  Batch 5500/6019, Loss: 0.3474
  Batch 5600/6019, Loss: 0.3579
  Batch 5700/6019, Loss: 0.5589
  Batch 5800/6019, Loss: 0.3992
  Batch 5900/6019, Loss: 0.4338
  Batch 6000/6019, Loss: 0.2819
Train Loss: 0.3862
Val Loss: 0.5879, Val Macro F1: 0.8198
Current learning rate: 0.000962

============================================================
Epoch 42/50
============================================================
  Batch 0/6019, Loss: 0.3728
  Batch 100/6019, Loss: 0.3866
  Batch 200/6019, Loss: 0.3631
  Batch 300/6019, Loss: 0.4764
  Batch 400/6019, Loss: 0.3929
  Batch 500/6019, Loss: 0.4160
  Batch 600/6019, Loss: 0.3903
  Batch 700/6019, Loss: 0.3489
  Batch 800/6019, Loss: 0.3800
  Batch 900/6019, Loss: 0.3901
  Batch 1000/6019, Loss: 0.3714
  Batch 1100/6019, Loss: 0.3577
  Batch 1200/6019, Loss: 0.4610
  Batch 1300/6019, Loss: 0.4207
  Batch 1400/6019, Loss: 0.4195
  Batch 1500/6019, Loss: 0.4057
  Batch 1600/6019, Loss: 0.3495
  Batch 1700/6019, Loss: 0.3575
  Batch 1800/6019, Loss: 0.3904
  Batch 1900/6019, Loss: 0.3689
  Batch 2000/6019, Loss: 0.3630
  Batch 2100/6019, Loss: 0.3173
  Batch 2200/6019, Loss: 0.3217
  Batch 2300/6019, Loss: 0.3781
  Batch 2400/6019, Loss: 0.3043
  Batch 2500/6019, Loss: 0.4920
  Batch 2600/6019, Loss: 0.4523
  Batch 2700/6019, Loss: 0.3701
  Batch 2800/6019, Loss: 0.4903
  Batch 2900/6019, Loss: 0.3113
  Batch 3000/6019, Loss: 0.4104
  Batch 3100/6019, Loss: 0.4161
  Batch 3200/6019, Loss: 0.3374
  Batch 3300/6019, Loss: 0.3240
  Batch 3400/6019, Loss: 0.3937
  Batch 3500/6019, Loss: 0.4490
  Batch 3600/6019, Loss: 0.3679
  Batch 3700/6019, Loss: 0.3770
  Batch 3800/6019, Loss: 0.4924
  Batch 3900/6019, Loss: 0.3628
  Batch 4000/6019, Loss: 0.4071
  Batch 4100/6019, Loss: 0.3067
  Batch 4200/6019, Loss: 0.4163
  Batch 4300/6019, Loss: 0.3189
  Batch 4400/6019, Loss: 0.3924
  Batch 4500/6019, Loss: 0.3160
  Batch 4600/6019, Loss: 0.3653
  Batch 4700/6019, Loss: 0.5022
  Batch 4800/6019, Loss: 0.3892
  Batch 4900/6019, Loss: 0.2799
  Batch 5000/6019, Loss: 0.3900
  Batch 5100/6019, Loss: 0.3649
  Batch 5200/6019, Loss: 0.4083
  Batch 5300/6019, Loss: 0.3439
  Batch 5400/6019, Loss: 0.3799
  Batch 5500/6019, Loss: 0.3204
  Batch 5600/6019, Loss: 0.3528
  Batch 5700/6019, Loss: 0.3662
  Batch 5800/6019, Loss: 0.4256
  Batch 5900/6019, Loss: 0.4116
  Batch 6000/6019, Loss: 0.3824
Train Loss: 0.3853
Val Loss: 0.6216, Val Macro F1: 0.8078
Current learning rate: 0.000946

============================================================
Epoch 43/50
============================================================
  Batch 0/6019, Loss: 0.3494
  Batch 100/6019, Loss: 0.4211
  Batch 200/6019, Loss: 0.3859
  Batch 300/6019, Loss: 0.4461
  Batch 400/6019, Loss: 0.3767
  Batch 500/6019, Loss: 0.3719
  Batch 600/6019, Loss: 0.3027
  Batch 700/6019, Loss: 0.5619
  Batch 800/6019, Loss: 0.3390
  Batch 900/6019, Loss: 0.3596
  Batch 1000/6019, Loss: 0.4753
  Batch 1100/6019, Loss: 0.3390
  Batch 1200/6019, Loss: 0.4493
  Batch 1300/6019, Loss: 0.3679
  Batch 1400/6019, Loss: 0.3667
  Batch 1500/6019, Loss: 0.3772
  Batch 1600/6019, Loss: 0.4247
  Batch 1700/6019, Loss: 0.3938
  Batch 1800/6019, Loss: 0.3401
  Batch 1900/6019, Loss: 0.4213
  Batch 2000/6019, Loss: 0.3555
  Batch 2100/6019, Loss: 0.3473
  Batch 2200/6019, Loss: 0.3216
  Batch 2300/6019, Loss: 0.4078
  Batch 2400/6019, Loss: 0.3272
  Batch 2500/6019, Loss: 0.3876
  Batch 2600/6019, Loss: 0.3101
  Batch 2700/6019, Loss: 0.3352
  Batch 2800/6019, Loss: 0.3754
  Batch 2900/6019, Loss: 0.3118
  Batch 3000/6019, Loss: 0.3949
  Batch 3100/6019, Loss: 0.4104
  Batch 3200/6019, Loss: 0.4269
  Batch 3300/6019, Loss: 0.3110
  Batch 3400/6019, Loss: 0.3979
  Batch 3500/6019, Loss: 0.2972
  Batch 3600/6019, Loss: 0.4048
  Batch 3700/6019, Loss: 0.3262
  Batch 3800/6019, Loss: 0.3842
  Batch 3900/6019, Loss: 0.4284
  Batch 4000/6019, Loss: 0.4090
  Batch 4100/6019, Loss: 0.3288
  Batch 4200/6019, Loss: 0.3179
  Batch 4300/6019, Loss: 0.4698
  Batch 4400/6019, Loss: 0.3268
  Batch 4500/6019, Loss: 0.2792
  Batch 4600/6019, Loss: 0.3318
  Batch 4700/6019, Loss: 0.4086
  Batch 4800/6019, Loss: 0.3336
  Batch 4900/6019, Loss: 0.3449
  Batch 5000/6019, Loss: 0.4089
  Batch 5100/6019, Loss: 0.4544
  Batch 5200/6019, Loss: 0.3878
  Batch 5300/6019, Loss: 0.3837
  Batch 5400/6019, Loss: 0.4206
  Batch 5500/6019, Loss: 0.3690
  Batch 5600/6019, Loss: 0.3710
  Batch 5700/6019, Loss: 0.4435
  Batch 5800/6019, Loss: 0.3792
  Batch 5900/6019, Loss: 0.3914
  Batch 6000/6019, Loss: 0.3576
Train Loss: 0.3848
Val Loss: 0.5896, Val Macro F1: 0.8294
Current learning rate: 0.000926

============================================================
Epoch 44/50
============================================================
  Batch 0/6019, Loss: 0.3712
  Batch 100/6019, Loss: 0.4601
  Batch 200/6019, Loss: 0.4467
  Batch 300/6019, Loss: 0.3426
  Batch 400/6019, Loss: 0.4875
  Batch 500/6019, Loss: 0.3841
  Batch 600/6019, Loss: 0.4473
  Batch 700/6019, Loss: 0.4115
  Batch 800/6019, Loss: 0.3002
  Batch 900/6019, Loss: 0.4534
  Batch 1000/6019, Loss: 0.3607
  Batch 1100/6019, Loss: 0.4386
  Batch 1200/6019, Loss: 0.3769
  Batch 1300/6019, Loss: 0.3382
  Batch 1400/6019, Loss: 0.4384
  Batch 1500/6019, Loss: 0.4470
  Batch 1600/6019, Loss: 0.4093
  Batch 1700/6019, Loss: 0.3702
  Batch 1800/6019, Loss: 0.3458
  Batch 1900/6019, Loss: 0.3743
  Batch 2000/6019, Loss: 0.2864
  Batch 2100/6019, Loss: 0.3642
  Batch 2200/6019, Loss: 0.4103
  Batch 2300/6019, Loss: 0.4271
  Batch 2400/6019, Loss: 0.3787
  Batch 2500/6019, Loss: 0.4257
  Batch 2600/6019, Loss: 0.3864
  Batch 2700/6019, Loss: 0.4676
  Batch 2800/6019, Loss: 0.3650
  Batch 2900/6019, Loss: 0.4178
  Batch 3000/6019, Loss: 0.3201
  Batch 3100/6019, Loss: 0.5076
  Batch 3200/6019, Loss: 0.4210
  Batch 3300/6019, Loss: 0.4415
  Batch 3400/6019, Loss: 0.4653
  Batch 3500/6019, Loss: 0.2861
  Batch 3600/6019, Loss: 0.3893
  Batch 3700/6019, Loss: 0.3521
  Batch 3800/6019, Loss: 0.4260
  Batch 3900/6019, Loss: 0.3948
  Batch 4000/6019, Loss: 0.4559
  Batch 4100/6019, Loss: 0.3724
  Batch 4200/6019, Loss: 0.3946
  Batch 4300/6019, Loss: 0.4390
  Batch 4400/6019, Loss: 0.4275
  Batch 4500/6019, Loss: 0.3173
  Batch 4600/6019, Loss: 0.3972
  Batch 4700/6019, Loss: 0.4712
  Batch 4800/6019, Loss: 0.4240
  Batch 4900/6019, Loss: 0.4166
  Batch 5000/6019, Loss: 0.3677
  Batch 5100/6019, Loss: 0.2813
  Batch 5200/6019, Loss: 0.3794
  Batch 5300/6019, Loss: 0.3129
  Batch 5400/6019, Loss: 0.3730
  Batch 5500/6019, Loss: 0.3681
  Batch 5600/6019, Loss: 0.3610
  Batch 5700/6019, Loss: 0.3448
  Batch 5800/6019, Loss: 0.3651
  Batch 5900/6019, Loss: 0.3785
  Batch 6000/6019, Loss: 0.4476
Train Loss: 0.3837
Val Loss: 0.6064, Val Macro F1: 0.8250
Current learning rate: 0.000905

============================================================
Epoch 45/50
============================================================
  Batch 0/6019, Loss: 0.3311
  Batch 100/6019, Loss: 0.5185
  Batch 200/6019, Loss: 0.3946
  Batch 300/6019, Loss: 0.4054
  Batch 400/6019, Loss: 0.4045
  Batch 500/6019, Loss: 0.4113
  Batch 600/6019, Loss: 0.3741
  Batch 700/6019, Loss: 0.4809
  Batch 800/6019, Loss: 0.3911
  Batch 900/6019, Loss: 0.2868
  Batch 1000/6019, Loss: 0.3328
  Batch 1100/6019, Loss: 0.4015
  Batch 1200/6019, Loss: 0.3319
  Batch 1300/6019, Loss: 0.3844
  Batch 1400/6019, Loss: 0.3275
  Batch 1500/6019, Loss: 0.4600
  Batch 1600/6019, Loss: 0.3322
  Batch 1700/6019, Loss: 0.2830
  Batch 1800/6019, Loss: 0.3381
  Batch 1900/6019, Loss: 0.4933
  Batch 2000/6019, Loss: 0.4402
  Batch 2100/6019, Loss: 0.3079
  Batch 2200/6019, Loss: 0.3708
  Batch 2300/6019, Loss: 0.5306
  Batch 2400/6019, Loss: 0.4245
  Batch 2500/6019, Loss: 0.2810
  Batch 2600/6019, Loss: 0.3402
  Batch 2700/6019, Loss: 0.4230
  Batch 2800/6019, Loss: 0.4593
  Batch 2900/6019, Loss: 0.3300
  Batch 3000/6019, Loss: 0.5474
  Batch 3100/6019, Loss: 0.4296
  Batch 3200/6019, Loss: 0.4632
  Batch 3300/6019, Loss: 0.2775
  Batch 3400/6019, Loss: 0.4480
  Batch 3500/6019, Loss: 0.3477
  Batch 3600/6019, Loss: 0.3839
  Batch 3700/6019, Loss: 0.3529
  Batch 3800/6019, Loss: 0.3741
  Batch 3900/6019, Loss: 0.3548
  Batch 4000/6019, Loss: 0.3438
  Batch 4100/6019, Loss: 0.4817
  Batch 4200/6019, Loss: 0.2917
  Batch 4300/6019, Loss: 0.4279
  Batch 4400/6019, Loss: 0.3813
  Batch 4500/6019, Loss: 0.3939
  Batch 4600/6019, Loss: 0.4006
  Batch 4700/6019, Loss: 0.4370
  Batch 4800/6019, Loss: 0.3438
  Batch 4900/6019, Loss: 0.2945
  Batch 5000/6019, Loss: 0.3987
  Batch 5100/6019, Loss: 0.3792
  Batch 5200/6019, Loss: 0.3822
  Batch 5300/6019, Loss: 0.4039
  Batch 5400/6019, Loss: 0.3937
  Batch 5500/6019, Loss: 0.3945
  Batch 5600/6019, Loss: 0.3671
  Batch 5700/6019, Loss: 0.4637
  Batch 5800/6019, Loss: 0.3310
  Batch 5900/6019, Loss: 0.4749
  Batch 6000/6019, Loss: 0.3750
Train Loss: 0.3832
Val Loss: 0.5615, Val Macro F1: 0.8308
Current learning rate: 0.000880
✓ Saved checkpoint at epoch 45

============================================================
Epoch 46/50
============================================================
  Batch 0/6019, Loss: 0.3904
  Batch 100/6019, Loss: 0.4477
  Batch 200/6019, Loss: 0.4448
  Batch 300/6019, Loss: 0.3564
  Batch 400/6019, Loss: 0.4149
  Batch 500/6019, Loss: 0.3852
  Batch 600/6019, Loss: 0.3207
  Batch 700/6019, Loss: 0.3574
  Batch 800/6019, Loss: 0.3172
  Batch 900/6019, Loss: 0.5321
  Batch 1000/6019, Loss: 0.4483
  Batch 1100/6019, Loss: 0.3229
  Batch 1200/6019, Loss: 0.3233
  Batch 1300/6019, Loss: 0.3415
  Batch 1400/6019, Loss: 0.3972
  Batch 1500/6019, Loss: 0.4285
  Batch 1600/6019, Loss: 0.3085
  Batch 1700/6019, Loss: 0.3941
  Batch 1800/6019, Loss: 0.3409
  Batch 1900/6019, Loss: 0.3722
  Batch 2000/6019, Loss: 0.4036
  Batch 2100/6019, Loss: 0.4236
  Batch 2200/6019, Loss: 0.3661
  Batch 2300/6019, Loss: 0.3644
  Batch 2400/6019, Loss: 0.3680
  Batch 2500/6019, Loss: 0.4144
  Batch 2600/6019, Loss: 0.3709
  Batch 2700/6019, Loss: 0.2461
  Batch 2800/6019, Loss: 0.3546
  Batch 2900/6019, Loss: 0.3181
  Batch 3000/6019, Loss: 0.4131
  Batch 3100/6019, Loss: 0.4523
  Batch 3200/6019, Loss: 0.4306
  Batch 3300/6019, Loss: 0.4422
  Batch 3400/6019, Loss: 0.4257
  Batch 3500/6019, Loss: 0.3874
  Batch 3600/6019, Loss: 0.3940
  Batch 3700/6019, Loss: 0.3402
  Batch 3800/6019, Loss: 0.3612
  Batch 3900/6019, Loss: 0.4252
  Batch 4000/6019, Loss: 0.4331
  Batch 4100/6019, Loss: 0.3342
  Batch 4200/6019, Loss: 0.3292
  Batch 4300/6019, Loss: 0.3426
  Batch 4400/6019, Loss: 0.3569
  Batch 4500/6019, Loss: 0.3753
  Batch 4600/6019, Loss: 0.3067
  Batch 4700/6019, Loss: 0.3555
  Batch 4800/6019, Loss: 0.3227
  Batch 4900/6019, Loss: 0.3395
  Batch 5000/6019, Loss: 0.3395
  Batch 5100/6019, Loss: 0.3868
  Batch 5200/6019, Loss: 0.4583
  Batch 5300/6019, Loss: 0.2740
  Batch 5400/6019, Loss: 0.2696
  Batch 5500/6019, Loss: 0.3691
  Batch 5600/6019, Loss: 0.3175
  Batch 5700/6019, Loss: 0.3707
  Batch 5800/6019, Loss: 0.3654
  Batch 5900/6019, Loss: 0.4285
  Batch 6000/6019, Loss: 0.3394
Train Loss: 0.3825
Val Loss: 0.6353, Val Macro F1: 0.8086
Current learning rate: 0.000854

============================================================
Epoch 47/50
============================================================
  Batch 0/6019, Loss: 0.3240
  Batch 100/6019, Loss: 0.4629
  Batch 200/6019, Loss: 0.3770
  Batch 300/6019, Loss: 0.4516
  Batch 400/6019, Loss: 0.4610
  Batch 500/6019, Loss: 0.3356
  Batch 600/6019, Loss: 0.3746
  Batch 700/6019, Loss: 0.3969
  Batch 800/6019, Loss: 0.3646
  Batch 900/6019, Loss: 0.3553
  Batch 1000/6019, Loss: 0.3673
  Batch 1100/6019, Loss: 0.4416
  Batch 1200/6019, Loss: 0.3108
  Batch 1300/6019, Loss: 0.3505
  Batch 1400/6019, Loss: 0.3927
  Batch 1500/6019, Loss: 0.4609
  Batch 1600/6019, Loss: 0.3513
  Batch 1700/6019, Loss: 0.3315
  Batch 1800/6019, Loss: 0.3773
  Batch 1900/6019, Loss: 0.3399
  Batch 2000/6019, Loss: 0.3580
  Batch 2100/6019, Loss: 0.4081
  Batch 2200/6019, Loss: 0.3941
  Batch 2300/6019, Loss: 0.4799
  Batch 2400/6019, Loss: 0.3827
  Batch 2500/6019, Loss: 0.3404
  Batch 2600/6019, Loss: 0.4366
  Batch 2700/6019, Loss: 0.5116
  Batch 2800/6019, Loss: 0.4570
  Batch 2900/6019, Loss: 0.4796
  Batch 3000/6019, Loss: 0.4475
  Batch 3100/6019, Loss: 0.3674
  Batch 3200/6019, Loss: 0.3249
  Batch 3300/6019, Loss: 0.3540
  Batch 3400/6019, Loss: 0.3445
  Batch 3500/6019, Loss: 0.3726
  Batch 3600/6019, Loss: 0.3878
  Batch 3700/6019, Loss: 0.3390
  Batch 3800/6019, Loss: 0.4910
  Batch 3900/6019, Loss: 0.4112
  Batch 4000/6019, Loss: 0.3586
  Batch 4100/6019, Loss: 0.4950
  Batch 4200/6019, Loss: 0.3580
  Batch 4300/6019, Loss: 0.3213
  Batch 4400/6019, Loss: 0.3632
  Batch 4500/6019, Loss: 0.3523
  Batch 4600/6019, Loss: 0.4585
  Batch 4700/6019, Loss: 0.4806
  Batch 4800/6019, Loss: 0.3049
  Batch 4900/6019, Loss: 0.4133
  Batch 5000/6019, Loss: 0.3409
  Batch 5100/6019, Loss: 0.3167
  Batch 5200/6019, Loss: 0.3870
  Batch 5300/6019, Loss: 0.4668
  Batch 5400/6019, Loss: 0.3973
  Batch 5500/6019, Loss: 0.4091
  Batch 5600/6019, Loss: 0.3637
  Batch 5700/6019, Loss: 0.3917
  Batch 5800/6019, Loss: 0.3819
  Batch 5900/6019, Loss: 0.3691
  Batch 6000/6019, Loss: 0.4507
Train Loss: 0.3818
Val Loss: 0.6520, Val Macro F1: 0.7904
Current learning rate: 0.000825

============================================================
Epoch 48/50
============================================================
  Batch 0/6019, Loss: 0.3673
  Batch 100/6019, Loss: 0.2384
  Batch 200/6019, Loss: 0.3115
  Batch 300/6019, Loss: 0.3646
  Batch 400/6019, Loss: 0.3565
  Batch 500/6019, Loss: 0.3532
  Batch 600/6019, Loss: 0.2784
  Batch 700/6019, Loss: 0.5122
  Batch 800/6019, Loss: 0.4162
  Batch 900/6019, Loss: 0.3441
  Batch 1000/6019, Loss: 0.4169
  Batch 1100/6019, Loss: 0.3865
  Batch 1200/6019, Loss: 0.3765
  Batch 1300/6019, Loss: 0.3724
  Batch 1400/6019, Loss: 0.3475
  Batch 1500/6019, Loss: 0.3760
  Batch 1600/6019, Loss: 0.3844
  Batch 1700/6019, Loss: 0.2854
  Batch 1800/6019, Loss: 0.4932
  Batch 1900/6019, Loss: 0.3308
  Batch 2000/6019, Loss: 0.4892
  Batch 2100/6019, Loss: 0.3264
  Batch 2200/6019, Loss: 0.3733
  Batch 2300/6019, Loss: 0.3685
  Batch 2400/6019, Loss: 0.4788
  Batch 2500/6019, Loss: 0.3483
  Batch 2600/6019, Loss: 0.3418
  Batch 2700/6019, Loss: 0.3421
  Batch 2800/6019, Loss: 0.2649
  Batch 2900/6019, Loss: 0.3873
  Batch 3000/6019, Loss: 0.4109
  Batch 3100/6019, Loss: 0.4187
  Batch 3200/6019, Loss: 0.4767
  Batch 3300/6019, Loss: 0.3410
  Batch 3400/6019, Loss: 0.4042
  Batch 3500/6019, Loss: 0.3591
  Batch 3600/6019, Loss: 0.3105
  Batch 3700/6019, Loss: 0.3838
  Batch 3800/6019, Loss: 0.4241
  Batch 3900/6019, Loss: 0.4659
  Batch 4000/6019, Loss: 0.4125
  Batch 4100/6019, Loss: 0.3490
  Batch 4200/6019, Loss: 0.3690
  Batch 4300/6019, Loss: 0.4608
  Batch 4400/6019, Loss: 0.3675
  Batch 4500/6019, Loss: 0.3714
  Batch 4600/6019, Loss: 0.4836
  Batch 4700/6019, Loss: 0.2843
  Batch 4800/6019, Loss: 0.3909
  Batch 4900/6019, Loss: 0.3130
  Batch 5000/6019, Loss: 0.4140
  Batch 5100/6019, Loss: 0.3438
  Batch 5200/6019, Loss: 0.3113
  Batch 5300/6019, Loss: 0.4195
  Batch 5400/6019, Loss: 0.3749
  Batch 5500/6019, Loss: 0.4675
  Batch 5600/6019, Loss: 0.4457
  Batch 5700/6019, Loss: 0.3584
  Batch 5800/6019, Loss: 0.4109
  Batch 5900/6019, Loss: 0.3154
  Batch 6000/6019, Loss: 0.4547
Train Loss: 0.3812
Val Loss: 0.5818, Val Macro F1: 0.8234
Current learning rate: 0.000794

============================================================
Epoch 49/50
============================================================
  Batch 0/6019, Loss: 0.3373
  Batch 100/6019, Loss: 0.3868
  Batch 200/6019, Loss: 0.3725
  Batch 300/6019, Loss: 0.3815
  Batch 400/6019, Loss: 0.3596
  Batch 500/6019, Loss: 0.3116
  Batch 600/6019, Loss: 0.3520
  Batch 700/6019, Loss: 0.4332
  Batch 800/6019, Loss: 0.3321
  Batch 900/6019, Loss: 0.4176
  Batch 1000/6019, Loss: 0.2868
  Batch 1100/6019, Loss: 0.3632
  Batch 1200/6019, Loss: 0.3272
  Batch 1300/6019, Loss: 0.3077
  Batch 1400/6019, Loss: 0.4398
  Batch 1500/6019, Loss: 0.3826
  Batch 1600/6019, Loss: 0.4280
  Batch 1700/6019, Loss: 0.3869
  Batch 1800/6019, Loss: 0.3621
  Batch 1900/6019, Loss: 0.3823
  Batch 2000/6019, Loss: 0.4512
  Batch 2100/6019, Loss: 0.4098
  Batch 2200/6019, Loss: 0.3916
  Batch 2300/6019, Loss: 0.4436
  Batch 2400/6019, Loss: 0.3382
  Batch 2500/6019, Loss: 0.4130
  Batch 2600/6019, Loss: 0.3245
  Batch 2700/6019, Loss: 0.3324
  Batch 2800/6019, Loss: 0.3323
  Batch 2900/6019, Loss: 0.2841
  Batch 3000/6019, Loss: 0.3232
  Batch 3100/6019, Loss: 0.3366
  Batch 3200/6019, Loss: 0.3511
  Batch 3300/6019, Loss: 0.4304
  Batch 3400/6019, Loss: 0.2988
  Batch 3500/6019, Loss: 0.3678
  Batch 3600/6019, Loss: 0.4077
  Batch 3700/6019, Loss: 0.3591
  Batch 3800/6019, Loss: 0.3890
  Batch 3900/6019, Loss: 0.5214
  Batch 4000/6019, Loss: 0.3601
  Batch 4100/6019, Loss: 0.4216
  Batch 4200/6019, Loss: 0.3418
  Batch 4300/6019, Loss: 0.3372
  Batch 4400/6019, Loss: 0.3737
  Batch 4500/6019, Loss: 0.3524
  Batch 4600/6019, Loss: 0.4816
  Batch 4700/6019, Loss: 0.4070
  Batch 4800/6019, Loss: 0.4590
  Batch 4900/6019, Loss: 0.4101
  Batch 5000/6019, Loss: 0.3637
  Batch 5100/6019, Loss: 0.4592
  Batch 5200/6019, Loss: 0.4391
  Batch 5300/6019, Loss: 0.3922
  Batch 5400/6019, Loss: 0.3619
  Batch 5500/6019, Loss: 0.3643
  Batch 5600/6019, Loss: 0.3407
  Batch 5700/6019, Loss: 0.3224
  Batch 5800/6019, Loss: 0.5012
  Batch 5900/6019, Loss: 0.4236
  Batch 6000/6019, Loss: 0.3584
Train Loss: 0.3806
Val Loss: 0.5981, Val Macro F1: 0.8224
Current learning rate: 0.000761

============================================================
Epoch 50/50
============================================================
  Batch 0/6019, Loss: 0.3394
  Batch 100/6019, Loss: 0.3601
  Batch 200/6019, Loss: 0.4111
  Batch 300/6019, Loss: 0.3404
  Batch 400/6019, Loss: 0.4141
  Batch 500/6019, Loss: 0.4023
  Batch 600/6019, Loss: 0.3644
  Batch 700/6019, Loss: 0.4229
  Batch 800/6019, Loss: 0.3472
  Batch 900/6019, Loss: 0.4395
  Batch 1000/6019, Loss: 0.3199
  Batch 1100/6019, Loss: 0.4670
  Batch 1200/6019, Loss: 0.3522
  Batch 1300/6019, Loss: 0.4919
  Batch 1400/6019, Loss: 0.3407
  Batch 1500/6019, Loss: 0.3817
  Batch 1600/6019, Loss: 0.4150
  Batch 1700/6019, Loss: 0.2906
  Batch 1800/6019, Loss: 0.3717
  Batch 1900/6019, Loss: 0.4643
  Batch 2000/6019, Loss: 0.3983
  Batch 2100/6019, Loss: 0.3564
  Batch 2200/6019, Loss: 0.3892
  Batch 2300/6019, Loss: 0.3948
  Batch 2400/6019, Loss: 0.3885
  Batch 2500/6019, Loss: 0.4616
  Batch 2600/6019, Loss: 0.3907
  Batch 2700/6019, Loss: 0.4282
  Batch 2800/6019, Loss: 0.3446
  Batch 2900/6019, Loss: 0.4093
  Batch 3000/6019, Loss: 0.3941
  Batch 3100/6019, Loss: 0.3721
  Batch 3200/6019, Loss: 0.3582
  Batch 3300/6019, Loss: 0.3887
  Batch 3400/6019, Loss: 0.3798
  Batch 3500/6019, Loss: 0.4202
  Batch 3600/6019, Loss: 0.3266
  Batch 3700/6019, Loss: 0.4126
  Batch 3800/6019, Loss: 0.3226
  Batch 3900/6019, Loss: 0.3924
  Batch 4000/6019, Loss: 0.4368
  Batch 4100/6019, Loss: 0.3275
  Batch 4200/6019, Loss: 0.4574
  Batch 4300/6019, Loss: 0.3100
  Batch 4400/6019, Loss: 0.3857
  Batch 4500/6019, Loss: 0.3998
  Batch 4600/6019, Loss: 0.3196
  Batch 4700/6019, Loss: 0.3350
  Batch 4800/6019, Loss: 0.5207
  Batch 4900/6019, Loss: 0.3359
  Batch 5000/6019, Loss: 0.3851
  Batch 5100/6019, Loss: 0.4641
  Batch 5200/6019, Loss: 0.3114
  Batch 5300/6019, Loss: 0.3817
  Batch 5400/6019, Loss: 0.3576
  Batch 5500/6019, Loss: 0.3962
  Batch 5600/6019, Loss: 0.3872
  Batch 5700/6019, Loss: 0.4073
  Batch 5800/6019, Loss: 0.4025
  Batch 5900/6019, Loss: 0.3623
  Batch 6000/6019, Loss: 0.3735
Train Loss: 0.3795
Val Loss: 0.6060, Val Macro F1: 0.8144
Current learning rate: 0.000727
✓ Saved checkpoint at epoch 50

============================================================
Training completed! Best Val F1: 0.8340
============================================================

============================================================
Evaluating on test set...
============================================================
Test Loss: 0.5447
Test Macro F1: 0.8566

============================================================
Done!
============================================================
