Using device: cuda
Mode 0: Standard training with Kanformer v2-inspired improvements
Checkpoint directory: model/STM/ASM_Enhanced3_corpora_categories/standard/ckpt/2026-01-19_22-48

============================================================
Loading and preparing data...
============================================================
Loaded: /vast-ac8888/MusicSpeech-STM/STM_output/corpSTMnpy/BibleTTS-akuapem-twi_STMall.npy, shape: (23592, 2420)
Loaded: /vast-ac8888/MusicSpeech-STM/STM_output/corpSTMnpy/BibleTTS-asante-twi_STMall.npy, shape: (20768, 2420)
Loaded: /vast-ac8888/MusicSpeech-STM/STM_output/corpSTMnpy/BibleTTS-ewe_STMall.npy, shape: (22138, 2420)
Loaded: /vast-ac8888/MusicSpeech-STM/STM_output/corpSTMnpy/BibleTTS-hausa_STMall.npy, shape: (29002, 2420)
Loaded: /vast-ac8888/MusicSpeech-STM/STM_output/corpSTMnpy/BibleTTS-lingala_STMall.npy, shape: (11219, 2420)
Loaded: /vast-ac8888/MusicSpeech-STM/STM_output/corpSTMnpy/BibleTTS-yoruba_STMall.npy, shape: (6629, 2420)
Loaded: /vast-ac8888/MusicSpeech-STM/STM_output/corpSTMnpy/Buckeye_STMall.npy, shape: (255, 2420)
Loaded: /vast-ac8888/MusicSpeech-STM/STM_output/corpSTMnpy/EUROM_STMall.npy, shape: (6623, 2420)
Loaded: /vast-ac8888/MusicSpeech-STM/STM_output/corpSTMnpy/HiltonMoser2022_speech_STMall.npy, shape: (785, 2420)
Loaded: /vast-ac8888/MusicSpeech-STM/STM_output/corpSTMnpy/LibriSpeech_STMall.npy, shape: (27144, 2420)
Loaded: /vast-ac8888/MusicSpeech-STM/STM_output/corpSTMnpy/MediaSpeech-AR_STMall.npy, shape: (2505, 2420)
Loaded: /vast-ac8888/MusicSpeech-STM/STM_output/corpSTMnpy/MediaSpeech-ES_STMall.npy, shape: (2507, 2420)
Loaded: /vast-ac8888/MusicSpeech-STM/STM_output/corpSTMnpy/MediaSpeech-FR_STMall.npy, shape: (2498, 2420)
Loaded: /vast-ac8888/MusicSpeech-STM/STM_output/corpSTMnpy/MediaSpeech-TR_STMall.npy, shape: (2512, 2420)
Loaded: /vast-ac8888/MusicSpeech-STM/STM_output/corpSTMnpy/MozillaCommonVoice-ab_STMall.npy, shape: (7558, 2420)
Loaded: /vast-ac8888/MusicSpeech-STM/STM_output/corpSTMnpy/MozillaCommonVoice-ar_STMall.npy, shape: (8080, 2420)
Loaded: /vast-ac8888/MusicSpeech-STM/STM_output/corpSTMnpy/MozillaCommonVoice-ba_STMall.npy, shape: (7964, 2420)
Loaded: /vast-ac8888/MusicSpeech-STM/STM_output/corpSTMnpy/MozillaCommonVoice-be_STMall.npy, shape: (8595, 2420)
Loaded: /vast-ac8888/MusicSpeech-STM/STM_output/corpSTMnpy/MozillaCommonVoice-bg_STMall.npy, shape: (7130, 2420)
Loaded: /vast-ac8888/MusicSpeech-STM/STM_output/corpSTMnpy/MozillaCommonVoice-bn_STMall.npy, shape: (8149, 2420)
Loaded: /vast-ac8888/MusicSpeech-STM/STM_output/corpSTMnpy/MozillaCommonVoice-br_STMall.npy, shape: (1454, 2420)
Loaded: /vast-ac8888/MusicSpeech-STM/STM_output/corpSTMnpy/MozillaCommonVoice-ca_STMall.npy, shape: (8237, 2420)
Loaded: /vast-ac8888/MusicSpeech-STM/STM_output/corpSTMnpy/MozillaCommonVoice-ckb_STMall.npy, shape: (7490, 2420)
Loaded: /vast-ac8888/MusicSpeech-STM/STM_output/corpSTMnpy/MozillaCommonVoice-cnh_STMall.npy, shape: (656, 2420)
Loaded: /vast-ac8888/MusicSpeech-STM/STM_output/corpSTMnpy/MozillaCommonVoice-cs_STMall.npy, shape: (8622, 2420)
Loaded: /vast-ac8888/MusicSpeech-STM/STM_output/corpSTMnpy/MozillaCommonVoice-cv_STMall.npy, shape: (8755, 2420)
Loaded: /vast-ac8888/MusicSpeech-STM/STM_output/corpSTMnpy/MozillaCommonVoice-cy_STMall.npy, shape: (7640, 2420)
Loaded: /vast-ac8888/MusicSpeech-STM/STM_output/corpSTMnpy/MozillaCommonVoice-da_STMall.npy, shape: (3878, 2420)
Loaded: /vast-ac8888/MusicSpeech-STM/STM_output/corpSTMnpy/MozillaCommonVoice-de_STMall.npy, shape: (8979, 2420)
Loaded: /vast-ac8888/MusicSpeech-STM/STM_output/corpSTMnpy/MozillaCommonVoice-dv_STMall.npy, shape: (9113, 2420)
Loaded: /vast-ac8888/MusicSpeech-STM/STM_output/corpSTMnpy/MozillaCommonVoice-el_STMall.npy, shape: (6422, 2420)
Loaded: /vast-ac8888/MusicSpeech-STM/STM_output/corpSTMnpy/MozillaCommonVoice-en_STMall.npy, shape: (8607, 2420)
Loaded: /vast-ac8888/MusicSpeech-STM/STM_output/corpSTMnpy/MozillaCommonVoice-eo_STMall.npy, shape: (9327, 2420)
Loaded: /vast-ac8888/MusicSpeech-STM/STM_output/corpSTMnpy/MozillaCommonVoice-es_STMall.npy, shape: (8742, 2420)
Loaded: /vast-ac8888/MusicSpeech-STM/STM_output/corpSTMnpy/MozillaCommonVoice-et_STMall.npy, shape: (9653, 2420)
Loaded: /vast-ac8888/MusicSpeech-STM/STM_output/corpSTMnpy/MozillaCommonVoice-eu_STMall.npy, shape: (7983, 2420)
Loaded: /vast-ac8888/MusicSpeech-STM/STM_output/corpSTMnpy/MozillaCommonVoice-fa_STMall.npy, shape: (8629, 2420)
Loaded: /vast-ac8888/MusicSpeech-STM/STM_output/corpSTMnpy/MozillaCommonVoice-fi_STMall.npy, shape: (3982, 2420)
Loaded: /vast-ac8888/MusicSpeech-STM/STM_output/corpSTMnpy/MozillaCommonVoice-fr_STMall.npy, shape: (8912, 2420)
Loaded: /vast-ac8888/MusicSpeech-STM/STM_output/corpSTMnpy/MozillaCommonVoice-fy-NL_STMall.npy, shape: (6694, 2420)
Loaded: /vast-ac8888/MusicSpeech-STM/STM_output/corpSTMnpy/MozillaCommonVoice-ga-IE_STMall.npy, shape: (1323, 2420)
Loaded: /vast-ac8888/MusicSpeech-STM/STM_output/corpSTMnpy/MozillaCommonVoice-gl_STMall.npy, shape: (8623, 2420)
Loaded: /vast-ac8888/MusicSpeech-STM/STM_output/corpSTMnpy/MozillaCommonVoice-gn_STMall.npy, shape: (1014, 2420)
Loaded: /vast-ac8888/MusicSpeech-STM/STM_output/corpSTMnpy/MozillaCommonVoice-hi_STMall.npy, shape: (5438, 2420)
Loaded: /vast-ac8888/MusicSpeech-STM/STM_output/corpSTMnpy/MozillaCommonVoice-hu_STMall.npy, shape: (8319, 2420)
Loaded: /vast-ac8888/MusicSpeech-STM/STM_output/corpSTMnpy/MozillaCommonVoice-hy-AM_STMall.npy, shape: (6980, 2420)
Loaded: /vast-ac8888/MusicSpeech-STM/STM_output/corpSTMnpy/MozillaCommonVoice-id_STMall.npy, shape: (8468, 2420)
Loaded: /vast-ac8888/MusicSpeech-STM/STM_output/corpSTMnpy/MozillaCommonVoice-ig_STMall.npy, shape: (9, 2420)
Loaded: /vast-ac8888/MusicSpeech-STM/STM_output/corpSTMnpy/MozillaCommonVoice-it_STMall.npy, shape: (9083, 2420)
Loaded: /vast-ac8888/MusicSpeech-STM/STM_output/corpSTMnpy/MozillaCommonVoice-ja_STMall.npy, shape: (8606, 2420)
Loaded: /vast-ac8888/MusicSpeech-STM/STM_output/corpSTMnpy/MozillaCommonVoice-ka_STMall.npy, shape: (9409, 2420)
Loaded: /vast-ac8888/MusicSpeech-STM/STM_output/corpSTMnpy/MozillaCommonVoice-kab_STMall.npy, shape: (7172, 2420)
Loaded: /vast-ac8888/MusicSpeech-STM/STM_output/corpSTMnpy/MozillaCommonVoice-kk_STMall.npy, shape: (867, 2420)
Loaded: /vast-ac8888/MusicSpeech-STM/STM_output/corpSTMnpy/MozillaCommonVoice-kmr_STMall.npy, shape: (6603, 2420)
Loaded: /vast-ac8888/MusicSpeech-STM/STM_output/corpSTMnpy/MozillaCommonVoice-ky_STMall.npy, shape: (7998, 2420)
Loaded: /vast-ac8888/MusicSpeech-STM/STM_output/corpSTMnpy/MozillaCommonVoice-lg_STMall.npy, shape: (8169, 2420)
Loaded: /vast-ac8888/MusicSpeech-STM/STM_output/corpSTMnpy/MozillaCommonVoice-lt_STMall.npy, shape: (9073, 2420)
Loaded: /vast-ac8888/MusicSpeech-STM/STM_output/corpSTMnpy/MozillaCommonVoice-ltg_STMall.npy, shape: (2299, 2420)
Loaded: /vast-ac8888/MusicSpeech-STM/STM_output/corpSTMnpy/MozillaCommonVoice-lv_STMall.npy, shape: (7666, 2420)
Loaded: /vast-ac8888/MusicSpeech-STM/STM_output/corpSTMnpy/MozillaCommonVoice-mhr_STMall.npy, shape: (8336, 2420)
Loaded: /vast-ac8888/MusicSpeech-STM/STM_output/corpSTMnpy/MozillaCommonVoice-ml_STMall.npy, shape: (813, 2420)
Loaded: /vast-ac8888/MusicSpeech-STM/STM_output/corpSTMnpy/MozillaCommonVoice-mn_STMall.npy, shape: (5968, 2420)
Loaded: /vast-ac8888/MusicSpeech-STM/STM_output/corpSTMnpy/MozillaCommonVoice-mt_STMall.npy, shape: (3632, 2420)
Loaded: /vast-ac8888/MusicSpeech-STM/STM_output/corpSTMnpy/MozillaCommonVoice-nan-tw_STMall.npy, shape: (181, 2420)
Loaded: /vast-ac8888/MusicSpeech-STM/STM_output/corpSTMnpy/MozillaCommonVoice-nl_STMall.npy, shape: (8834, 2420)
Loaded: /vast-ac8888/MusicSpeech-STM/STM_output/corpSTMnpy/MozillaCommonVoice-oc_STMall.npy, shape: (681, 2420)
Loaded: /vast-ac8888/MusicSpeech-STM/STM_output/corpSTMnpy/MozillaCommonVoice-or_STMall.npy, shape: (1941, 2420)
Loaded: /vast-ac8888/MusicSpeech-STM/STM_output/corpSTMnpy/MozillaCommonVoice-pl_STMall.npy, shape: (8817, 2420)
Loaded: /vast-ac8888/MusicSpeech-STM/STM_output/corpSTMnpy/MozillaCommonVoice-pt_STMall.npy, shape: (8413, 2420)
Loaded: /vast-ac8888/MusicSpeech-STM/STM_output/corpSTMnpy/MozillaCommonVoice-ro_STMall.npy, shape: (6666, 2420)
Loaded: /vast-ac8888/MusicSpeech-STM/STM_output/corpSTMnpy/MozillaCommonVoice-ru_STMall.npy, shape: (9260, 2420)
Loaded: /vast-ac8888/MusicSpeech-STM/STM_output/corpSTMnpy/MozillaCommonVoice-rw_STMall.npy, shape: (9148, 2420)
Loaded: /vast-ac8888/MusicSpeech-STM/STM_output/corpSTMnpy/MozillaCommonVoice-sr_STMall.npy, shape: (391, 2420)
Loaded: /vast-ac8888/MusicSpeech-STM/STM_output/corpSTMnpy/MozillaCommonVoice-sv-SE_STMall.npy, shape: (8288, 2420)
Loaded: /vast-ac8888/MusicSpeech-STM/STM_output/corpSTMnpy/MozillaCommonVoice-sw_STMall.npy, shape: (9192, 2420)
Loaded: /vast-ac8888/MusicSpeech-STM/STM_output/corpSTMnpy/MozillaCommonVoice-ta_STMall.npy, shape: (9474, 2420)
Loaded: /vast-ac8888/MusicSpeech-STM/STM_output/corpSTMnpy/MozillaCommonVoice-th_STMall.npy, shape: (8044, 2420)
Loaded: /vast-ac8888/MusicSpeech-STM/STM_output/corpSTMnpy/MozillaCommonVoice-tr_STMall.npy, shape: (7953, 2420)
Loaded: /vast-ac8888/MusicSpeech-STM/STM_output/corpSTMnpy/MozillaCommonVoice-tt_STMall.npy, shape: (7454, 2420)
Loaded: /vast-ac8888/MusicSpeech-STM/STM_output/corpSTMnpy/MozillaCommonVoice-ug_STMall.npy, shape: (7899, 2420)
Loaded: /vast-ac8888/MusicSpeech-STM/STM_output/corpSTMnpy/MozillaCommonVoice-uk_STMall.npy, shape: (8819, 2420)
Loaded: /vast-ac8888/MusicSpeech-STM/STM_output/corpSTMnpy/MozillaCommonVoice-ur_STMall.npy, shape: (8970, 2420)
Loaded: /vast-ac8888/MusicSpeech-STM/STM_output/corpSTMnpy/MozillaCommonVoice-uz_STMall.npy, shape: (7911, 2420)
Loaded: /vast-ac8888/MusicSpeech-STM/STM_output/corpSTMnpy/MozillaCommonVoice-vi_STMall.npy, shape: (1859, 2420)
Loaded: /vast-ac8888/MusicSpeech-STM/STM_output/corpSTMnpy/MozillaCommonVoice-yo_STMall.npy, shape: (2511, 2420)
Loaded: /vast-ac8888/MusicSpeech-STM/STM_output/corpSTMnpy/MozillaCommonVoice-yue_STMall.npy, shape: (6156, 2420)
Loaded: /vast-ac8888/MusicSpeech-STM/STM_output/corpSTMnpy/MozillaCommonVoice-zh-CN_STMall.npy, shape: (8715, 2420)
Loaded: /vast-ac8888/MusicSpeech-STM/STM_output/corpSTMnpy/MozillaCommonVoice-zh-TW_STMall.npy, shape: (7286, 2420)
Loaded: /vast-ac8888/MusicSpeech-STM/STM_output/corpSTMnpy/SpeechClarity_STMall.npy, shape: (555, 2420)
Loaded: /vast-ac8888/MusicSpeech-STM/STM_output/corpSTMnpy/TAT-Vol2_STMall.npy, shape: (793, 2420)
Loaded: /vast-ac8888/MusicSpeech-STM/STM_output/corpSTMnpy/TIMIT_STMall.npy, shape: (479, 2420)
Loaded: /vast-ac8888/MusicSpeech-STM/STM_output/corpSTMnpy/TTS_Javanese_STMall.npy, shape: (3068, 2420)
Loaded: /vast-ac8888/MusicSpeech-STM/STM_output/corpSTMnpy/primewords_chinese_STMall.npy, shape: (47166, 2420)
Loaded: /vast-ac8888/MusicSpeech-STM/STM_output/corpSTMnpy/room_reader_STMall.npy, shape: (146, 2420)
Loaded: /vast-ac8888/MusicSpeech-STM/STM_output/corpSTMnpy/thchs30_STMall.npy, shape: (13327, 2420)
Loaded: /vast-ac8888/MusicSpeech-STM/STM_output/corpSTMnpy/zeroth_korean_STMall.npy, shape: (22255, 2420)
Loaded: /vast-ac8888/MusicSpeech-STM/STM_output/corpSTMnpy/Albouy2020Science_STMall.npy, shape: (123, 2420)
Loaded: /vast-ac8888/MusicSpeech-STM/STM_output/corpSTMnpy/GarlandEncyclopedia_STMall.npy, shape: (296, 2420)
Loaded: /vast-ac8888/MusicSpeech-STM/STM_output/corpSTMnpy/HiltonMoser2022_song_STMall.npy, shape: (803, 2420)
Loaded: /vast-ac8888/MusicSpeech-STM/STM_output/corpSTMnpy/IRMAS_STMall.npy, shape: (2838, 2420)
Loaded: /vast-ac8888/MusicSpeech-STM/STM_output/corpSTMnpy/MTG-Jamendo_STMall.npy, shape: (55699, 2420)
Loaded: /vast-ac8888/MusicSpeech-STM/STM_output/corpSTMnpy/MagnaTagATune_STMall.npy, shape: (25859, 2420)
Loaded: /vast-ac8888/MusicSpeech-STM/STM_output/corpSTMnpy/NHS2_STMall.npy, shape: (1007, 2420)
Loaded: /vast-ac8888/MusicSpeech-STM/STM_output/corpSTMnpy/fma_large_STMall.npy, shape: (106257, 2420)
Loaded: /vast-ac8888/MusicSpeech-STM/STM_output/corpSTMnpy/ismir04_genre_STMall.npy, shape: (2185, 2420)
Loaded: /vast-ac8888/MusicSpeech-STM/STM_output/corpSTMnpy/MacaulayLibrary_STMall.npy, shape: (34565, 2420)
Loaded: /vast-ac8888/MusicSpeech-STM/STM_output/corpSTMnpy/SONYC_STMall.npy, shape: (10798, 2420)
Total samples: 978378
Train samples: 770393
Val samples: 102010
Test samples: 105975
Feature dimension (flattened): 2420
Expected 2D shape: (20, 121)
Train dataset shape: torch.Size([770393, 20, 121])
Val dataset shape: torch.Size([102010, 20, 121])
Test dataset shape: torch.Size([105975, 20, 121])

Confusion-Aware Class Weights (v3):
  Class 0:  497475 samples → weight: 0.3184
  Class 1:   80258 samples → weight: 1.0304
  Class 2:  101893 samples → weight: 0.7034
  Class 3:   53538 samples → weight: 1.2616
  Class 4:    9580 samples → weight: 1.6059
  Class 5:   27649 samples → weight: 1.0803
DataLoaders created, STM dimensions: Time=121, Freq=20

============================================================
Creating Enhanced ASM-RH v3 model...
============================================================
Total parameters: 878,790

Starting Enhanced ASM v3 training for 50 epochs...
Starting from epoch 1
Strategy: Kanformer v2-inspired (sqrt weights + contrastive loss)

============================================================
Epoch 1/50
============================================================
  Batch 0/6019, Loss: 1.0129
  Batch 100/6019, Loss: 0.3736
  Batch 200/6019, Loss: 0.2630
  Batch 300/6019, Loss: 0.2240
  Batch 400/6019, Loss: 0.2743
  Batch 500/6019, Loss: 0.1985
  Batch 600/6019, Loss: 0.2335
  Batch 700/6019, Loss: 0.1848
  Batch 800/6019, Loss: 0.1513
  Batch 900/6019, Loss: 0.1806
  Batch 1000/6019, Loss: 0.1603
  Batch 1100/6019, Loss: 0.2552
  Batch 1200/6019, Loss: 0.1963
  Batch 1300/6019, Loss: 0.1848
  Batch 1400/6019, Loss: 0.1824
  Batch 1500/6019, Loss: 0.1681
  Batch 1600/6019, Loss: 0.1572
  Batch 1700/6019, Loss: 0.1957
  Batch 1800/6019, Loss: 0.1403
  Batch 1900/6019, Loss: 0.1342
  Batch 2000/6019, Loss: 0.1999
  Batch 2100/6019, Loss: 0.1652
  Batch 2200/6019, Loss: 0.2360
  Batch 2300/6019, Loss: 0.1689
  Batch 2400/6019, Loss: 0.1803
  Batch 2500/6019, Loss: 0.1712
  Batch 2600/6019, Loss: 0.1294
  Batch 2700/6019, Loss: 0.1632
  Batch 2800/6019, Loss: 0.1517
  Batch 2900/6019, Loss: 0.1869
  Batch 3000/6019, Loss: 0.1572
  Batch 3100/6019, Loss: 0.1471
  Batch 3200/6019, Loss: 0.1686
  Batch 3300/6019, Loss: 0.1475
  Batch 3400/6019, Loss: 0.1792
  Batch 3500/6019, Loss: 0.2166
  Batch 3600/6019, Loss: 0.1309
  Batch 3700/6019, Loss: 0.1552
  Batch 3800/6019, Loss: 0.1737
  Batch 3900/6019, Loss: 0.1556
  Batch 4000/6019, Loss: 0.1323
  Batch 4100/6019, Loss: 0.1189
  Batch 4200/6019, Loss: 0.1455
  Batch 4300/6019, Loss: 0.1395
  Batch 4400/6019, Loss: 0.1200
  Batch 4500/6019, Loss: 0.1395
  Batch 4600/6019, Loss: 0.1481
  Batch 4700/6019, Loss: 0.1211
  Batch 4800/6019, Loss: 0.1073
  Batch 4900/6019, Loss: 0.1229
  Batch 5000/6019, Loss: 0.1264
  Batch 5100/6019, Loss: 0.1389
  Batch 5200/6019, Loss: 0.1116
  Batch 5300/6019, Loss: 0.1313
  Batch 5400/6019, Loss: 0.1741
  Batch 5500/6019, Loss: 0.1392
  Batch 5600/6019, Loss: 0.1064
  Batch 5700/6019, Loss: 0.1101
  Batch 5800/6019, Loss: 0.1475
  Batch 5900/6019, Loss: 0.1150
  Batch 6000/6019, Loss: 0.1937
Train Loss: 0.1655
Val Loss: 0.6517, Val Macro F1: 0.6666
Per-class F1 scores:
  Class 0: 0.8365
  Class 1: 0.3319 (tonal speech)
  Class 2: 0.6694
  Class 3: 0.5662 (env/music)
  Class 4: 0.8224
  Class 5: 0.7730
Confusion between Similar Classes:
  Class 0→1: 15860 | Class 1→0:  3753
  Class 2→3:  5601 | Class 3→2:  1692
Current learning rate: 0.000200
✓ Saved best model with Val F1: 0.6666

============================================================
Epoch 2/50
============================================================
  Batch 0/6019, Loss: 0.1269
  Batch 100/6019, Loss: 0.1707
  Batch 200/6019, Loss: 0.1518
  Batch 300/6019, Loss: 0.1603
  Batch 400/6019, Loss: 0.0947
  Batch 500/6019, Loss: 0.1016
  Batch 600/6019, Loss: 0.2168
  Batch 700/6019, Loss: 0.1339
  Batch 800/6019, Loss: 0.1061
  Batch 900/6019, Loss: 0.1991
  Batch 1000/6019, Loss: 0.1203
  Batch 1100/6019, Loss: 0.1466
  Batch 1200/6019, Loss: 0.0849
  Batch 1300/6019, Loss: 0.1360
  Batch 1400/6019, Loss: 0.1081
  Batch 1500/6019, Loss: 0.1205
  Batch 1600/6019, Loss: 0.1143
  Batch 1700/6019, Loss: 0.1669
  Batch 1800/6019, Loss: 0.1291
  Batch 1900/6019, Loss: 0.1530
  Batch 2000/6019, Loss: 0.1208
  Batch 2100/6019, Loss: 0.0987
  Batch 2200/6019, Loss: 0.1330
  Batch 2300/6019, Loss: 0.1396
  Batch 2400/6019, Loss: 0.1559
  Batch 2500/6019, Loss: 0.1432
  Batch 2600/6019, Loss: 0.1468
  Batch 2700/6019, Loss: 0.1408
  Batch 2800/6019, Loss: 0.0910
  Batch 2900/6019, Loss: 0.1627
  Batch 3000/6019, Loss: 0.1132
  Batch 3100/6019, Loss: 0.1010
  Batch 3200/6019, Loss: 0.1697
  Batch 3300/6019, Loss: 0.1118
  Batch 3400/6019, Loss: 0.1218
  Batch 3500/6019, Loss: 0.1350
  Batch 3600/6019, Loss: 0.1614
  Batch 3700/6019, Loss: 0.1131
  Batch 3800/6019, Loss: 0.1209
  Batch 3900/6019, Loss: 0.1126
  Batch 4000/6019, Loss: 0.1067
  Batch 4100/6019, Loss: 0.1562
  Batch 4200/6019, Loss: 0.0857
  Batch 4300/6019, Loss: 0.1121
  Batch 4400/6019, Loss: 0.1022
  Batch 4500/6019, Loss: 0.0965
  Batch 4600/6019, Loss: 0.1181
  Batch 4700/6019, Loss: 0.1347
  Batch 4800/6019, Loss: 0.0937
  Batch 4900/6019, Loss: 0.1836
  Batch 5000/6019, Loss: 0.1004
  Batch 5100/6019, Loss: 0.1387
  Batch 5200/6019, Loss: 0.0992
  Batch 5300/6019, Loss: 0.1397
  Batch 5400/6019, Loss: 0.1121
  Batch 5500/6019, Loss: 0.0934
  Batch 5600/6019, Loss: 0.0985
  Batch 5700/6019, Loss: 0.1638
  Batch 5800/6019, Loss: 0.1039
  Batch 5900/6019, Loss: 0.1083
  Batch 6000/6019, Loss: 0.0880
Train Loss: 0.1229
Val Loss: 0.4623, Val Macro F1: 0.6677
Per-class F1 scores:
  Class 0: 0.9480
  Class 1: 0.5538 (tonal speech)
  Class 2: 0.7877
  Class 3: 0.0852 (env/music)
  Class 4: 0.8237
  Class 5: 0.8077
Confusion between Similar Classes:
  Class 0→1:  2219 | Class 1→0:  4526
  Class 2→3:   128 | Class 3→2:  6267
Current learning rate: 0.000400
✓ Saved best model with Val F1: 0.6677

============================================================
Epoch 3/50
============================================================
  Batch 0/6019, Loss: 0.1291
  Batch 100/6019, Loss: 0.0804
  Batch 200/6019, Loss: 0.2272
  Batch 300/6019, Loss: 0.1125
  Batch 400/6019, Loss: 0.1325
  Batch 500/6019, Loss: 0.1187
  Batch 600/6019, Loss: 0.1029
  Batch 700/6019, Loss: 0.1145
  Batch 800/6019, Loss: 0.0944
  Batch 900/6019, Loss: 0.1028
  Batch 1000/6019, Loss: 0.0889
  Batch 1100/6019, Loss: 0.1320
  Batch 1200/6019, Loss: 0.0952
  Batch 1300/6019, Loss: 0.1210
  Batch 1400/6019, Loss: 0.1134
  Batch 1500/6019, Loss: 0.1248
  Batch 1600/6019, Loss: 0.0956
  Batch 1700/6019, Loss: 0.1830
  Batch 1800/6019, Loss: 0.0882
  Batch 1900/6019, Loss: 0.1265
  Batch 2000/6019, Loss: 0.0881
  Batch 2100/6019, Loss: 0.1250
  Batch 2200/6019, Loss: 0.1277
  Batch 2300/6019, Loss: 0.0873
  Batch 2400/6019, Loss: 0.1339
  Batch 2500/6019, Loss: 0.0966
  Batch 2600/6019, Loss: 0.0731
  Batch 2700/6019, Loss: 0.0706
  Batch 2800/6019, Loss: 0.0824
  Batch 2900/6019, Loss: 0.0908
  Batch 3000/6019, Loss: 0.1089
  Batch 3100/6019, Loss: 0.0928
  Batch 3200/6019, Loss: 0.0923
  Batch 3300/6019, Loss: 0.1035
  Batch 3400/6019, Loss: 0.1033
  Batch 3500/6019, Loss: 0.1769
  Batch 3600/6019, Loss: 0.0864
  Batch 3700/6019, Loss: 0.1737
  Batch 3800/6019, Loss: 0.1515
  Batch 3900/6019, Loss: 0.1186
  Batch 4000/6019, Loss: 0.0730
  Batch 4100/6019, Loss: 0.0936
  Batch 4200/6019, Loss: 0.1000
  Batch 4300/6019, Loss: 0.1285
  Batch 4400/6019, Loss: 0.0765
  Batch 4500/6019, Loss: 0.0860
  Batch 4600/6019, Loss: 0.0999
  Batch 4700/6019, Loss: 0.0872
  Batch 4800/6019, Loss: 0.0871
  Batch 4900/6019, Loss: 0.0986
  Batch 5000/6019, Loss: 0.1001
  Batch 5100/6019, Loss: 0.0885
  Batch 5200/6019, Loss: 0.1230
  Batch 5300/6019, Loss: 0.0727
  Batch 5400/6019, Loss: 0.0936
  Batch 5500/6019, Loss: 0.1087
  Batch 5600/6019, Loss: 0.1188
  Batch 5700/6019, Loss: 0.1185
  Batch 5800/6019, Loss: 0.1335
  Batch 5900/6019, Loss: 0.1025
  Batch 6000/6019, Loss: 0.0870
Train Loss: 0.1068
Val Loss: 0.4409, Val Macro F1: 0.7821
Per-class F1 scores:
  Class 0: 0.9525
  Class 1: 0.6346 (tonal speech)
  Class 2: 0.8057
  Class 3: 0.5875 (env/music)
  Class 4: 0.8799
  Class 5: 0.8323
Confusion between Similar Classes:
  Class 0→1:  2620 | Class 1→0:  3392
  Class 2→3:  2207 | Class 3→2:  2913
Current learning rate: 0.000600
✓ Saved best model with Val F1: 0.7821

============================================================
Epoch 4/50
============================================================
  Batch 0/6019, Loss: 0.0753
  Batch 100/6019, Loss: 0.1019
  Batch 200/6019, Loss: 0.0961
  Batch 300/6019, Loss: 0.1381
  Batch 400/6019, Loss: 0.1214
  Batch 500/6019, Loss: 0.0856
  Batch 600/6019, Loss: 0.0930
  Batch 700/6019, Loss: 0.0797
  Batch 800/6019, Loss: 0.0976
  Batch 900/6019, Loss: 0.0912
  Batch 1000/6019, Loss: 0.0724
  Batch 1100/6019, Loss: 0.0989
  Batch 1200/6019, Loss: 0.1106
  Batch 1300/6019, Loss: 0.0863
  Batch 1400/6019, Loss: 0.0841
  Batch 1500/6019, Loss: 0.1042
  Batch 1600/6019, Loss: 0.0667
  Batch 1700/6019, Loss: 0.1028
  Batch 1800/6019, Loss: 0.1074
  Batch 1900/6019, Loss: 0.1543
  Batch 2000/6019, Loss: 0.1001
  Batch 2100/6019, Loss: 0.1147
  Batch 2200/6019, Loss: 0.1081
  Batch 2300/6019, Loss: 0.1046
  Batch 2400/6019, Loss: 0.0915
  Batch 2500/6019, Loss: 0.0863
  Batch 2600/6019, Loss: 0.0762
  Batch 2700/6019, Loss: 0.1216
  Batch 2800/6019, Loss: 0.1427
  Batch 2900/6019, Loss: 0.1065
  Batch 3000/6019, Loss: 0.1031
  Batch 3100/6019, Loss: 0.1077
  Batch 3200/6019, Loss: 0.1020
  Batch 3300/6019, Loss: 0.1027
  Batch 3400/6019, Loss: 0.0810
  Batch 3500/6019, Loss: 0.1176
  Batch 3600/6019, Loss: 0.1136
  Batch 3700/6019, Loss: 0.0748
  Batch 3800/6019, Loss: 0.0820
  Batch 3900/6019, Loss: 0.0950
  Batch 4000/6019, Loss: 0.0798
  Batch 4100/6019, Loss: 0.1040
  Batch 4200/6019, Loss: 0.1091
  Batch 4300/6019, Loss: 0.1089
  Batch 4400/6019, Loss: 0.0762
  Batch 4500/6019, Loss: 0.0895
  Batch 4600/6019, Loss: 0.1537
  Batch 4700/6019, Loss: 0.1409
  Batch 4800/6019, Loss: 0.1465
  Batch 4900/6019, Loss: 0.0747
  Batch 5000/6019, Loss: 0.0844
  Batch 5100/6019, Loss: 0.0858
  Batch 5200/6019, Loss: 0.0930
  Batch 5300/6019, Loss: 0.0896
  Batch 5400/6019, Loss: 0.0922
  Batch 5500/6019, Loss: 0.0883
  Batch 5600/6019, Loss: 0.0875
  Batch 5700/6019, Loss: 0.1009
  Batch 5800/6019, Loss: 0.0803
  Batch 5900/6019, Loss: 0.0815
  Batch 6000/6019, Loss: 0.1052
Train Loss: 0.0986
Val Loss: 0.3968, Val Macro F1: 0.7787
Per-class F1 scores:
  Class 0: 0.9565
  Class 1: 0.5586 (tonal speech)
  Class 2: 0.8155
  Class 3: 0.5452 (env/music)
  Class 4: 0.9224
  Class 5: 0.8738
Confusion between Similar Classes:
  Class 0→1:   567 | Class 1→0:  5224
  Class 2→3:  1597 | Class 3→2:  3525
Current learning rate: 0.000800

============================================================
Epoch 5/50
============================================================
  Batch 0/6019, Loss: 0.0811
  Batch 100/6019, Loss: 0.1069
  Batch 200/6019, Loss: 0.1348
  Batch 300/6019, Loss: 0.1307
  Batch 400/6019, Loss: 0.0924
  Batch 500/6019, Loss: 0.1007
  Batch 600/6019, Loss: 0.1035
  Batch 700/6019, Loss: 0.1406
  Batch 800/6019, Loss: 0.0816
  Batch 900/6019, Loss: 0.1604
  Batch 1000/6019, Loss: 0.1165
  Batch 1100/6019, Loss: 0.0734
  Batch 1200/6019, Loss: 0.0810
  Batch 1300/6019, Loss: 0.0626
  Batch 1400/6019, Loss: 0.0908
  Batch 1500/6019, Loss: 0.1374
  Batch 1600/6019, Loss: 0.0862
  Batch 1700/6019, Loss: 0.0756
  Batch 1800/6019, Loss: 0.0762
  Batch 1900/6019, Loss: 0.0929
  Batch 2000/6019, Loss: 0.1181
  Batch 2100/6019, Loss: 0.0797
  Batch 2200/6019, Loss: 0.1181
  Batch 2300/6019, Loss: 0.0870
  Batch 2400/6019, Loss: 0.0753
  Batch 2500/6019, Loss: 0.0785
  Batch 2600/6019, Loss: 0.0703
  Batch 2700/6019, Loss: 0.1056
  Batch 2800/6019, Loss: 0.0722
  Batch 2900/6019, Loss: 0.0958
  Batch 3000/6019, Loss: 0.0775
  Batch 3100/6019, Loss: 0.1162
  Batch 3200/6019, Loss: 0.0635
  Batch 3300/6019, Loss: 0.0926
  Batch 3400/6019, Loss: 0.1160
  Batch 3500/6019, Loss: 0.0670
  Batch 3600/6019, Loss: 0.1322
  Batch 3700/6019, Loss: 0.0752
  Batch 3800/6019, Loss: 0.1272
  Batch 3900/6019, Loss: 0.0971
  Batch 4000/6019, Loss: 0.0854
  Batch 4100/6019, Loss: 0.0932
  Batch 4200/6019, Loss: 0.1073
  Batch 4300/6019, Loss: 0.0965
  Batch 4400/6019, Loss: 0.1105
  Batch 4500/6019, Loss: 0.0793
  Batch 4600/6019, Loss: 0.0763
  Batch 4700/6019, Loss: 0.0856
  Batch 4800/6019, Loss: 0.1260
  Batch 4900/6019, Loss: 0.1397
  Batch 5000/6019, Loss: 0.0620
  Batch 5100/6019, Loss: 0.0722
  Batch 5200/6019, Loss: 0.1032
  Batch 5300/6019, Loss: 0.0593
  Batch 5400/6019, Loss: 0.1332
  Batch 5500/6019, Loss: 0.0763
  Batch 5600/6019, Loss: 0.1031
  Batch 5700/6019, Loss: 0.0890
  Batch 5800/6019, Loss: 0.1151
  Batch 5900/6019, Loss: 0.0739
  Batch 6000/6019, Loss: 0.0782
Train Loss: 0.0940
Val Loss: 0.5759, Val Macro F1: 0.7111
Per-class F1 scores:
  Class 0: 0.8114
  Class 1: 0.4271 (tonal speech)
  Class 2: 0.7992
  Class 3: 0.5963 (env/music)
  Class 4: 0.7880
  Class 5: 0.8443
Confusion between Similar Classes:
  Class 0→1: 20680 | Class 1→0:   814
  Class 2→3:  2565 | Class 3→2:  2664
Current learning rate: 0.001000

============================================================
Epoch 6/50
============================================================
  Batch 0/6019, Loss: 0.0727
  Batch 100/6019, Loss: 0.0914
  Batch 200/6019, Loss: 0.1048
  Batch 300/6019, Loss: 0.0776
  Batch 400/6019, Loss: 0.0878
  Batch 500/6019, Loss: 0.0692
  Batch 600/6019, Loss: 0.1113
  Batch 700/6019, Loss: 0.0730
  Batch 800/6019, Loss: 0.0902
  Batch 900/6019, Loss: 0.1066
  Batch 1000/6019, Loss: 0.0763
  Batch 1100/6019, Loss: 0.0855
  Batch 1200/6019, Loss: 0.0847
  Batch 1300/6019, Loss: 0.0823
  Batch 1400/6019, Loss: 0.0736
  Batch 1500/6019, Loss: 0.0868
  Batch 1600/6019, Loss: 0.0984
  Batch 1700/6019, Loss: 0.0770
  Batch 1800/6019, Loss: 0.0884
  Batch 1900/6019, Loss: 0.0734
  Batch 2000/6019, Loss: 0.1309
  Batch 2100/6019, Loss: 0.0820
  Batch 2200/6019, Loss: 0.0699
  Batch 2300/6019, Loss: 0.0845
  Batch 2400/6019, Loss: 0.0566
  Batch 2500/6019, Loss: 0.0702
  Batch 2600/6019, Loss: 0.0861
  Batch 2700/6019, Loss: 0.0790
  Batch 2800/6019, Loss: 0.0922
  Batch 2900/6019, Loss: 0.0839
  Batch 3000/6019, Loss: 0.0838
  Batch 3100/6019, Loss: 0.0921
  Batch 3200/6019, Loss: 0.0991
  Batch 3300/6019, Loss: 0.0725
  Batch 3400/6019, Loss: 0.0797
  Batch 3500/6019, Loss: 0.0891
  Batch 3600/6019, Loss: 0.0802
  Batch 3700/6019, Loss: 0.1034
  Batch 3800/6019, Loss: 0.0874
  Batch 3900/6019, Loss: 0.0797
  Batch 4000/6019, Loss: 0.1117
  Batch 4100/6019, Loss: 0.0907
  Batch 4200/6019, Loss: 0.0986
  Batch 4300/6019, Loss: 0.0591
  Batch 4400/6019, Loss: 0.1056
  Batch 4500/6019, Loss: 0.0688
  Batch 4600/6019, Loss: 0.0888
  Batch 4700/6019, Loss: 0.0944
  Batch 4800/6019, Loss: 0.1277
  Batch 4900/6019, Loss: 0.0536
  Batch 5000/6019, Loss: 0.1035
  Batch 5100/6019, Loss: 0.0753
  Batch 5200/6019, Loss: 0.0723
  Batch 5300/6019, Loss: 0.0775
  Batch 5400/6019, Loss: 0.0956
  Batch 5500/6019, Loss: 0.0778
  Batch 5600/6019, Loss: 0.1118
  Batch 5700/6019, Loss: 0.0727
  Batch 5800/6019, Loss: 0.0650
  Batch 5900/6019, Loss: 0.0849
  Batch 6000/6019, Loss: 0.0688
Train Loss: 0.0882
Val Loss: 0.5046, Val Macro F1: 0.7617
Per-class F1 scores:
  Class 0: 0.9375
  Class 1: 0.6376 (tonal speech)
  Class 2: 0.7766
  Class 3: 0.6229 (env/music)
  Class 4: 0.8097
  Class 5: 0.7856
Confusion between Similar Classes:
  Class 0→1:  5833 | Class 1→0:  1664
  Class 2→3:  3619 | Class 3→2:  1954
Current learning rate: 0.001000

============================================================
Epoch 7/50
============================================================
  Batch 0/6019, Loss: 0.0749
  Batch 100/6019, Loss: 0.0656
  Batch 200/6019, Loss: 0.0736
  Batch 300/6019, Loss: 0.0620
  Batch 400/6019, Loss: 0.0673
  Batch 500/6019, Loss: 0.0622
  Batch 600/6019, Loss: 0.1104
  Batch 700/6019, Loss: 0.0929
  Batch 800/6019, Loss: 0.0876
  Batch 900/6019, Loss: 0.0936
  Batch 1000/6019, Loss: 0.0609
  Batch 1100/6019, Loss: 0.0781
  Batch 1200/6019, Loss: 0.0532
  Batch 1300/6019, Loss: 0.0708
  Batch 1400/6019, Loss: 0.1024
  Batch 1500/6019, Loss: 0.0974
  Batch 1600/6019, Loss: 0.0479
  Batch 1700/6019, Loss: 0.0810
  Batch 1800/6019, Loss: 0.0947
  Batch 1900/6019, Loss: 0.0657
  Batch 2000/6019, Loss: 0.1100
  Batch 2100/6019, Loss: 0.0737
  Batch 2200/6019, Loss: 0.0975
  Batch 2300/6019, Loss: 0.0626
  Batch 2400/6019, Loss: 0.0677
  Batch 2500/6019, Loss: 0.0865
  Batch 2600/6019, Loss: 0.0566
  Batch 2700/6019, Loss: 0.0808
  Batch 2800/6019, Loss: 0.0796
  Batch 2900/6019, Loss: 0.0990
  Batch 3000/6019, Loss: 0.1154
  Batch 3100/6019, Loss: 0.0716
  Batch 3200/6019, Loss: 0.0824
  Batch 3300/6019, Loss: 0.0873
  Batch 3400/6019, Loss: 0.0592
  Batch 3500/6019, Loss: 0.0548
  Batch 3600/6019, Loss: 0.1446
  Batch 3700/6019, Loss: 0.0785
  Batch 3800/6019, Loss: 0.0753
  Batch 3900/6019, Loss: 0.0724
  Batch 4000/6019, Loss: 0.0784
  Batch 4100/6019, Loss: 0.0740
  Batch 4200/6019, Loss: 0.0741
  Batch 4300/6019, Loss: 0.0663
  Batch 4400/6019, Loss: 0.0825
  Batch 4500/6019, Loss: 0.0748
  Batch 4600/6019, Loss: 0.0798
  Batch 4700/6019, Loss: 0.0587
  Batch 4800/6019, Loss: 0.0799
  Batch 4900/6019, Loss: 0.0983
  Batch 5000/6019, Loss: 0.0500
  Batch 5100/6019, Loss: 0.0939
  Batch 5200/6019, Loss: 0.0685
  Batch 5300/6019, Loss: 0.0726
  Batch 5400/6019, Loss: 0.0647
  Batch 5500/6019, Loss: 0.0752
  Batch 5600/6019, Loss: 0.0777
  Batch 5700/6019, Loss: 0.0817
  Batch 5800/6019, Loss: 0.0910
  Batch 5900/6019, Loss: 0.0923
  Batch 6000/6019, Loss: 0.0650
Train Loss: 0.0838
Val Loss: 0.4503, Val Macro F1: 0.8053
Per-class F1 scores:
  Class 0: 0.9397
  Class 1: 0.6510 (tonal speech)
  Class 2: 0.8086
  Class 3: 0.6108 (env/music)
  Class 4: 0.9422
  Class 5: 0.8798
Confusion between Similar Classes:
  Class 0→1:  5961 | Class 1→0:  1706
  Class 2→3:  2400 | Class 3→2:  2601
Current learning rate: 0.000976
✓ Saved best model with Val F1: 0.8053

============================================================
Epoch 8/50
============================================================
  Batch 0/6019, Loss: 0.0797
  Batch 100/6019, Loss: 0.0901
  Batch 200/6019, Loss: 0.1037
  Batch 300/6019, Loss: 0.0761
  Batch 400/6019, Loss: 0.0513
  Batch 500/6019, Loss: 0.0741
  Batch 600/6019, Loss: 0.0961
  Batch 700/6019, Loss: 0.0515
  Batch 800/6019, Loss: 0.0954
  Batch 900/6019, Loss: 0.0874
  Batch 1000/6019, Loss: 0.0549
  Batch 1100/6019, Loss: 0.0816
  Batch 1200/6019, Loss: 0.0928
  Batch 1300/6019, Loss: 0.0817
  Batch 1400/6019, Loss: 0.0681
  Batch 1500/6019, Loss: 0.0592
  Batch 1600/6019, Loss: 0.1044
  Batch 1700/6019, Loss: 0.0622
  Batch 1800/6019, Loss: 0.0690
  Batch 1900/6019, Loss: 0.0964
  Batch 2000/6019, Loss: 0.0860
  Batch 2100/6019, Loss: 0.0837
  Batch 2200/6019, Loss: 0.0525
  Batch 2300/6019, Loss: 0.0780
  Batch 2400/6019, Loss: 0.1258
  Batch 2500/6019, Loss: 0.0953
  Batch 2600/6019, Loss: 0.1164
  Batch 2700/6019, Loss: 0.0815
  Batch 2800/6019, Loss: 0.0752
  Batch 2900/6019, Loss: 0.0793
  Batch 3000/6019, Loss: 0.0684
  Batch 3100/6019, Loss: 0.0779
  Batch 3200/6019, Loss: 0.0924
  Batch 3300/6019, Loss: 0.0771
  Batch 3400/6019, Loss: 0.0780
  Batch 3500/6019, Loss: 0.0570
  Batch 3600/6019, Loss: 0.0874
  Batch 3700/6019, Loss: 0.1001
  Batch 3800/6019, Loss: 0.0860
  Batch 3900/6019, Loss: 0.0595
  Batch 4000/6019, Loss: 0.0976
  Batch 4100/6019, Loss: 0.0758
  Batch 4200/6019, Loss: 0.0657
  Batch 4300/6019, Loss: 0.1055
  Batch 4400/6019, Loss: 0.0558
  Batch 4500/6019, Loss: 0.0820
  Batch 4600/6019, Loss: 0.1008
  Batch 4700/6019, Loss: 0.1312
  Batch 4800/6019, Loss: 0.0743
  Batch 4900/6019, Loss: 0.0710
  Batch 5000/6019, Loss: 0.0723
  Batch 5100/6019, Loss: 0.0712
  Batch 5200/6019, Loss: 0.0669
  Batch 5300/6019, Loss: 0.0866
  Batch 5400/6019, Loss: 0.0737
  Batch 5500/6019, Loss: 0.0902
  Batch 5600/6019, Loss: 0.0603
  Batch 5700/6019, Loss: 0.0710
  Batch 5800/6019, Loss: 0.1021
  Batch 5900/6019, Loss: 0.0762
  Batch 6000/6019, Loss: 0.0595
Train Loss: 0.0805
Val Loss: 0.3774, Val Macro F1: 0.8025
Per-class F1 scores:
  Class 0: 0.9617
  Class 1: 0.7301 (tonal speech)
  Class 2: 0.8227
  Class 3: 0.5584 (env/music)
  Class 4: 0.8710
  Class 5: 0.8712
Confusion between Similar Classes:
  Class 0→1:  2745 | Class 1→0:  2159
  Class 2→3:  1516 | Class 3→2:  3456
Current learning rate: 0.000905

============================================================
Epoch 9/50
============================================================
  Batch 0/6019, Loss: 0.0821
  Batch 100/6019, Loss: 0.0694
  Batch 200/6019, Loss: 0.0926
  Batch 300/6019, Loss: 0.0855
  Batch 400/6019, Loss: 0.1045
  Batch 500/6019, Loss: 0.0568
  Batch 600/6019, Loss: 0.0956
  Batch 700/6019, Loss: 0.0922
  Batch 800/6019, Loss: 0.0860
  Batch 900/6019, Loss: 0.0968
  Batch 1000/6019, Loss: 0.0780
  Batch 1100/6019, Loss: 0.0967
  Batch 1200/6019, Loss: 0.0561
  Batch 1300/6019, Loss: 0.1291
  Batch 1400/6019, Loss: 0.0772
  Batch 1500/6019, Loss: 0.0567
  Batch 1600/6019, Loss: 0.0650
  Batch 1700/6019, Loss: 0.1289
  Batch 1800/6019, Loss: 0.0454
  Batch 1900/6019, Loss: 0.0590
  Batch 2000/6019, Loss: 0.0800
  Batch 2100/6019, Loss: 0.0693
  Batch 2200/6019, Loss: 0.1167
  Batch 2300/6019, Loss: 0.0762
  Batch 2400/6019, Loss: 0.1176
  Batch 2500/6019, Loss: 0.0766
  Batch 2600/6019, Loss: 0.1031
  Batch 2700/6019, Loss: 0.0585
  Batch 2800/6019, Loss: 0.0781
  Batch 2900/6019, Loss: 0.0599
  Batch 3000/6019, Loss: 0.0802
  Batch 3100/6019, Loss: 0.0768
  Batch 3200/6019, Loss: 0.1037
  Batch 3300/6019, Loss: 0.0848
  Batch 3400/6019, Loss: 0.0801
  Batch 3500/6019, Loss: 0.0567
  Batch 3600/6019, Loss: 0.1045
  Batch 3700/6019, Loss: 0.0694
  Batch 3800/6019, Loss: 0.0856
  Batch 3900/6019, Loss: 0.0567
  Batch 4000/6019, Loss: 0.1164
  Batch 4100/6019, Loss: 0.0597
  Batch 4200/6019, Loss: 0.0760
  Batch 4300/6019, Loss: 0.0719
  Batch 4400/6019, Loss: 0.0802
  Batch 4500/6019, Loss: 0.0746
  Batch 4600/6019, Loss: 0.0550
  Batch 4700/6019, Loss: 0.0678
  Batch 4800/6019, Loss: 0.0846
  Batch 4900/6019, Loss: 0.0807
  Batch 5000/6019, Loss: 0.0898
  Batch 5100/6019, Loss: 0.1044
  Batch 5200/6019, Loss: 0.0640
  Batch 5300/6019, Loss: 0.1118
  Batch 5400/6019, Loss: 0.0827
  Batch 5500/6019, Loss: 0.0937
  Batch 5600/6019, Loss: 0.0699
  Batch 5700/6019, Loss: 0.0671
  Batch 5800/6019, Loss: 0.0773
  Batch 5900/6019, Loss: 0.0773
  Batch 6000/6019, Loss: 0.0504
Train Loss: 0.0773
Val Loss: 0.3267, Val Macro F1: 0.8124
Per-class F1 scores:
  Class 0: 0.9675
  Class 1: 0.7390 (tonal speech)
  Class 2: 0.8166
  Class 3: 0.5815 (env/music)
  Class 4: 0.9220
  Class 5: 0.8478
Confusion between Similar Classes:
  Class 0→1:  1247 | Class 1→0:  2957
  Class 2→3:  1614 | Class 3→2:  3073
Current learning rate: 0.000794
✓ Saved best model with Val F1: 0.8124

============================================================
Epoch 10/50
============================================================
  Batch 0/6019, Loss: 0.0831
  Batch 100/6019, Loss: 0.0944
  Batch 200/6019, Loss: 0.1022
  Batch 300/6019, Loss: 0.0695
  Batch 400/6019, Loss: 0.0625
  Batch 500/6019, Loss: 0.0649
  Batch 600/6019, Loss: 0.0807
  Batch 700/6019, Loss: 0.0761
  Batch 800/6019, Loss: 0.0990
  Batch 900/6019, Loss: 0.0900
  Batch 1000/6019, Loss: 0.0801
  Batch 1100/6019, Loss: 0.0856
  Batch 1200/6019, Loss: 0.0506
  Batch 1300/6019, Loss: 0.0447
  Batch 1400/6019, Loss: 0.0617
  Batch 1500/6019, Loss: 0.0584
  Batch 1600/6019, Loss: 0.0935
  Batch 1700/6019, Loss: 0.0829
  Batch 1800/6019, Loss: 0.0802
  Batch 1900/6019, Loss: 0.0797
  Batch 2000/6019, Loss: 0.0752
  Batch 2100/6019, Loss: 0.0580
  Batch 2200/6019, Loss: 0.0555
  Batch 2300/6019, Loss: 0.0871
  Batch 2400/6019, Loss: 0.0625
  Batch 2500/6019, Loss: 0.0880
  Batch 2600/6019, Loss: 0.0706
  Batch 2700/6019, Loss: 0.0627
  Batch 2800/6019, Loss: 0.0792
  Batch 2900/6019, Loss: 0.0641
  Batch 3000/6019, Loss: 0.0721
  Batch 3100/6019, Loss: 0.0405
  Batch 3200/6019, Loss: 0.0992
  Batch 3300/6019, Loss: 0.0430
  Batch 3400/6019, Loss: 0.0516
  Batch 3500/6019, Loss: 0.0513
  Batch 3600/6019, Loss: 0.0500
  Batch 3700/6019, Loss: 0.0920
  Batch 3800/6019, Loss: 0.0688
  Batch 3900/6019, Loss: 0.0536
  Batch 4000/6019, Loss: 0.1132
  Batch 4100/6019, Loss: 0.0841
  Batch 4200/6019, Loss: 0.0693
  Batch 4300/6019, Loss: 0.1143
  Batch 4400/6019, Loss: 0.0647
  Batch 4500/6019, Loss: 0.0729
  Batch 4600/6019, Loss: 0.0733
  Batch 4700/6019, Loss: 0.0594
  Batch 4800/6019, Loss: 0.0510
  Batch 4900/6019, Loss: 0.1092
  Batch 5000/6019, Loss: 0.0658
  Batch 5100/6019, Loss: 0.0710
  Batch 5200/6019, Loss: 0.0694
  Batch 5300/6019, Loss: 0.0592
  Batch 5400/6019, Loss: 0.0805
  Batch 5500/6019, Loss: 0.0877
  Batch 5600/6019, Loss: 0.0832
  Batch 5700/6019, Loss: 0.0773
  Batch 5800/6019, Loss: 0.0558
  Batch 5900/6019, Loss: 0.0561
  Batch 6000/6019, Loss: 0.1021
Train Loss: 0.0747
Val Loss: 0.3261, Val Macro F1: 0.8258
Per-class F1 scores:
  Class 0: 0.9654
  Class 1: 0.7491 (tonal speech)
  Class 2: 0.8091
  Class 3: 0.6286 (env/music)
  Class 4: 0.9047
  Class 5: 0.8978
Confusion between Similar Classes:
  Class 0→1:  2243 | Class 1→0:  2213
  Class 2→3:  2688 | Class 3→2:  2407
Current learning rate: 0.000655
✓ Saved best model with Val F1: 0.8258

============================================================
Epoch 11/50
============================================================
  Batch 0/6019, Loss: 0.0877
  Batch 100/6019, Loss: 0.0740
  Batch 200/6019, Loss: 0.0881
  Batch 300/6019, Loss: 0.1032
  Batch 400/6019, Loss: 0.0720
  Batch 500/6019, Loss: 0.0476
  Batch 600/6019, Loss: 0.0544
  Batch 700/6019, Loss: 0.0530
  Batch 800/6019, Loss: 0.0927
  Batch 900/6019, Loss: 0.0544
  Batch 1000/6019, Loss: 0.0719
  Batch 1100/6019, Loss: 0.0463
  Batch 1200/6019, Loss: 0.1031
  Batch 1300/6019, Loss: 0.0670
  Batch 1400/6019, Loss: 0.0806
  Batch 1500/6019, Loss: 0.0767
  Batch 1600/6019, Loss: 0.0724
  Batch 1700/6019, Loss: 0.0777
  Batch 1800/6019, Loss: 0.1033
  Batch 1900/6019, Loss: 0.1110
  Batch 2000/6019, Loss: 0.0404
  Batch 2100/6019, Loss: 0.0742
  Batch 2200/6019, Loss: 0.0724
  Batch 2300/6019, Loss: 0.0708
  Batch 2400/6019, Loss: 0.0534
  Batch 2500/6019, Loss: 0.0567
  Batch 2600/6019, Loss: 0.0599
  Batch 2700/6019, Loss: 0.0588
  Batch 2800/6019, Loss: 0.0688
  Batch 2900/6019, Loss: 0.0875
  Batch 3000/6019, Loss: 0.0421
  Batch 3100/6019, Loss: 0.0466
  Batch 3200/6019, Loss: 0.0588
  Batch 3300/6019, Loss: 0.0828
  Batch 3400/6019, Loss: 0.0679
  Batch 3500/6019, Loss: 0.0637
  Batch 3600/6019, Loss: 0.0709
  Batch 3700/6019, Loss: 0.0562
  Batch 3800/6019, Loss: 0.0809
  Batch 3900/6019, Loss: 0.0705
  Batch 4000/6019, Loss: 0.0748
  Batch 4100/6019, Loss: 0.0484
  Batch 4200/6019, Loss: 0.0673
  Batch 4300/6019, Loss: 0.0756
  Batch 4400/6019, Loss: 0.0698
  Batch 4500/6019, Loss: 0.0655
  Batch 4600/6019, Loss: 0.0816
  Batch 4700/6019, Loss: 0.0550
  Batch 4800/6019, Loss: 0.0614
  Batch 4900/6019, Loss: 0.0775
  Batch 5000/6019, Loss: 0.0783
  Batch 5100/6019, Loss: 0.0887
  Batch 5200/6019, Loss: 0.0877
  Batch 5300/6019, Loss: 0.0705
  Batch 5400/6019, Loss: 0.0527
  Batch 5500/6019, Loss: 0.0817
  Batch 5600/6019, Loss: 0.0595
  Batch 5700/6019, Loss: 0.0866
  Batch 5800/6019, Loss: 0.0741
  Batch 5900/6019, Loss: 0.0815
  Batch 6000/6019, Loss: 0.0625
Train Loss: 0.0720
Val Loss: 0.3396, Val Macro F1: 0.8245
Per-class F1 scores:
  Class 0: 0.9617
  Class 1: 0.7371 (tonal speech)
  Class 2: 0.8314
  Class 3: 0.5582 (env/music)
  Class 4: 0.9515
  Class 5: 0.9074
Confusion between Similar Classes:
  Class 0→1:  2994 | Class 1→0:  1951
  Class 2→3:  1291 | Class 3→2:  3568
Current learning rate: 0.000501

============================================================
Epoch 12/50
============================================================
  Batch 0/6019, Loss: 0.0764
  Batch 100/6019, Loss: 0.0582
  Batch 200/6019, Loss: 0.0771
  Batch 300/6019, Loss: 0.0627
  Batch 400/6019, Loss: 0.0597
  Batch 500/6019, Loss: 0.0668
  Batch 600/6019, Loss: 0.1142
  Batch 700/6019, Loss: 0.0582
  Batch 800/6019, Loss: 0.0935
  Batch 900/6019, Loss: 0.1032
  Batch 1000/6019, Loss: 0.0647
  Batch 1100/6019, Loss: 0.0758
  Batch 1200/6019, Loss: 0.0667
  Batch 1300/6019, Loss: 0.0761
  Batch 1400/6019, Loss: 0.0525
  Batch 1500/6019, Loss: 0.1079
  Batch 1600/6019, Loss: 0.0600
  Batch 1700/6019, Loss: 0.1270
  Batch 1800/6019, Loss: 0.0749
  Batch 1900/6019, Loss: 0.0607
  Batch 2000/6019, Loss: 0.0623
  Batch 2100/6019, Loss: 0.0610
  Batch 2200/6019, Loss: 0.0841
  Batch 2300/6019, Loss: 0.0509
  Batch 2400/6019, Loss: 0.0622
  Batch 2500/6019, Loss: 0.0645
  Batch 2600/6019, Loss: 0.0579
  Batch 2700/6019, Loss: 0.0798
  Batch 2800/6019, Loss: 0.0581
  Batch 2900/6019, Loss: 0.0518
  Batch 3000/6019, Loss: 0.0542
  Batch 3100/6019, Loss: 0.0612
  Batch 3200/6019, Loss: 0.1122
  Batch 3300/6019, Loss: 0.0858
  Batch 3400/6019, Loss: 0.0685
  Batch 3500/6019, Loss: 0.0721
  Batch 3600/6019, Loss: 0.0665
  Batch 3700/6019, Loss: 0.0620
  Batch 3800/6019, Loss: 0.0528
  Batch 3900/6019, Loss: 0.0623
  Batch 4000/6019, Loss: 0.0669
  Batch 4100/6019, Loss: 0.0920
  Batch 4200/6019, Loss: 0.0659
  Batch 4300/6019, Loss: 0.1197
  Batch 4400/6019, Loss: 0.0637
  Batch 4500/6019, Loss: 0.0499
  Batch 4600/6019, Loss: 0.0729
  Batch 4700/6019, Loss: 0.0693
  Batch 4800/6019, Loss: 0.0575
  Batch 4900/6019, Loss: 0.0507
  Batch 5000/6019, Loss: 0.0583
  Batch 5100/6019, Loss: 0.0608
  Batch 5200/6019, Loss: 0.0816
  Batch 5300/6019, Loss: 0.0583
  Batch 5400/6019, Loss: 0.0710
  Batch 5500/6019, Loss: 0.0648
  Batch 5600/6019, Loss: 0.0581
  Batch 5700/6019, Loss: 0.0944
  Batch 5800/6019, Loss: 0.0562
  Batch 5900/6019, Loss: 0.0723
  Batch 6000/6019, Loss: 0.0769
Train Loss: 0.0694
Val Loss: 0.3261, Val Macro F1: 0.8377
Per-class F1 scores:
  Class 0: 0.9643
  Class 1: 0.7492 (tonal speech)
  Class 2: 0.8146
  Class 3: 0.6304 (env/music)
  Class 4: 0.9496
  Class 5: 0.9179
Confusion between Similar Classes:
  Class 0→1:  2612 | Class 1→0:  1995
  Class 2→3:  2586 | Class 3→2:  2420
Current learning rate: 0.000346
✓ Saved best model with Val F1: 0.8377

============================================================
Epoch 13/50
============================================================
  Batch 0/6019, Loss: 0.0479
  Batch 100/6019, Loss: 0.0596
  Batch 200/6019, Loss: 0.0694
  Batch 300/6019, Loss: 0.0739
  Batch 400/6019, Loss: 0.0484
  Batch 500/6019, Loss: 0.0716
  Batch 600/6019, Loss: 0.0490
  Batch 700/6019, Loss: 0.0882
  Batch 800/6019, Loss: 0.1082
  Batch 900/6019, Loss: 0.0748
  Batch 1000/6019, Loss: 0.0740
  Batch 1100/6019, Loss: 0.0527
  Batch 1200/6019, Loss: 0.0863
  Batch 1300/6019, Loss: 0.0752
  Batch 1400/6019, Loss: 0.0733
  Batch 1500/6019, Loss: 0.0595
  Batch 1600/6019, Loss: 0.0464
  Batch 1700/6019, Loss: 0.0610
  Batch 1800/6019, Loss: 0.0469
  Batch 1900/6019, Loss: 0.0954
  Batch 2000/6019, Loss: 0.0448
  Batch 2100/6019, Loss: 0.0852
  Batch 2200/6019, Loss: 0.0747
  Batch 2300/6019, Loss: 0.0464
  Batch 2400/6019, Loss: 0.0864
  Batch 2500/6019, Loss: 0.0818
  Batch 2600/6019, Loss: 0.0569
  Batch 2700/6019, Loss: 0.0609
  Batch 2800/6019, Loss: 0.0624
  Batch 2900/6019, Loss: 0.0550
  Batch 3000/6019, Loss: 0.0704
  Batch 3100/6019, Loss: 0.0531
  Batch 3200/6019, Loss: 0.0519
  Batch 3300/6019, Loss: 0.0556
  Batch 3400/6019, Loss: 0.0737
  Batch 3500/6019, Loss: 0.0669
  Batch 3600/6019, Loss: 0.0546
  Batch 3700/6019, Loss: 0.0595
  Batch 3800/6019, Loss: 0.0637
  Batch 3900/6019, Loss: 0.0637
  Batch 4000/6019, Loss: 0.0648
  Batch 4100/6019, Loss: 0.0710
  Batch 4200/6019, Loss: 0.0460
  Batch 4300/6019, Loss: 0.0884
  Batch 4400/6019, Loss: 0.0756
  Batch 4500/6019, Loss: 0.1145
  Batch 4600/6019, Loss: 0.0710
  Batch 4700/6019, Loss: 0.0639
  Batch 4800/6019, Loss: 0.0617
  Batch 4900/6019, Loss: 0.0618
  Batch 5000/6019, Loss: 0.0619
  Batch 5100/6019, Loss: 0.0825
  Batch 5200/6019, Loss: 0.0679
  Batch 5300/6019, Loss: 0.0768
  Batch 5400/6019, Loss: 0.0593
  Batch 5500/6019, Loss: 0.0581
  Batch 5600/6019, Loss: 0.0492
  Batch 5700/6019, Loss: 0.0698
  Batch 5800/6019, Loss: 0.0591
  Batch 5900/6019, Loss: 0.0552
  Batch 6000/6019, Loss: 0.0773
Train Loss: 0.0667
Val Loss: 0.2986, Val Macro F1: 0.8373
Per-class F1 scores:
  Class 0: 0.9679
  Class 1: 0.7495 (tonal speech)
  Class 2: 0.8262
  Class 3: 0.6128 (env/music)
  Class 4: 0.9554
  Class 5: 0.9121
Confusion between Similar Classes:
  Class 0→1:  1616 | Class 1→0:  2588
  Class 2→3:  1912 | Class 3→2:  2859
Current learning rate: 0.000207

============================================================
Epoch 14/50
============================================================
  Batch 0/6019, Loss: 0.0459
  Batch 100/6019, Loss: 0.0594
  Batch 200/6019, Loss: 0.0672
  Batch 300/6019, Loss: 0.0649
  Batch 400/6019, Loss: 0.0711
  Batch 500/6019, Loss: 0.0453
  Batch 600/6019, Loss: 0.0742
  Batch 700/6019, Loss: 0.0743
  Batch 800/6019, Loss: 0.0674
  Batch 900/6019, Loss: 0.0493
  Batch 1000/6019, Loss: 0.0534
  Batch 1100/6019, Loss: 0.0630
  Batch 1200/6019, Loss: 0.1031
  Batch 1300/6019, Loss: 0.0585
  Batch 1400/6019, Loss: 0.0715
  Batch 1500/6019, Loss: 0.0702
  Batch 1600/6019, Loss: 0.0512
  Batch 1700/6019, Loss: 0.0556
  Batch 1800/6019, Loss: 0.0588
  Batch 1900/6019, Loss: 0.0745
  Batch 2000/6019, Loss: 0.0774
  Batch 2100/6019, Loss: 0.0573
  Batch 2200/6019, Loss: 0.0810
  Batch 2300/6019, Loss: 0.0639
  Batch 2400/6019, Loss: 0.0631
  Batch 2500/6019, Loss: 0.0567
  Batch 2600/6019, Loss: 0.0532
  Batch 2700/6019, Loss: 0.0510
  Batch 2800/6019, Loss: 0.0751
  Batch 2900/6019, Loss: 0.0580
  Batch 3000/6019, Loss: 0.0533
  Batch 3100/6019, Loss: 0.0763
  Batch 3200/6019, Loss: 0.0770
  Batch 3300/6019, Loss: 0.0764
  Batch 3400/6019, Loss: 0.0594
  Batch 3500/6019, Loss: 0.0460
  Batch 3600/6019, Loss: 0.0877
  Batch 3700/6019, Loss: 0.0658
  Batch 3800/6019, Loss: 0.0652
  Batch 3900/6019, Loss: 0.0719
  Batch 4000/6019, Loss: 0.0491
  Batch 4100/6019, Loss: 0.0631
  Batch 4200/6019, Loss: 0.0579
  Batch 4300/6019, Loss: 0.0441
  Batch 4400/6019, Loss: 0.0800
  Batch 4500/6019, Loss: 0.0641
  Batch 4600/6019, Loss: 0.0407
  Batch 4700/6019, Loss: 0.0573
  Batch 4800/6019, Loss: 0.0603
  Batch 4900/6019, Loss: 0.0590
  Batch 5000/6019, Loss: 0.0859
  Batch 5100/6019, Loss: 0.0438
  Batch 5200/6019, Loss: 0.0924
  Batch 5300/6019, Loss: 0.0536
  Batch 5400/6019, Loss: 0.0833
  Batch 5500/6019, Loss: 0.0825
  Batch 5600/6019, Loss: 0.0743
  Batch 5700/6019, Loss: 0.0604
  Batch 5800/6019, Loss: 0.0516
  Batch 5900/6019, Loss: 0.0867
  Batch 6000/6019, Loss: 0.0646
Train Loss: 0.0643
Val Loss: 0.3016, Val Macro F1: 0.8381
Per-class F1 scores:
  Class 0: 0.9654
  Class 1: 0.7548 (tonal speech)
  Class 2: 0.8319
  Class 3: 0.6117 (env/music)
  Class 4: 0.9428
  Class 5: 0.9220
Confusion between Similar Classes:
  Class 0→1:  2554 | Class 1→0:  1938
  Class 2→3:  1779 | Class 3→2:  2958
Current learning rate: 0.000096
✓ Saved best model with Val F1: 0.8381

============================================================
Epoch 15/50
============================================================
  Batch 0/6019, Loss: 0.0629
  Batch 100/6019, Loss: 0.0533
  Batch 200/6019, Loss: 0.0485
  Batch 300/6019, Loss: 0.0499
  Batch 400/6019, Loss: 0.0831
  Batch 500/6019, Loss: 0.0973
  Batch 600/6019, Loss: 0.0514
  Batch 700/6019, Loss: 0.0782
  Batch 800/6019, Loss: 0.0514
  Batch 900/6019, Loss: 0.0582
  Batch 1000/6019, Loss: 0.0645
  Batch 1100/6019, Loss: 0.0885
  Batch 1200/6019, Loss: 0.0568
  Batch 1300/6019, Loss: 0.0584
  Batch 1400/6019, Loss: 0.0602
  Batch 1500/6019, Loss: 0.0642
  Batch 1600/6019, Loss: 0.0586
  Batch 1700/6019, Loss: 0.0375
  Batch 1800/6019, Loss: 0.0626
  Batch 1900/6019, Loss: 0.0413
  Batch 2000/6019, Loss: 0.0543
  Batch 2100/6019, Loss: 0.0516
  Batch 2200/6019, Loss: 0.0582
  Batch 2300/6019, Loss: 0.0712
  Batch 2400/6019, Loss: 0.0613
  Batch 2500/6019, Loss: 0.0550
  Batch 2600/6019, Loss: 0.0625
  Batch 2700/6019, Loss: 0.0490
  Batch 2800/6019, Loss: 0.0553
  Batch 2900/6019, Loss: 0.0730
  Batch 3000/6019, Loss: 0.0580
  Batch 3100/6019, Loss: 0.0527
  Batch 3200/6019, Loss: 0.0777
  Batch 3300/6019, Loss: 0.0687
  Batch 3400/6019, Loss: 0.0878
  Batch 3500/6019, Loss: 0.0483
  Batch 3600/6019, Loss: 0.0781
  Batch 3700/6019, Loss: 0.0826
  Batch 3800/6019, Loss: 0.0577
  Batch 3900/6019, Loss: 0.0953
  Batch 4000/6019, Loss: 0.0361
  Batch 4100/6019, Loss: 0.0468
  Batch 4200/6019, Loss: 0.0581
  Batch 4300/6019, Loss: 0.0530
  Batch 4400/6019, Loss: 0.0421
  Batch 4500/6019, Loss: 0.0745
  Batch 4600/6019, Loss: 0.0460
  Batch 4700/6019, Loss: 0.0477
  Batch 4800/6019, Loss: 0.0510
  Batch 4900/6019, Loss: 0.0546
  Batch 5000/6019, Loss: 0.0583
  Batch 5100/6019, Loss: 0.0555
  Batch 5200/6019, Loss: 0.0848
  Batch 5300/6019, Loss: 0.0657
  Batch 5400/6019, Loss: 0.0750
  Batch 5500/6019, Loss: 0.0623
  Batch 5600/6019, Loss: 0.0546
  Batch 5700/6019, Loss: 0.0635
  Batch 5800/6019, Loss: 0.0613
  Batch 5900/6019, Loss: 0.0786
  Batch 6000/6019, Loss: 0.0692
Train Loss: 0.0624
Val Loss: 0.2895, Val Macro F1: 0.8359
Per-class F1 scores:
  Class 0: 0.9680
  Class 1: 0.7678 (tonal speech)
  Class 2: 0.8323
  Class 3: 0.5898 (env/music)
  Class 4: 0.9507
  Class 5: 0.9068
Confusion between Similar Classes:
  Class 0→1:  2166 | Class 1→0:  1994
  Class 2→3:  1452 | Class 3→2:  3238
Current learning rate: 0.000025

============================================================
Epoch 16/50
============================================================
  Batch 0/6019, Loss: 0.0585
  Batch 100/6019, Loss: 0.0722
  Batch 200/6019, Loss: 0.0406
  Batch 300/6019, Loss: 0.0804
  Batch 400/6019, Loss: 0.0717
  Batch 500/6019, Loss: 0.0482
  Batch 600/6019, Loss: 0.0810
  Batch 700/6019, Loss: 0.0526
  Batch 800/6019, Loss: 0.0607
  Batch 900/6019, Loss: 0.0469
  Batch 1000/6019, Loss: 0.0789
  Batch 1100/6019, Loss: 0.0481
  Batch 1200/6019, Loss: 0.0693
  Batch 1300/6019, Loss: 0.0426
  Batch 1400/6019, Loss: 0.0341
  Batch 1500/6019, Loss: 0.0664
  Batch 1600/6019, Loss: 0.0593
  Batch 1700/6019, Loss: 0.0750
  Batch 1800/6019, Loss: 0.0573
  Batch 1900/6019, Loss: 0.1006
  Batch 2000/6019, Loss: 0.0478
  Batch 2100/6019, Loss: 0.0675
  Batch 2200/6019, Loss: 0.1123
  Batch 2300/6019, Loss: 0.0489
  Batch 2400/6019, Loss: 0.0386
  Batch 2500/6019, Loss: 0.1199
  Batch 2600/6019, Loss: 0.0686
  Batch 2700/6019, Loss: 0.0439
  Batch 2800/6019, Loss: 0.0423
  Batch 2900/6019, Loss: 0.0876
  Batch 3000/6019, Loss: 0.0621
  Batch 3100/6019, Loss: 0.0595
  Batch 3200/6019, Loss: 0.0875
  Batch 3300/6019, Loss: 0.0533
  Batch 3400/6019, Loss: 0.0536
  Batch 3500/6019, Loss: 0.1279
  Batch 3600/6019, Loss: 0.0712
  Batch 3700/6019, Loss: 0.0552
  Batch 3800/6019, Loss: 0.0454
  Batch 3900/6019, Loss: 0.0651
  Batch 4000/6019, Loss: 0.0500
  Batch 4100/6019, Loss: 0.0563
  Batch 4200/6019, Loss: 0.0524
  Batch 4300/6019, Loss: 0.0422
  Batch 4400/6019, Loss: 0.0486
  Batch 4500/6019, Loss: 0.0487
  Batch 4600/6019, Loss: 0.0405
  Batch 4700/6019, Loss: 0.0602
  Batch 4800/6019, Loss: 0.0659
  Batch 4900/6019, Loss: 0.0659
  Batch 5000/6019, Loss: 0.0622
  Batch 5100/6019, Loss: 0.0951
  Batch 5200/6019, Loss: 0.0527
  Batch 5300/6019, Loss: 0.0750
  Batch 5400/6019, Loss: 0.0389
  Batch 5500/6019, Loss: 0.0461
  Batch 5600/6019, Loss: 0.0407
  Batch 5700/6019, Loss: 0.0520
  Batch 5800/6019, Loss: 0.0531
  Batch 5900/6019, Loss: 0.0554
  Batch 6000/6019, Loss: 0.0562
Train Loss: 0.0613
Val Loss: 0.2932, Val Macro F1: 0.8426
Per-class F1 scores:
  Class 0: 0.9658
  Class 1: 0.7608 (tonal speech)
  Class 2: 0.8278
  Class 3: 0.6255 (env/music)
  Class 4: 0.9518
  Class 5: 0.9237
Confusion between Similar Classes:
  Class 0→1:  2627 | Class 1→0:  1817
  Class 2→3:  2049 | Class 3→2:  2702
Current learning rate: 0.001000
✓ Saved best model with Val F1: 0.8426

============================================================
Epoch 17/50
============================================================
  Batch 0/6019, Loss: 0.0703
  Batch 100/6019, Loss: 0.0781
  Batch 200/6019, Loss: 0.1197
  Batch 300/6019, Loss: 0.0641
  Batch 400/6019, Loss: 0.0517
  Batch 500/6019, Loss: 0.0792
  Batch 600/6019, Loss: 0.0665
  Batch 700/6019, Loss: 0.0728
  Batch 800/6019, Loss: 0.0731
  Batch 900/6019, Loss: 0.1041
  Batch 1000/6019, Loss: 0.0775
  Batch 1100/6019, Loss: 0.0729
  Batch 1200/6019, Loss: 0.0742
  Batch 1300/6019, Loss: 0.0672
  Batch 1400/6019, Loss: 0.0500
  Batch 1500/6019, Loss: 0.0545
  Batch 1600/6019, Loss: 0.0528
  Batch 1700/6019, Loss: 0.0931
  Batch 1800/6019, Loss: 0.0704
  Batch 1900/6019, Loss: 0.0825
  Batch 2000/6019, Loss: 0.0581
  Batch 2100/6019, Loss: 0.0880
  Batch 2200/6019, Loss: 0.0797
  Batch 2300/6019, Loss: 0.0584
  Batch 2400/6019, Loss: 0.0744
  Batch 2500/6019, Loss: 0.0496
  Batch 2600/6019, Loss: 0.1183
  Batch 2700/6019, Loss: 0.0830
  Batch 2800/6019, Loss: 0.0967
  Batch 2900/6019, Loss: 0.0681
  Batch 3000/6019, Loss: 0.0882
  Batch 3100/6019, Loss: 0.0577
  Batch 3200/6019, Loss: 0.0983
  Batch 3300/6019, Loss: 0.0976
  Batch 3400/6019, Loss: 0.0526
  Batch 3500/6019, Loss: 0.0896
  Batch 3600/6019, Loss: 0.0730
  Batch 3700/6019, Loss: 0.0479
  Batch 3800/6019, Loss: 0.0502
  Batch 3900/6019, Loss: 0.0959
  Batch 4000/6019, Loss: 0.0622
  Batch 4100/6019, Loss: 0.0740
  Batch 4200/6019, Loss: 0.0810
  Batch 4300/6019, Loss: 0.0792
  Batch 4400/6019, Loss: 0.0791
  Batch 4500/6019, Loss: 0.0760
  Batch 4600/6019, Loss: 0.0798
  Batch 4700/6019, Loss: 0.0587
  Batch 4800/6019, Loss: 0.1514
  Batch 4900/6019, Loss: 0.1018
  Batch 5000/6019, Loss: 0.0554
  Batch 5100/6019, Loss: 0.0922
  Batch 5200/6019, Loss: 0.0860
  Batch 5300/6019, Loss: 0.0698
  Batch 5400/6019, Loss: 0.0809
  Batch 5500/6019, Loss: 0.0514
  Batch 5600/6019, Loss: 0.0652
  Batch 5700/6019, Loss: 0.0791
  Batch 5800/6019, Loss: 0.0868
  Batch 5900/6019, Loss: 0.0665
  Batch 6000/6019, Loss: 0.1055
Train Loss: 0.0737
Val Loss: 0.3403, Val Macro F1: 0.8164
Per-class F1 scores:
  Class 0: 0.9605
  Class 1: 0.7367 (tonal speech)
  Class 2: 0.8233
  Class 3: 0.5371 (env/music)
  Class 4: 0.9487
  Class 5: 0.8924
Confusion between Similar Classes:
  Class 0→1:  3184 | Class 1→0:  1818
  Class 2→3:  1211 | Class 3→2:  3838
Current learning rate: 0.000994

============================================================
Epoch 18/50
============================================================
  Batch 0/6019, Loss: 0.0673
  Batch 100/6019, Loss: 0.0961
  Batch 200/6019, Loss: 0.0718
  Batch 300/6019, Loss: 0.0784
  Batch 400/6019, Loss: 0.0593
  Batch 500/6019, Loss: 0.1065
  Batch 600/6019, Loss: 0.0657
  Batch 700/6019, Loss: 0.0874
  Batch 800/6019, Loss: 0.1025
  Batch 900/6019, Loss: 0.0713
  Batch 1000/6019, Loss: 0.0943
  Batch 1100/6019, Loss: 0.0659
  Batch 1200/6019, Loss: 0.0716
  Batch 1300/6019, Loss: 0.0691
  Batch 1400/6019, Loss: 0.0633
  Batch 1500/6019, Loss: 0.0790
  Batch 1600/6019, Loss: 0.0961
  Batch 1700/6019, Loss: 0.0802
  Batch 1800/6019, Loss: 0.0760
  Batch 1900/6019, Loss: 0.0954
  Batch 2000/6019, Loss: 0.0494
  Batch 2100/6019, Loss: 0.0953
  Batch 2200/6019, Loss: 0.0801
  Batch 2300/6019, Loss: 0.0594
  Batch 2400/6019, Loss: 0.0365
  Batch 2500/6019, Loss: 0.1170
  Batch 2600/6019, Loss: 0.0605
  Batch 2700/6019, Loss: 0.0663
  Batch 2800/6019, Loss: 0.0759
  Batch 2900/6019, Loss: 0.0864
  Batch 3000/6019, Loss: 0.0862
  Batch 3100/6019, Loss: 0.0494
  Batch 3200/6019, Loss: 0.0662
  Batch 3300/6019, Loss: 0.0476
  Batch 3400/6019, Loss: 0.0851
  Batch 3500/6019, Loss: 0.0814
  Batch 3600/6019, Loss: 0.0901
  Batch 3700/6019, Loss: 0.0568
  Batch 3800/6019, Loss: 0.1232
  Batch 3900/6019, Loss: 0.0614
  Batch 4000/6019, Loss: 0.0896
  Batch 4100/6019, Loss: 0.0590
  Batch 4200/6019, Loss: 0.0654
  Batch 4300/6019, Loss: 0.0547
  Batch 4400/6019, Loss: 0.0666
  Batch 4500/6019, Loss: 0.0695
  Batch 4600/6019, Loss: 0.0793
  Batch 4700/6019, Loss: 0.0809
  Batch 4800/6019, Loss: 0.0846
  Batch 4900/6019, Loss: 0.0778
  Batch 5000/6019, Loss: 0.0759
  Batch 5100/6019, Loss: 0.0523
  Batch 5200/6019, Loss: 0.0935
  Batch 5300/6019, Loss: 0.0869
  Batch 5400/6019, Loss: 0.0493
  Batch 5500/6019, Loss: 0.0656
  Batch 5600/6019, Loss: 0.0568
  Batch 5700/6019, Loss: 0.0660
  Batch 5800/6019, Loss: 0.0685
  Batch 5900/6019, Loss: 0.0699
  Batch 6000/6019, Loss: 0.0606
Train Loss: 0.0722
Val Loss: 0.3029, Val Macro F1: 0.8200
Per-class F1 scores:
  Class 0: 0.9695
  Class 1: 0.7292 (tonal speech)
  Class 2: 0.7743
  Class 3: 0.6434 (env/music)
  Class 4: 0.9052
  Class 5: 0.8986
Confusion between Similar Classes:
  Class 0→1:   540 | Class 1→0:  3464
  Class 2→3:  3974 | Class 3→2:  1586
Current learning rate: 0.000976

============================================================
Epoch 19/50
============================================================
  Batch 0/6019, Loss: 0.0737
  Batch 100/6019, Loss: 0.0456
  Batch 200/6019, Loss: 0.0697
  Batch 300/6019, Loss: 0.0627
  Batch 400/6019, Loss: 0.0460
  Batch 500/6019, Loss: 0.0931
  Batch 600/6019, Loss: 0.0872
  Batch 700/6019, Loss: 0.0685
  Batch 800/6019, Loss: 0.0930
  Batch 900/6019, Loss: 0.0787
  Batch 1000/6019, Loss: 0.0861
  Batch 1100/6019, Loss: 0.0759
  Batch 1200/6019, Loss: 0.0911
  Batch 1300/6019, Loss: 0.0629
  Batch 1400/6019, Loss: 0.0592
  Batch 1500/6019, Loss: 0.0490
  Batch 1600/6019, Loss: 0.0656
  Batch 1700/6019, Loss: 0.0572
  Batch 1800/6019, Loss: 0.0701
  Batch 1900/6019, Loss: 0.0646
  Batch 2000/6019, Loss: 0.0807
  Batch 2100/6019, Loss: 0.0303
  Batch 2200/6019, Loss: 0.0630
  Batch 2300/6019, Loss: 0.0915
  Batch 2400/6019, Loss: 0.0769
  Batch 2500/6019, Loss: 0.0778
  Batch 2600/6019, Loss: 0.0582
  Batch 2700/6019, Loss: 0.0947
  Batch 2800/6019, Loss: 0.0982
  Batch 2900/6019, Loss: 0.1033
  Batch 3000/6019, Loss: 0.0574
  Batch 3100/6019, Loss: 0.0724
  Batch 3200/6019, Loss: 0.0476
  Batch 3300/6019, Loss: 0.0508
  Batch 3400/6019, Loss: 0.0535
  Batch 3500/6019, Loss: 0.0676
  Batch 3600/6019, Loss: 0.1023
  Batch 3700/6019, Loss: 0.0558
  Batch 3800/6019, Loss: 0.0614
  Batch 3900/6019, Loss: 0.0758
  Batch 4000/6019, Loss: 0.0960
  Batch 4100/6019, Loss: 0.0738
  Batch 4200/6019, Loss: 0.0637
  Batch 4300/6019, Loss: 0.0712
  Batch 4400/6019, Loss: 0.0559
  Batch 4500/6019, Loss: 0.0486
  Batch 4600/6019, Loss: 0.0864
  Batch 4700/6019, Loss: 0.0791
  Batch 4800/6019, Loss: 0.0599
  Batch 4900/6019, Loss: 0.0558
  Batch 5000/6019, Loss: 0.0375
  Batch 5100/6019, Loss: 0.0466
  Batch 5200/6019, Loss: 0.0744
  Batch 5300/6019, Loss: 0.0954
  Batch 5400/6019, Loss: 0.0409
  Batch 5500/6019, Loss: 0.0495
  Batch 5600/6019, Loss: 0.0732
  Batch 5700/6019, Loss: 0.0803
  Batch 5800/6019, Loss: 0.0756
  Batch 5900/6019, Loss: 0.0591
  Batch 6000/6019, Loss: 0.0490
Train Loss: 0.0712
Val Loss: 0.3514, Val Macro F1: 0.7874
Per-class F1 scores:
  Class 0: 0.9470
  Class 1: 0.6860 (tonal speech)
  Class 2: 0.8258
  Class 3: 0.4082 (env/music)
  Class 4: 0.9483
  Class 5: 0.9092
Confusion between Similar Classes:
  Class 0→1:  5209 | Class 1→0:  1533
  Class 2→3:   527 | Class 3→2:  4859
Current learning rate: 0.000946

============================================================
Epoch 20/50
============================================================
  Batch 0/6019, Loss: 0.0526
  Batch 100/6019, Loss: 0.0756
  Batch 200/6019, Loss: 0.0554
  Batch 300/6019, Loss: 0.0634
  Batch 400/6019, Loss: 0.1012
  Batch 500/6019, Loss: 0.0544
  Batch 600/6019, Loss: 0.0794
  Batch 700/6019, Loss: 0.0633
  Batch 800/6019, Loss: 0.0839
  Batch 900/6019, Loss: 0.0730
  Batch 1000/6019, Loss: 0.0656
  Batch 1100/6019, Loss: 0.0532
  Batch 1200/6019, Loss: 0.0932
  Batch 1300/6019, Loss: 0.1036
  Batch 1400/6019, Loss: 0.0679
  Batch 1500/6019, Loss: 0.0400
  Batch 1600/6019, Loss: 0.0552
  Batch 1700/6019, Loss: 0.0565
  Batch 1800/6019, Loss: 0.0556
  Batch 1900/6019, Loss: 0.0577
  Batch 2000/6019, Loss: 0.1024
  Batch 2100/6019, Loss: 0.0653
  Batch 2200/6019, Loss: 0.0671
  Batch 2300/6019, Loss: 0.0721
  Batch 2400/6019, Loss: 0.0693
  Batch 2500/6019, Loss: 0.0538
  Batch 2600/6019, Loss: 0.0665
  Batch 2700/6019, Loss: 0.0640
  Batch 2800/6019, Loss: 0.0556
  Batch 2900/6019, Loss: 0.0491
  Batch 3000/6019, Loss: 0.0659
  Batch 3100/6019, Loss: 0.0525
  Batch 3200/6019, Loss: 0.0933
  Batch 3300/6019, Loss: 0.0632
  Batch 3400/6019, Loss: 0.0752
  Batch 3500/6019, Loss: 0.0717
  Batch 3600/6019, Loss: 0.0702
  Batch 3700/6019, Loss: 0.0518
  Batch 3800/6019, Loss: 0.0951
  Batch 3900/6019, Loss: 0.0616
  Batch 4000/6019, Loss: 0.0468
  Batch 4100/6019, Loss: 0.0571
  Batch 4200/6019, Loss: 0.0803
  Batch 4300/6019, Loss: 0.0637
  Batch 4400/6019, Loss: 0.0625
  Batch 4500/6019, Loss: 0.0510
  Batch 4600/6019, Loss: 0.0480
  Batch 4700/6019, Loss: 0.0750
  Batch 4800/6019, Loss: 0.0751
  Batch 4900/6019, Loss: 0.0411
  Batch 5000/6019, Loss: 0.0556
  Batch 5100/6019, Loss: 0.0990
  Batch 5200/6019, Loss: 0.0673
  Batch 5300/6019, Loss: 0.0980
  Batch 5400/6019, Loss: 0.0651
  Batch 5500/6019, Loss: 0.0570
  Batch 5600/6019, Loss: 0.0778
  Batch 5700/6019, Loss: 0.0619
  Batch 5800/6019, Loss: 0.0461
  Batch 5900/6019, Loss: 0.0639
  Batch 6000/6019, Loss: 0.1258
Train Loss: 0.0701
Val Loss: 0.3185, Val Macro F1: 0.8345
Per-class F1 scores:
  Class 0: 0.9651
  Class 1: 0.7518 (tonal speech)
  Class 2: 0.8257
  Class 3: 0.6180 (env/music)
  Class 4: 0.9420
  Class 5: 0.9043
Confusion between Similar Classes:
  Class 0→1:  2461 | Class 1→0:  2067
  Class 2→3:  1997 | Class 3→2:  2735
Current learning rate: 0.000905

============================================================
Epoch 21/50
============================================================
  Batch 0/6019, Loss: 0.0599
  Batch 100/6019, Loss: 0.0806
  Batch 200/6019, Loss: 0.0748
  Batch 300/6019, Loss: 0.0759
  Batch 400/6019, Loss: 0.0643
  Batch 500/6019, Loss: 0.0521
  Batch 600/6019, Loss: 0.0561
  Batch 700/6019, Loss: 0.0778
  Batch 800/6019, Loss: 0.0599
  Batch 900/6019, Loss: 0.1386
  Batch 1000/6019, Loss: 0.0643
  Batch 1100/6019, Loss: 0.0760
  Batch 1200/6019, Loss: 0.0832
  Batch 1300/6019, Loss: 0.0612
  Batch 1400/6019, Loss: 0.0933
  Batch 1500/6019, Loss: 0.0582
  Batch 1600/6019, Loss: 0.0698
  Batch 1700/6019, Loss: 0.0728
  Batch 1800/6019, Loss: 0.0618
  Batch 1900/6019, Loss: 0.1203
  Batch 2000/6019, Loss: 0.0751
  Batch 2100/6019, Loss: 0.0744
  Batch 2200/6019, Loss: 0.0523
  Batch 2300/6019, Loss: 0.0404
  Batch 2400/6019, Loss: 0.0533
  Batch 2500/6019, Loss: 0.0545
  Batch 2600/6019, Loss: 0.0454
  Batch 2700/6019, Loss: 0.0506
  Batch 2800/6019, Loss: 0.0632
  Batch 2900/6019, Loss: 0.0741
  Batch 3000/6019, Loss: 0.0527
  Batch 3100/6019, Loss: 0.0834
  Batch 3200/6019, Loss: 0.0431
  Batch 3300/6019, Loss: 0.0524
  Batch 3400/6019, Loss: 0.0624
  Batch 3500/6019, Loss: 0.0857
  Batch 3600/6019, Loss: 0.0605
  Batch 3700/6019, Loss: 0.0722
  Batch 3800/6019, Loss: 0.0553
  Batch 3900/6019, Loss: 0.0522
  Batch 4000/6019, Loss: 0.1010
  Batch 4100/6019, Loss: 0.0521
  Batch 4200/6019, Loss: 0.0578
  Batch 4300/6019, Loss: 0.0623
  Batch 4400/6019, Loss: 0.0721
  Batch 4500/6019, Loss: 0.0728
  Batch 4600/6019, Loss: 0.0641
  Batch 4700/6019, Loss: 0.0454
  Batch 4800/6019, Loss: 0.0841
  Batch 4900/6019, Loss: 0.0602
  Batch 5000/6019, Loss: 0.0681
  Batch 5100/6019, Loss: 0.0742
  Batch 5200/6019, Loss: 0.0525
  Batch 5300/6019, Loss: 0.0398
  Batch 5400/6019, Loss: 0.0757
  Batch 5500/6019, Loss: 0.0490
  Batch 5600/6019, Loss: 0.1054
  Batch 5700/6019, Loss: 0.0529
  Batch 5800/6019, Loss: 0.0585
  Batch 5900/6019, Loss: 0.0447
  Batch 6000/6019, Loss: 0.0759
Train Loss: 0.0689
Val Loss: 0.3345, Val Macro F1: 0.8185
Per-class F1 scores:
  Class 0: 0.9499
  Class 1: 0.6989 (tonal speech)
  Class 2: 0.8240
  Class 3: 0.5817 (env/music)
  Class 4: 0.9527
  Class 5: 0.9037
Confusion between Similar Classes:
  Class 0→1:  4862 | Class 1→0:  1468
  Class 2→3:  1707 | Class 3→2:  3216
Current learning rate: 0.000854

============================================================
Epoch 22/50
============================================================
  Batch 0/6019, Loss: 0.0840
  Batch 100/6019, Loss: 0.0571
  Batch 200/6019, Loss: 0.0627
  Batch 300/6019, Loss: 0.0655
  Batch 400/6019, Loss: 0.0733
  Batch 500/6019, Loss: 0.0439
  Batch 600/6019, Loss: 0.0459
  Batch 700/6019, Loss: 0.0532
  Batch 800/6019, Loss: 0.0538
  Batch 900/6019, Loss: 0.0577
  Batch 1000/6019, Loss: 0.0535
  Batch 1100/6019, Loss: 0.0558
  Batch 1200/6019, Loss: 0.0601
  Batch 1300/6019, Loss: 0.0784
  Batch 1400/6019, Loss: 0.0749
  Batch 1500/6019, Loss: 0.0646
  Batch 1600/6019, Loss: 0.0658
  Batch 1700/6019, Loss: 0.0848
  Batch 1800/6019, Loss: 0.0437
  Batch 1900/6019, Loss: 0.0805
  Batch 2000/6019, Loss: 0.0658
  Batch 2100/6019, Loss: 0.0595
  Batch 2200/6019, Loss: 0.0617
  Batch 2300/6019, Loss: 0.0436
  Batch 2400/6019, Loss: 0.0672
  Batch 2500/6019, Loss: 0.0680
  Batch 2600/6019, Loss: 0.0552
  Batch 2700/6019, Loss: 0.0581
  Batch 2800/6019, Loss: 0.0764
  Batch 2900/6019, Loss: 0.0670
  Batch 3000/6019, Loss: 0.0544
  Batch 3100/6019, Loss: 0.1402
  Batch 3200/6019, Loss: 0.0730
  Batch 3300/6019, Loss: 0.0757
  Batch 3400/6019, Loss: 0.0700
  Batch 3500/6019, Loss: 0.0888
  Batch 3600/6019, Loss: 0.0788
  Batch 3700/6019, Loss: 0.0853
  Batch 3800/6019, Loss: 0.1242
  Batch 3900/6019, Loss: 0.0462
  Batch 4000/6019, Loss: 0.0760
  Batch 4100/6019, Loss: 0.0836
  Batch 4200/6019, Loss: 0.0769
  Batch 4300/6019, Loss: 0.0431
  Batch 4400/6019, Loss: 0.0904
  Batch 4500/6019, Loss: 0.1074
  Batch 4600/6019, Loss: 0.0576
  Batch 4700/6019, Loss: 0.0879
  Batch 4800/6019, Loss: 0.0773
  Batch 4900/6019, Loss: 0.0488
  Batch 5000/6019, Loss: 0.0659
  Batch 5100/6019, Loss: 0.0666
  Batch 5200/6019, Loss: 0.0602
  Batch 5300/6019, Loss: 0.0751
  Batch 5400/6019, Loss: 0.0478
  Batch 5500/6019, Loss: 0.0795
  Batch 5600/6019, Loss: 0.0558
  Batch 5700/6019, Loss: 0.0899
  Batch 5800/6019, Loss: 0.0729
  Batch 5900/6019, Loss: 0.0705
  Batch 6000/6019, Loss: 0.0917
Train Loss: 0.0678
Val Loss: 0.3043, Val Macro F1: 0.8378
Per-class F1 scores:
  Class 0: 0.9679
  Class 1: 0.7653 (tonal speech)
  Class 2: 0.8248
  Class 3: 0.6126 (env/music)
  Class 4: 0.9364
  Class 5: 0.9201
Confusion between Similar Classes:
  Class 0→1:  2091 | Class 1→0:  2083
  Class 2→3:  2005 | Class 3→2:  2858
Current learning rate: 0.000794

============================================================
Epoch 23/50
============================================================
  Batch 0/6019, Loss: 0.0637
  Batch 100/6019, Loss: 0.0577
  Batch 200/6019, Loss: 0.0577
  Batch 300/6019, Loss: 0.0636
  Batch 400/6019, Loss: 0.0492
  Batch 500/6019, Loss: 0.1120
  Batch 600/6019, Loss: 0.0683
  Batch 700/6019, Loss: 0.0593
  Batch 800/6019, Loss: 0.0784
  Batch 900/6019, Loss: 0.0620
  Batch 1000/6019, Loss: 0.0652
  Batch 1100/6019, Loss: 0.0707
  Batch 1200/6019, Loss: 0.0529
  Batch 1300/6019, Loss: 0.0748
  Batch 1400/6019, Loss: 0.0906
  Batch 1500/6019, Loss: 0.0558
  Batch 1600/6019, Loss: 0.0727
  Batch 1700/6019, Loss: 0.0697
  Batch 1800/6019, Loss: 0.0678
  Batch 1900/6019, Loss: 0.0626
  Batch 2000/6019, Loss: 0.1025
  Batch 2100/6019, Loss: 0.0763
  Batch 2200/6019, Loss: 0.0682
  Batch 2300/6019, Loss: 0.0698
  Batch 2400/6019, Loss: 0.0651
  Batch 2500/6019, Loss: 0.0581
  Batch 2600/6019, Loss: 0.0607
  Batch 2700/6019, Loss: 0.0555
  Batch 2800/6019, Loss: 0.0418
  Batch 2900/6019, Loss: 0.0741
  Batch 3000/6019, Loss: 0.0771
  Batch 3100/6019, Loss: 0.0555
  Batch 3200/6019, Loss: 0.0701
  Batch 3300/6019, Loss: 0.0638
  Batch 3400/6019, Loss: 0.0407
  Batch 3500/6019, Loss: 0.0641
  Batch 3600/6019, Loss: 0.0586
  Batch 3700/6019, Loss: 0.0544
  Batch 3800/6019, Loss: 0.0320
  Batch 3900/6019, Loss: 0.0583
  Batch 4000/6019, Loss: 0.0738
  Batch 4100/6019, Loss: 0.0751
  Batch 4200/6019, Loss: 0.0819
  Batch 4300/6019, Loss: 0.0985
  Batch 4400/6019, Loss: 0.0518
  Batch 4500/6019, Loss: 0.0592
  Batch 4600/6019, Loss: 0.0573
  Batch 4700/6019, Loss: 0.0811
  Batch 4800/6019, Loss: 0.0685
  Batch 4900/6019, Loss: 0.0464
  Batch 5000/6019, Loss: 0.0750
  Batch 5100/6019, Loss: 0.1222
  Batch 5200/6019, Loss: 0.0722
  Batch 5300/6019, Loss: 0.0725
  Batch 5400/6019, Loss: 0.0570
  Batch 5500/6019, Loss: 0.0609
  Batch 5600/6019, Loss: 0.0768
  Batch 5700/6019, Loss: 0.0499
  Batch 5800/6019, Loss: 0.0463
  Batch 5900/6019, Loss: 0.0718
  Batch 6000/6019, Loss: 0.0649
Train Loss: 0.0666
Val Loss: 0.2875, Val Macro F1: 0.8459
Per-class F1 scores:
  Class 0: 0.9682
  Class 1: 0.7641 (tonal speech)
  Class 2: 0.8159
  Class 3: 0.6512 (env/music)
  Class 4: 0.9460
  Class 5: 0.9303
Confusion between Similar Classes:
  Class 0→1:  2004 | Class 1→0:  2158
  Class 2→3:  2787 | Class 3→2:  2130
Current learning rate: 0.000727
✓ Saved best model with Val F1: 0.8459

============================================================
Epoch 24/50
============================================================
  Batch 0/6019, Loss: 0.0613
  Batch 100/6019, Loss: 0.0511
  Batch 200/6019, Loss: 0.0477
  Batch 300/6019, Loss: 0.0584
  Batch 400/6019, Loss: 0.0605
  Batch 500/6019, Loss: 0.0791
  Batch 600/6019, Loss: 0.0771
  Batch 700/6019, Loss: 0.0707
  Batch 800/6019, Loss: 0.0700
  Batch 900/6019, Loss: 0.0574
  Batch 1000/6019, Loss: 0.0562
  Batch 1100/6019, Loss: 0.0389
  Batch 1200/6019, Loss: 0.0777
  Batch 1300/6019, Loss: 0.0550
  Batch 1400/6019, Loss: 0.0769
  Batch 1500/6019, Loss: 0.0571
  Batch 1600/6019, Loss: 0.0988
  Batch 1700/6019, Loss: 0.0945
  Batch 1800/6019, Loss: 0.0509
  Batch 1900/6019, Loss: 0.0609
  Batch 2000/6019, Loss: 0.0747
  Batch 2100/6019, Loss: 0.1066
  Batch 2200/6019, Loss: 0.0585
  Batch 2300/6019, Loss: 0.0586
  Batch 2400/6019, Loss: 0.0639
  Batch 2500/6019, Loss: 0.0590
  Batch 2600/6019, Loss: 0.0570
  Batch 2700/6019, Loss: 0.0585
  Batch 2800/6019, Loss: 0.0417
  Batch 2900/6019, Loss: 0.0757
  Batch 3000/6019, Loss: 0.0557
  Batch 3100/6019, Loss: 0.0835
  Batch 3200/6019, Loss: 0.0444
  Batch 3300/6019, Loss: 0.0625
  Batch 3400/6019, Loss: 0.0558
  Batch 3500/6019, Loss: 0.0876
  Batch 3600/6019, Loss: 0.0742
  Batch 3700/6019, Loss: 0.0422
  Batch 3800/6019, Loss: 0.0782
  Batch 3900/6019, Loss: 0.0486
  Batch 4000/6019, Loss: 0.0669
  Batch 4100/6019, Loss: 0.0724
  Batch 4200/6019, Loss: 0.0723
  Batch 4300/6019, Loss: 0.0654
  Batch 4400/6019, Loss: 0.0603
  Batch 4500/6019, Loss: 0.1144
  Batch 4600/6019, Loss: 0.0728
  Batch 4700/6019, Loss: 0.0552
  Batch 4800/6019, Loss: 0.0755
  Batch 4900/6019, Loss: 0.0544
  Batch 5000/6019, Loss: 0.0713
  Batch 5100/6019, Loss: 0.0628
  Batch 5200/6019, Loss: 0.0498
  Batch 5300/6019, Loss: 0.0393
  Batch 5400/6019, Loss: 0.0766
  Batch 5500/6019, Loss: 0.0643
  Batch 5600/6019, Loss: 0.0647
  Batch 5700/6019, Loss: 0.0543
  Batch 5800/6019, Loss: 0.0420
  Batch 5900/6019, Loss: 0.0952
  Batch 6000/6019, Loss: 0.0697
Train Loss: 0.0657
Val Loss: 0.3227, Val Macro F1: 0.8371
Per-class F1 scores:
  Class 0: 0.9635
  Class 1: 0.7452 (tonal speech)
  Class 2: 0.8272
  Class 3: 0.6196 (env/music)
  Class 4: 0.9439
  Class 5: 0.9229
Confusion between Similar Classes:
  Class 0→1:  2791 | Class 1→0:  1969
  Class 2→3:  2002 | Class 3→2:  2793
Current learning rate: 0.000655

============================================================
Epoch 25/50
============================================================
  Batch 0/6019, Loss: 0.0588
  Batch 100/6019, Loss: 0.0356
  Batch 200/6019, Loss: 0.0403
  Batch 300/6019, Loss: 0.0786
  Batch 400/6019, Loss: 0.0441
  Batch 500/6019, Loss: 0.0590
  Batch 600/6019, Loss: 0.0760
  Batch 700/6019, Loss: 0.0497
  Batch 800/6019, Loss: 0.0709
  Batch 900/6019, Loss: 0.0930
  Batch 1000/6019, Loss: 0.0596
  Batch 1100/6019, Loss: 0.0690
  Batch 1200/6019, Loss: 0.0582
  Batch 1300/6019, Loss: 0.1314
  Batch 1400/6019, Loss: 0.0598
  Batch 1500/6019, Loss: 0.0456
  Batch 1600/6019, Loss: 0.0602
  Batch 1700/6019, Loss: 0.0629
  Batch 1800/6019, Loss: 0.0891
  Batch 1900/6019, Loss: 0.0795
  Batch 2000/6019, Loss: 0.0514
  Batch 2100/6019, Loss: 0.0990
  Batch 2200/6019, Loss: 0.0666
  Batch 2300/6019, Loss: 0.0574
  Batch 2400/6019, Loss: 0.0536
  Batch 2500/6019, Loss: 0.0890
  Batch 2600/6019, Loss: 0.0589
  Batch 2700/6019, Loss: 0.0664
  Batch 2800/6019, Loss: 0.0552
  Batch 2900/6019, Loss: 0.0705
  Batch 3000/6019, Loss: 0.0505
  Batch 3100/6019, Loss: 0.0487
  Batch 3200/6019, Loss: 0.0674
  Batch 3300/6019, Loss: 0.0581
  Batch 3400/6019, Loss: 0.0387
  Batch 3500/6019, Loss: 0.0698
  Batch 3600/6019, Loss: 0.0641
  Batch 3700/6019, Loss: 0.0762
  Batch 3800/6019, Loss: 0.0826
  Batch 3900/6019, Loss: 0.0899
  Batch 4000/6019, Loss: 0.0709
  Batch 4100/6019, Loss: 0.0542
  Batch 4200/6019, Loss: 0.0545
  Batch 4300/6019, Loss: 0.0389
  Batch 4400/6019, Loss: 0.0702
  Batch 4500/6019, Loss: 0.0756
  Batch 4600/6019, Loss: 0.0579
  Batch 4700/6019, Loss: 0.0618
  Batch 4800/6019, Loss: 0.0688
  Batch 4900/6019, Loss: 0.0602
  Batch 5000/6019, Loss: 0.0604
  Batch 5100/6019, Loss: 0.0596
  Batch 5200/6019, Loss: 0.0683
  Batch 5300/6019, Loss: 0.0595
  Batch 5400/6019, Loss: 0.0499
  Batch 5500/6019, Loss: 0.1051
  Batch 5600/6019, Loss: 0.0491
  Batch 5700/6019, Loss: 0.1118
  Batch 5800/6019, Loss: 0.0557
  Batch 5900/6019, Loss: 0.0735
  Batch 6000/6019, Loss: 0.0357
Train Loss: 0.0645
Val Loss: 0.3303, Val Macro F1: 0.8215
Per-class F1 scores:
  Class 0: 0.9618
  Class 1: 0.7460 (tonal speech)
  Class 2: 0.8328
  Class 3: 0.5260 (env/music)
  Class 4: 0.9549
  Class 5: 0.9074
Confusion between Similar Classes:
  Class 0→1:  3282 | Class 1→0:  1653
  Class 2→3:   953 | Class 3→2:  3920
Current learning rate: 0.000579

============================================================
Epoch 26/50
============================================================
  Batch 0/6019, Loss: 0.0902
  Batch 100/6019, Loss: 0.0531
  Batch 200/6019, Loss: 0.0579
  Batch 300/6019, Loss: 0.0464
  Batch 400/6019, Loss: 0.0758
  Batch 500/6019, Loss: 0.1032
  Batch 600/6019, Loss: 0.0671
  Batch 700/6019, Loss: 0.0538
  Batch 800/6019, Loss: 0.0641
  Batch 900/6019, Loss: 0.0902
  Batch 1000/6019, Loss: 0.0852
  Batch 1100/6019, Loss: 0.0676
  Batch 1200/6019, Loss: 0.0964
  Batch 1300/6019, Loss: 0.0706
  Batch 1400/6019, Loss: 0.0776
  Batch 1500/6019, Loss: 0.0682
  Batch 1600/6019, Loss: 0.0416
  Batch 1700/6019, Loss: 0.0505
  Batch 1800/6019, Loss: 0.0564
  Batch 1900/6019, Loss: 0.0652
  Batch 2000/6019, Loss: 0.0598
  Batch 2100/6019, Loss: 0.0702
  Batch 2200/6019, Loss: 0.0819
  Batch 2300/6019, Loss: 0.0387
  Batch 2400/6019, Loss: 0.0487
  Batch 2500/6019, Loss: 0.0466
  Batch 2600/6019, Loss: 0.0989
  Batch 2700/6019, Loss: 0.0488
  Batch 2800/6019, Loss: 0.0556
  Batch 2900/6019, Loss: 0.1141
  Batch 3000/6019, Loss: 0.0774
  Batch 3100/6019, Loss: 0.0695
  Batch 3200/6019, Loss: 0.0658
  Batch 3300/6019, Loss: 0.0601
  Batch 3400/6019, Loss: 0.0732
  Batch 3500/6019, Loss: 0.0473
  Batch 3600/6019, Loss: 0.0756
  Batch 3700/6019, Loss: 0.0353
  Batch 3800/6019, Loss: 0.1051
  Batch 3900/6019, Loss: 0.0589
  Batch 4000/6019, Loss: 0.0521
  Batch 4100/6019, Loss: 0.0550
  Batch 4200/6019, Loss: 0.0648
  Batch 4300/6019, Loss: 0.0540
  Batch 4400/6019, Loss: 0.0486
  Batch 4500/6019, Loss: 0.0875
  Batch 4600/6019, Loss: 0.0448
  Batch 4700/6019, Loss: 0.0616
  Batch 4800/6019, Loss: 0.0521
  Batch 4900/6019, Loss: 0.0457
  Batch 5000/6019, Loss: 0.0618
  Batch 5100/6019, Loss: 0.0463
  Batch 5200/6019, Loss: 0.0890
  Batch 5300/6019, Loss: 0.0731
  Batch 5400/6019, Loss: 0.0518
  Batch 5500/6019, Loss: 0.0551
  Batch 5600/6019, Loss: 0.0618
  Batch 5700/6019, Loss: 0.0780
  Batch 5800/6019, Loss: 0.0384
  Batch 5900/6019, Loss: 0.0528
  Batch 6000/6019, Loss: 0.0577
Train Loss: 0.0634
Val Loss: 0.3391, Val Macro F1: 0.8362
Per-class F1 scores:
  Class 0: 0.9586
  Class 1: 0.7342 (tonal speech)
  Class 2: 0.8155
  Class 3: 0.6455 (env/music)
  Class 4: 0.9581
  Class 5: 0.9054
Confusion between Similar Classes:
  Class 0→1:  3853 | Class 1→0:  1494
  Class 2→3:  2596 | Class 3→2:  2206
Current learning rate: 0.000501

============================================================
Epoch 27/50
============================================================
  Batch 0/6019, Loss: 0.0629
  Batch 100/6019, Loss: 0.0606
  Batch 200/6019, Loss: 0.0594
  Batch 300/6019, Loss: 0.0523
  Batch 400/6019, Loss: 0.0555
  Batch 500/6019, Loss: 0.0762
  Batch 600/6019, Loss: 0.0616
  Batch 700/6019, Loss: 0.0916
  Batch 800/6019, Loss: 0.0752
  Batch 900/6019, Loss: 0.0753
  Batch 1000/6019, Loss: 0.0654
  Batch 1100/6019, Loss: 0.0403
  Batch 1200/6019, Loss: 0.0667
  Batch 1300/6019, Loss: 0.0536
  Batch 1400/6019, Loss: 0.0729
  Batch 1500/6019, Loss: 0.0484
  Batch 1600/6019, Loss: 0.0975
  Batch 1700/6019, Loss: 0.0774
  Batch 1800/6019, Loss: 0.0636
  Batch 1900/6019, Loss: 0.0543
  Batch 2000/6019, Loss: 0.0543
  Batch 2100/6019, Loss: 0.0519
  Batch 2200/6019, Loss: 0.0626
  Batch 2300/6019, Loss: 0.0686
  Batch 2400/6019, Loss: 0.0785
  Batch 2500/6019, Loss: 0.0528
  Batch 2600/6019, Loss: 0.0408
  Batch 2700/6019, Loss: 0.0598
  Batch 2800/6019, Loss: 0.0578
  Batch 2900/6019, Loss: 0.0488
  Batch 3000/6019, Loss: 0.0587
  Batch 3100/6019, Loss: 0.1139
  Batch 3200/6019, Loss: 0.0731
  Batch 3300/6019, Loss: 0.0708
  Batch 3400/6019, Loss: 0.0800
  Batch 3500/6019, Loss: 0.0466
  Batch 3600/6019, Loss: 0.0443
  Batch 3700/6019, Loss: 0.0540
  Batch 3800/6019, Loss: 0.0545
  Batch 3900/6019, Loss: 0.0308
  Batch 4000/6019, Loss: 0.0575
  Batch 4100/6019, Loss: 0.0612
  Batch 4200/6019, Loss: 0.0613
  Batch 4300/6019, Loss: 0.0636
  Batch 4400/6019, Loss: 0.0609
  Batch 4500/6019, Loss: 0.0604
  Batch 4600/6019, Loss: 0.0618
  Batch 4700/6019, Loss: 0.0603
  Batch 4800/6019, Loss: 0.0484
  Batch 4900/6019, Loss: 0.0621
  Batch 5000/6019, Loss: 0.1045
  Batch 5100/6019, Loss: 0.0754
  Batch 5200/6019, Loss: 0.0429
  Batch 5300/6019, Loss: 0.0500
  Batch 5400/6019, Loss: 0.0612
  Batch 5500/6019, Loss: 0.0607
  Batch 5600/6019, Loss: 0.0473
  Batch 5700/6019, Loss: 0.0512
  Batch 5800/6019, Loss: 0.0579
  Batch 5900/6019, Loss: 0.0643
  Batch 6000/6019, Loss: 0.0584
Train Loss: 0.0620
Val Loss: 0.3184, Val Macro F1: 0.8223
Per-class F1 scores:
  Class 0: 0.9594
  Class 1: 0.7405 (tonal speech)
  Class 2: 0.8325
  Class 3: 0.5403 (env/music)
  Class 4: 0.9573
  Class 5: 0.9039
Confusion between Similar Classes:
  Class 0→1:  3744 | Class 1→0:  1465
  Class 2→3:  1058 | Class 3→2:  3763
Current learning rate: 0.000422

============================================================
Epoch 28/50
============================================================
  Batch 0/6019, Loss: 0.0465
  Batch 100/6019, Loss: 0.0890
  Batch 200/6019, Loss: 0.0741
  Batch 300/6019, Loss: 0.0657
  Batch 400/6019, Loss: 0.0601
  Batch 500/6019, Loss: 0.0441
  Batch 600/6019, Loss: 0.0458
  Batch 700/6019, Loss: 0.0628
  Batch 800/6019, Loss: 0.0462
  Batch 900/6019, Loss: 0.0457
  Batch 1000/6019, Loss: 0.0590
  Batch 1100/6019, Loss: 0.0448
  Batch 1200/6019, Loss: 0.0724
  Batch 1300/6019, Loss: 0.0557
  Batch 1400/6019, Loss: 0.0662
  Batch 1500/6019, Loss: 0.0886
  Batch 1600/6019, Loss: 0.0411
  Batch 1700/6019, Loss: 0.0511
  Batch 1800/6019, Loss: 0.0458
  Batch 1900/6019, Loss: 0.0569
  Batch 2000/6019, Loss: 0.0602
  Batch 2100/6019, Loss: 0.0585
  Batch 2200/6019, Loss: 0.0683
  Batch 2300/6019, Loss: 0.0502
  Batch 2400/6019, Loss: 0.0650
  Batch 2500/6019, Loss: 0.0611
  Batch 2600/6019, Loss: 0.0637
  Batch 2700/6019, Loss: 0.0569
  Batch 2800/6019, Loss: 0.0704
  Batch 2900/6019, Loss: 0.0572
  Batch 3000/6019, Loss: 0.0723
  Batch 3100/6019, Loss: 0.0787
  Batch 3200/6019, Loss: 0.0510
  Batch 3300/6019, Loss: 0.0499
  Batch 3400/6019, Loss: 0.0475
  Batch 3500/6019, Loss: 0.0867
  Batch 3600/6019, Loss: 0.0795
  Batch 3700/6019, Loss: 0.0597
  Batch 3800/6019, Loss: 0.0637
  Batch 3900/6019, Loss: 0.0843
  Batch 4000/6019, Loss: 0.0528
  Batch 4100/6019, Loss: 0.0546
  Batch 4200/6019, Loss: 0.0557
  Batch 4300/6019, Loss: 0.0553
  Batch 4400/6019, Loss: 0.0500
  Batch 4500/6019, Loss: 0.0406
  Batch 4600/6019, Loss: 0.0482
  Batch 4700/6019, Loss: 0.0550
  Batch 4800/6019, Loss: 0.0352
  Batch 4900/6019, Loss: 0.0514
  Batch 5000/6019, Loss: 0.0449
  Batch 5100/6019, Loss: 0.0699
  Batch 5200/6019, Loss: 0.0485
  Batch 5300/6019, Loss: 0.0916
  Batch 5400/6019, Loss: 0.0866
  Batch 5500/6019, Loss: 0.0648
  Batch 5600/6019, Loss: 0.0779
  Batch 5700/6019, Loss: 0.0717
  Batch 5800/6019, Loss: 0.0759
  Batch 5900/6019, Loss: 0.0675
  Batch 6000/6019, Loss: 0.0920
Train Loss: 0.0608
Val Loss: 0.2733, Val Macro F1: 0.8447
Per-class F1 scores:
  Class 0: 0.9700
  Class 1: 0.7815 (tonal speech)
  Class 2: 0.8371
  Class 3: 0.5958 (env/music)
  Class 4: 0.9565
  Class 5: 0.9270
Confusion between Similar Classes:
  Class 0→1:  2037 | Class 1→0:  1870
  Class 2→3:  1454 | Class 3→2:  3230
Current learning rate: 0.000346

============================================================
Epoch 29/50
============================================================
  Batch 0/6019, Loss: 0.0580
  Batch 100/6019, Loss: 0.0712
  Batch 200/6019, Loss: 0.0890
  Batch 300/6019, Loss: 0.0605
  Batch 400/6019, Loss: 0.0359
  Batch 500/6019, Loss: 0.0516
  Batch 600/6019, Loss: 0.0484
  Batch 700/6019, Loss: 0.0436
  Batch 800/6019, Loss: 0.0664
  Batch 900/6019, Loss: 0.0476
  Batch 1000/6019, Loss: 0.0908
  Batch 1100/6019, Loss: 0.0500
  Batch 1200/6019, Loss: 0.0549
  Batch 1300/6019, Loss: 0.0624
  Batch 1400/6019, Loss: 0.0625
  Batch 1500/6019, Loss: 0.0401
  Batch 1600/6019, Loss: 0.0674
  Batch 1700/6019, Loss: 0.0760
  Batch 1800/6019, Loss: 0.0707
  Batch 1900/6019, Loss: 0.0671
  Batch 2000/6019, Loss: 0.0921
  Batch 2100/6019, Loss: 0.0577
  Batch 2200/6019, Loss: 0.0313
  Batch 2300/6019, Loss: 0.0767
  Batch 2400/6019, Loss: 0.0482
  Batch 2500/6019, Loss: 0.0521
  Batch 2600/6019, Loss: 0.0670
  Batch 2700/6019, Loss: 0.0516
  Batch 2800/6019, Loss: 0.0889
  Batch 2900/6019, Loss: 0.0371
  Batch 3000/6019, Loss: 0.0389
  Batch 3100/6019, Loss: 0.0376
  Batch 3200/6019, Loss: 0.0424
  Batch 3300/6019, Loss: 0.0409
  Batch 3400/6019, Loss: 0.0639
  Batch 3500/6019, Loss: 0.0530
  Batch 3600/6019, Loss: 0.0423
  Batch 3700/6019, Loss: 0.0437
  Batch 3800/6019, Loss: 0.0818
  Batch 3900/6019, Loss: 0.0441
  Batch 4000/6019, Loss: 0.0607
  Batch 4100/6019, Loss: 0.0537
  Batch 4200/6019, Loss: 0.0794
  Batch 4300/6019, Loss: 0.0503
  Batch 4400/6019, Loss: 0.0618
  Batch 4500/6019, Loss: 0.0536
  Batch 4600/6019, Loss: 0.0549
  Batch 4700/6019, Loss: 0.0506
  Batch 4800/6019, Loss: 0.0711
  Batch 4900/6019, Loss: 0.0778
  Batch 5000/6019, Loss: 0.0560
  Batch 5100/6019, Loss: 0.0646
  Batch 5200/6019, Loss: 0.0388
  Batch 5300/6019, Loss: 0.0531
  Batch 5400/6019, Loss: 0.0392
  Batch 5500/6019, Loss: 0.0522
  Batch 5600/6019, Loss: 0.0391
  Batch 5700/6019, Loss: 0.0457
  Batch 5800/6019, Loss: 0.0711
  Batch 5900/6019, Loss: 0.0527
  Batch 6000/6019, Loss: 0.0756
Train Loss: 0.0595
Val Loss: 0.3044, Val Macro F1: 0.8368
Per-class F1 scores:
  Class 0: 0.9583
  Class 1: 0.7329 (tonal speech)
  Class 2: 0.8298
  Class 3: 0.6278 (env/music)
  Class 4: 0.9550
  Class 5: 0.9172
Confusion between Similar Classes:
  Class 0→1:  3919 | Class 1→0:  1471
  Class 2→3:  1980 | Class 3→2:  2691
Current learning rate: 0.000274

============================================================
Epoch 30/50
============================================================
  Batch 0/6019, Loss: 0.0656
  Batch 100/6019, Loss: 0.0443
  Batch 200/6019, Loss: 0.0494
  Batch 300/6019, Loss: 0.0555
  Batch 400/6019, Loss: 0.0624
  Batch 500/6019, Loss: 0.0628
  Batch 600/6019, Loss: 0.0598
  Batch 700/6019, Loss: 0.0511
  Batch 800/6019, Loss: 0.0941
  Batch 900/6019, Loss: 0.0549
  Batch 1000/6019, Loss: 0.0785
  Batch 1100/6019, Loss: 0.0456
  Batch 1200/6019, Loss: 0.0622
  Batch 1300/6019, Loss: 0.0968
  Batch 1400/6019, Loss: 0.0514
  Batch 1500/6019, Loss: 0.0398
  Batch 1600/6019, Loss: 0.0431
  Batch 1700/6019, Loss: 0.0704
  Batch 1800/6019, Loss: 0.0205
  Batch 1900/6019, Loss: 0.0737
  Batch 2000/6019, Loss: 0.0498
  Batch 2100/6019, Loss: 0.0630
  Batch 2200/6019, Loss: 0.0645
  Batch 2300/6019, Loss: 0.0468
  Batch 2400/6019, Loss: 0.0520
  Batch 2500/6019, Loss: 0.0446
  Batch 2600/6019, Loss: 0.0721
  Batch 2700/6019, Loss: 0.0661
  Batch 2800/6019, Loss: 0.0438
  Batch 2900/6019, Loss: 0.0453
  Batch 3000/6019, Loss: 0.0740
  Batch 3100/6019, Loss: 0.0404
  Batch 3200/6019, Loss: 0.0434
  Batch 3300/6019, Loss: 0.0664
  Batch 3400/6019, Loss: 0.0564
  Batch 3500/6019, Loss: 0.0466
  Batch 3600/6019, Loss: 0.0304
  Batch 3700/6019, Loss: 0.0568
  Batch 3800/6019, Loss: 0.0742
  Batch 3900/6019, Loss: 0.0740
  Batch 4000/6019, Loss: 0.0519
  Batch 4100/6019, Loss: 0.0689
  Batch 4200/6019, Loss: 0.0541
  Batch 4300/6019, Loss: 0.0628
  Batch 4400/6019, Loss: 0.0624
  Batch 4500/6019, Loss: 0.0780
  Batch 4600/6019, Loss: 0.0401
  Batch 4700/6019, Loss: 0.0469
  Batch 4800/6019, Loss: 0.0625
  Batch 4900/6019, Loss: 0.0537
  Batch 5000/6019, Loss: 0.0622
  Batch 5100/6019, Loss: 0.0452
  Batch 5200/6019, Loss: 0.0705
  Batch 5300/6019, Loss: 0.0907
  Batch 5400/6019, Loss: 0.0507
  Batch 5500/6019, Loss: 0.0531
  Batch 5600/6019, Loss: 0.0628
  Batch 5700/6019, Loss: 0.0432
  Batch 5800/6019, Loss: 0.0635
  Batch 5900/6019, Loss: 0.0636
  Batch 6000/6019, Loss: 0.0464
Train Loss: 0.0583
Val Loss: 0.2727, Val Macro F1: 0.8462
Per-class F1 scores:
  Class 0: 0.9690
  Class 1: 0.7703 (tonal speech)
  Class 2: 0.8346
  Class 3: 0.6159 (env/music)
  Class 4: 0.9712
  Class 5: 0.9163
Confusion between Similar Classes:
  Class 0→1:  2030 | Class 1→0:  2034
  Class 2→3:  1707 | Class 3→2:  2916
Current learning rate: 0.000207
✓ Saved best model with Val F1: 0.8462

============================================================
Epoch 31/50
============================================================
  Batch 0/6019, Loss: 0.0763
  Batch 100/6019, Loss: 0.0554
  Batch 200/6019, Loss: 0.0617
  Batch 300/6019, Loss: 0.0741
  Batch 400/6019, Loss: 0.0432
  Batch 500/6019, Loss: 0.0512
  Batch 600/6019, Loss: 0.0468
  Batch 700/6019, Loss: 0.0546
  Batch 800/6019, Loss: 0.0665
  Batch 900/6019, Loss: 0.0488
  Batch 1000/6019, Loss: 0.0719
  Batch 1100/6019, Loss: 0.0461
  Batch 1200/6019, Loss: 0.0630
  Batch 1300/6019, Loss: 0.0507
  Batch 1400/6019, Loss: 0.0278
  Batch 1500/6019, Loss: 0.0770
  Batch 1600/6019, Loss: 0.0861
  Batch 1700/6019, Loss: 0.0471
  Batch 1800/6019, Loss: 0.0483
  Batch 1900/6019, Loss: 0.0527
  Batch 2000/6019, Loss: 0.0480
  Batch 2100/6019, Loss: 0.0458
  Batch 2200/6019, Loss: 0.0516
  Batch 2300/6019, Loss: 0.0515
  Batch 2400/6019, Loss: 0.0734
  Batch 2500/6019, Loss: 0.0412
  Batch 2600/6019, Loss: 0.0426
  Batch 2700/6019, Loss: 0.0755
  Batch 2800/6019, Loss: 0.0398
  Batch 2900/6019, Loss: 0.0581
  Batch 3000/6019, Loss: 0.0947
  Batch 3100/6019, Loss: 0.0383
  Batch 3200/6019, Loss: 0.0507
  Batch 3300/6019, Loss: 0.0452
  Batch 3400/6019, Loss: 0.0550
  Batch 3500/6019, Loss: 0.0460
  Batch 3600/6019, Loss: 0.0755
  Batch 3700/6019, Loss: 0.0445
  Batch 3800/6019, Loss: 0.0689
  Batch 3900/6019, Loss: 0.0656
  Batch 4000/6019, Loss: 0.0466
  Batch 4100/6019, Loss: 0.0847
  Batch 4200/6019, Loss: 0.0656
  Batch 4300/6019, Loss: 0.0584
  Batch 4400/6019, Loss: 0.0393
  Batch 4500/6019, Loss: 0.0709
  Batch 4600/6019, Loss: 0.0691
  Batch 4700/6019, Loss: 0.0510
  Batch 4800/6019, Loss: 0.0331
  Batch 4900/6019, Loss: 0.0659
  Batch 5000/6019, Loss: 0.0602
  Batch 5100/6019, Loss: 0.0567
  Batch 5200/6019, Loss: 0.0547
  Batch 5300/6019, Loss: 0.0391
  Batch 5400/6019, Loss: 0.0642
  Batch 5500/6019, Loss: 0.0453
  Batch 5600/6019, Loss: 0.0563
  Batch 5700/6019, Loss: 0.0363
  Batch 5800/6019, Loss: 0.0879
  Batch 5900/6019, Loss: 0.0405
  Batch 6000/6019, Loss: 0.0403
Train Loss: 0.0574
Val Loss: 0.3087, Val Macro F1: 0.8307
Per-class F1 scores:
  Class 0: 0.9569
  Class 1: 0.7283 (tonal speech)
  Class 2: 0.8363
  Class 3: 0.5926 (env/music)
  Class 4: 0.9509
  Class 5: 0.9195
Confusion between Similar Classes:
  Class 0→1:  4226 | Class 1→0:  1334
  Class 2→3:  1461 | Class 3→2:  3257
Current learning rate: 0.000147

============================================================
Epoch 32/50
============================================================
  Batch 0/6019, Loss: 0.0701
  Batch 100/6019, Loss: 0.0888
  Batch 200/6019, Loss: 0.0335
  Batch 300/6019, Loss: 0.0302
  Batch 400/6019, Loss: 0.0585
  Batch 500/6019, Loss: 0.0579
  Batch 600/6019, Loss: 0.0418
  Batch 700/6019, Loss: 0.0364
  Batch 800/6019, Loss: 0.0458
  Batch 900/6019, Loss: 0.0488
  Batch 1000/6019, Loss: 0.0736
  Batch 1100/6019, Loss: 0.0459
  Batch 1200/6019, Loss: 0.0574
  Batch 1300/6019, Loss: 0.0465
  Batch 1400/6019, Loss: 0.0591
  Batch 1500/6019, Loss: 0.0511
  Batch 1600/6019, Loss: 0.0710
  Batch 1700/6019, Loss: 0.0856
  Batch 1800/6019, Loss: 0.0501
  Batch 1900/6019, Loss: 0.0650
  Batch 2000/6019, Loss: 0.1430
  Batch 2100/6019, Loss: 0.0534
  Batch 2200/6019, Loss: 0.0598
  Batch 2300/6019, Loss: 0.0660
  Batch 2400/6019, Loss: 0.0640
  Batch 2500/6019, Loss: 0.0394
  Batch 2600/6019, Loss: 0.0467
  Batch 2700/6019, Loss: 0.0563
  Batch 2800/6019, Loss: 0.0631
  Batch 2900/6019, Loss: 0.0824
  Batch 3000/6019, Loss: 0.0461
  Batch 3100/6019, Loss: 0.0418
  Batch 3200/6019, Loss: 0.1003
  Batch 3300/6019, Loss: 0.0647
  Batch 3400/6019, Loss: 0.0743
  Batch 3500/6019, Loss: 0.0663
  Batch 3600/6019, Loss: 0.0569
  Batch 3700/6019, Loss: 0.0420
  Batch 3800/6019, Loss: 0.0490
  Batch 3900/6019, Loss: 0.0489
  Batch 4000/6019, Loss: 0.0433
  Batch 4100/6019, Loss: 0.0590
  Batch 4200/6019, Loss: 0.0565
  Batch 4300/6019, Loss: 0.0425
  Batch 4400/6019, Loss: 0.0527
  Batch 4500/6019, Loss: 0.0528
  Batch 4600/6019, Loss: 0.0570
  Batch 4700/6019, Loss: 0.0303
  Batch 4800/6019, Loss: 0.0474
  Batch 4900/6019, Loss: 0.0534
  Batch 5000/6019, Loss: 0.0728
  Batch 5100/6019, Loss: 0.0381
  Batch 5200/6019, Loss: 0.0711
  Batch 5300/6019, Loss: 0.0501
  Batch 5400/6019, Loss: 0.0600
  Batch 5500/6019, Loss: 0.0672
  Batch 5600/6019, Loss: 0.0510
  Batch 5700/6019, Loss: 0.0627
  Batch 5800/6019, Loss: 0.0894
  Batch 5900/6019, Loss: 0.0556
  Batch 6000/6019, Loss: 0.0761
Train Loss: 0.0566
Val Loss: 0.2814, Val Macro F1: 0.8472
Per-class F1 scores:
  Class 0: 0.9635
  Class 1: 0.7547 (tonal speech)
  Class 2: 0.8329
  Class 3: 0.6323 (env/music)
  Class 4: 0.9682
  Class 5: 0.9316
Confusion between Similar Classes:
  Class 0→1:  3174 | Class 1→0:  1580
  Class 2→3:  1976 | Class 3→2:  2669
Current learning rate: 0.000096
✓ Saved best model with Val F1: 0.8472

============================================================
Epoch 33/50
============================================================
  Batch 0/6019, Loss: 0.0417
  Batch 100/6019, Loss: 0.0519
  Batch 200/6019, Loss: 0.0471
  Batch 300/6019, Loss: 0.0674
  Batch 400/6019, Loss: 0.0609
  Batch 500/6019, Loss: 0.0680
  Batch 600/6019, Loss: 0.0659
  Batch 700/6019, Loss: 0.0568
  Batch 800/6019, Loss: 0.0609
  Batch 900/6019, Loss: 0.0391
  Batch 1000/6019, Loss: 0.0566
  Batch 1100/6019, Loss: 0.0648
  Batch 1200/6019, Loss: 0.0543
  Batch 1300/6019, Loss: 0.0518
  Batch 1400/6019, Loss: 0.0514
  Batch 1500/6019, Loss: 0.0498
  Batch 1600/6019, Loss: 0.0567
  Batch 1700/6019, Loss: 0.0396
  Batch 1800/6019, Loss: 0.0774
  Batch 1900/6019, Loss: 0.0728
  Batch 2000/6019, Loss: 0.0436
  Batch 2100/6019, Loss: 0.0557
  Batch 2200/6019, Loss: 0.0727
  Batch 2300/6019, Loss: 0.0886
  Batch 2400/6019, Loss: 0.0499
  Batch 2500/6019, Loss: 0.0999
  Batch 2600/6019, Loss: 0.0534
  Batch 2700/6019, Loss: 0.0441
  Batch 2800/6019, Loss: 0.0483
  Batch 2900/6019, Loss: 0.0701
  Batch 3000/6019, Loss: 0.0553
  Batch 3100/6019, Loss: 0.0396
  Batch 3200/6019, Loss: 0.0503
  Batch 3300/6019, Loss: 0.0601
  Batch 3400/6019, Loss: 0.0511
  Batch 3500/6019, Loss: 0.0362
  Batch 3600/6019, Loss: 0.0533
  Batch 3700/6019, Loss: 0.0460
  Batch 3800/6019, Loss: 0.1050
  Batch 3900/6019, Loss: 0.0606
  Batch 4000/6019, Loss: 0.0467
  Batch 4100/6019, Loss: 0.0450
  Batch 4200/6019, Loss: 0.0673
  Batch 4300/6019, Loss: 0.0424
  Batch 4400/6019, Loss: 0.0391
  Batch 4500/6019, Loss: 0.0616
  Batch 4600/6019, Loss: 0.0527
  Batch 4700/6019, Loss: 0.0322
  Batch 4800/6019, Loss: 0.0534
  Batch 4900/6019, Loss: 0.0464
  Batch 5000/6019, Loss: 0.0510
  Batch 5100/6019, Loss: 0.0410
  Batch 5200/6019, Loss: 0.0470
  Batch 5300/6019, Loss: 0.0657
  Batch 5400/6019, Loss: 0.0596
  Batch 5500/6019, Loss: 0.0482
  Batch 5600/6019, Loss: 0.0450
  Batch 5700/6019, Loss: 0.0596
  Batch 5800/6019, Loss: 0.0707
  Batch 5900/6019, Loss: 0.0643
  Batch 6000/6019, Loss: 0.0561
Train Loss: 0.0557
Val Loss: 0.2910, Val Macro F1: 0.8425
Per-class F1 scores:
  Class 0: 0.9613
  Class 1: 0.7448 (tonal speech)
  Class 2: 0.8381
  Class 3: 0.6089 (env/music)
  Class 4: 0.9684
  Class 5: 0.9332
Confusion between Similar Classes:
  Class 0→1:  3506 | Class 1→0:  1533
  Class 2→3:  1567 | Class 3→2:  3074
Current learning rate: 0.000055

============================================================
Epoch 34/50
============================================================
  Batch 0/6019, Loss: 0.0368
  Batch 100/6019, Loss: 0.0484
  Batch 200/6019, Loss: 0.0631
  Batch 300/6019, Loss: 0.0693
  Batch 400/6019, Loss: 0.0401
  Batch 500/6019, Loss: 0.0862
  Batch 600/6019, Loss: 0.0650
  Batch 700/6019, Loss: 0.0747
  Batch 800/6019, Loss: 0.0530
  Batch 900/6019, Loss: 0.0562
  Batch 1000/6019, Loss: 0.0595
  Batch 1100/6019, Loss: 0.0583
  Batch 1200/6019, Loss: 0.0611
  Batch 1300/6019, Loss: 0.0484
  Batch 1400/6019, Loss: 0.0544
  Batch 1500/6019, Loss: 0.0400
  Batch 1600/6019, Loss: 0.0469
  Batch 1700/6019, Loss: 0.0400
  Batch 1800/6019, Loss: 0.0728
  Batch 1900/6019, Loss: 0.0383
  Batch 2000/6019, Loss: 0.0914
  Batch 2100/6019, Loss: 0.0468
  Batch 2200/6019, Loss: 0.0754
  Batch 2300/6019, Loss: 0.0573
  Batch 2400/6019, Loss: 0.0539
  Batch 2500/6019, Loss: 0.0708
  Batch 2600/6019, Loss: 0.0549
  Batch 2700/6019, Loss: 0.0853
  Batch 2800/6019, Loss: 0.0392
  Batch 2900/6019, Loss: 0.0353
  Batch 3000/6019, Loss: 0.0459
  Batch 3100/6019, Loss: 0.0427
  Batch 3200/6019, Loss: 0.0377
  Batch 3300/6019, Loss: 0.0503
  Batch 3400/6019, Loss: 0.0533
  Batch 3500/6019, Loss: 0.0582
  Batch 3600/6019, Loss: 0.0399
  Batch 3700/6019, Loss: 0.0528
  Batch 3800/6019, Loss: 0.0468
  Batch 3900/6019, Loss: 0.0487
  Batch 4000/6019, Loss: 0.0793
  Batch 4100/6019, Loss: 0.0575
  Batch 4200/6019, Loss: 0.1146
  Batch 4300/6019, Loss: 0.0490
  Batch 4400/6019, Loss: 0.0389
  Batch 4500/6019, Loss: 0.0536
  Batch 4600/6019, Loss: 0.0555
  Batch 4700/6019, Loss: 0.0632
  Batch 4800/6019, Loss: 0.0407
  Batch 4900/6019, Loss: 0.0621
  Batch 5000/6019, Loss: 0.0573
  Batch 5100/6019, Loss: 0.0417
  Batch 5200/6019, Loss: 0.0394
  Batch 5300/6019, Loss: 0.0290
  Batch 5400/6019, Loss: 0.0508
  Batch 5500/6019, Loss: 0.0761
  Batch 5600/6019, Loss: 0.0682
  Batch 5700/6019, Loss: 0.0417
  Batch 5800/6019, Loss: 0.0485
  Batch 5900/6019, Loss: 0.0712
  Batch 6000/6019, Loss: 0.0849
Train Loss: 0.0549
Val Loss: 0.2878, Val Macro F1: 0.8436
Per-class F1 scores:
  Class 0: 0.9640
  Class 1: 0.7576 (tonal speech)
  Class 2: 0.8361
  Class 3: 0.6148 (env/music)
  Class 4: 0.9642
  Class 5: 0.9249
Confusion between Similar Classes:
  Class 0→1:  3110 | Class 1→0:  1562
  Class 2→3:  1639 | Class 3→2:  2983
Current learning rate: 0.000025

============================================================
Epoch 35/50
============================================================
  Batch 0/6019, Loss: 0.0705
  Batch 100/6019, Loss: 0.0701
  Batch 200/6019, Loss: 0.0482
  Batch 300/6019, Loss: 0.0486
  Batch 400/6019, Loss: 0.0511
  Batch 500/6019, Loss: 0.0414
  Batch 600/6019, Loss: 0.0464
  Batch 700/6019, Loss: 0.0869
  Batch 800/6019, Loss: 0.0540
  Batch 900/6019, Loss: 0.0449
  Batch 1000/6019, Loss: 0.0430
  Batch 1100/6019, Loss: 0.0396
  Batch 1200/6019, Loss: 0.0454
  Batch 1300/6019, Loss: 0.0442
  Batch 1400/6019, Loss: 0.0650
  Batch 1500/6019, Loss: 0.0508
  Batch 1600/6019, Loss: 0.0608
  Batch 1700/6019, Loss: 0.0682
  Batch 1800/6019, Loss: 0.0406
  Batch 1900/6019, Loss: 0.0658
  Batch 2000/6019, Loss: 0.0387
  Batch 2100/6019, Loss: 0.0298
  Batch 2200/6019, Loss: 0.0441
  Batch 2300/6019, Loss: 0.0524
  Batch 2400/6019, Loss: 0.0780
  Batch 2500/6019, Loss: 0.0354
  Batch 2600/6019, Loss: 0.0497
  Batch 2700/6019, Loss: 0.0551
  Batch 2800/6019, Loss: 0.0721
  Batch 2900/6019, Loss: 0.0584
  Batch 3000/6019, Loss: 0.0381
  Batch 3100/6019, Loss: 0.0750
  Batch 3200/6019, Loss: 0.0553
  Batch 3300/6019, Loss: 0.0542
  Batch 3400/6019, Loss: 0.0518
  Batch 3500/6019, Loss: 0.0572
  Batch 3600/6019, Loss: 0.0380
  Batch 3700/6019, Loss: 0.0592
  Batch 3800/6019, Loss: 0.0670
  Batch 3900/6019, Loss: 0.0496
  Batch 4000/6019, Loss: 0.0899
  Batch 4100/6019, Loss: 0.0423
  Batch 4200/6019, Loss: 0.0627
  Batch 4300/6019, Loss: 0.0707
  Batch 4400/6019, Loss: 0.0490
  Batch 4500/6019, Loss: 0.0522
  Batch 4600/6019, Loss: 0.0718
  Batch 4700/6019, Loss: 0.0588
  Batch 4800/6019, Loss: 0.0645
  Batch 4900/6019, Loss: 0.0488
  Batch 5000/6019, Loss: 0.0486
  Batch 5100/6019, Loss: 0.0497
  Batch 5200/6019, Loss: 0.0353
  Batch 5300/6019, Loss: 0.0555
  Batch 5400/6019, Loss: 0.0422
  Batch 5500/6019, Loss: 0.0526
  Batch 5600/6019, Loss: 0.0671
  Batch 5700/6019, Loss: 0.0598
  Batch 5800/6019, Loss: 0.0583
  Batch 5900/6019, Loss: 0.0503
  Batch 6000/6019, Loss: 0.0409
Train Loss: 0.0548
Val Loss: 0.2723, Val Macro F1: 0.8483
Per-class F1 scores:
  Class 0: 0.9677
  Class 1: 0.7696 (tonal speech)
  Class 2: 0.8391
  Class 3: 0.6133 (env/music)
  Class 4: 0.9642
  Class 5: 0.9357
Confusion between Similar Classes:
  Class 0→1:  2384 | Class 1→0:  1832
  Class 2→3:  1585 | Class 3→2:  3037
Current learning rate: 0.000007
✓ Saved best model with Val F1: 0.8483

============================================================
Epoch 36/50
============================================================
  Batch 0/6019, Loss: 0.0646
  Batch 100/6019, Loss: 0.0525
  Batch 200/6019, Loss: 0.0838
  Batch 300/6019, Loss: 0.0545
  Batch 400/6019, Loss: 0.0437
  Batch 500/6019, Loss: 0.0432
  Batch 600/6019, Loss: 0.0443
  Batch 700/6019, Loss: 0.0484
  Batch 800/6019, Loss: 0.0529
  Batch 900/6019, Loss: 0.0634
  Batch 1000/6019, Loss: 0.0448
  Batch 1100/6019, Loss: 0.0712
  Batch 1200/6019, Loss: 0.0460
  Batch 1300/6019, Loss: 0.0500
  Batch 1400/6019, Loss: 0.0527
  Batch 1500/6019, Loss: 0.0516
  Batch 1600/6019, Loss: 0.0586
  Batch 1700/6019, Loss: 0.0721
  Batch 1800/6019, Loss: 0.0675
  Batch 1900/6019, Loss: 0.0641
  Batch 2000/6019, Loss: 0.0653
  Batch 2100/6019, Loss: 0.0549
  Batch 2200/6019, Loss: 0.0466
  Batch 2300/6019, Loss: 0.0422
  Batch 2400/6019, Loss: 0.0533
  Batch 2500/6019, Loss: 0.0437
  Batch 2600/6019, Loss: 0.0625
  Batch 2700/6019, Loss: 0.0918
  Batch 2800/6019, Loss: 0.0494
  Batch 2900/6019, Loss: 0.0435
  Batch 3000/6019, Loss: 0.0496
  Batch 3100/6019, Loss: 0.0659
  Batch 3200/6019, Loss: 0.0592
  Batch 3300/6019, Loss: 0.0643
  Batch 3400/6019, Loss: 0.0610
  Batch 3500/6019, Loss: 0.0470
  Batch 3600/6019, Loss: 0.0755
  Batch 3700/6019, Loss: 0.0886
  Batch 3800/6019, Loss: 0.0693
  Batch 3900/6019, Loss: 0.0549
  Batch 4000/6019, Loss: 0.0544
  Batch 4100/6019, Loss: 0.0308
  Batch 4200/6019, Loss: 0.0509
  Batch 4300/6019, Loss: 0.0429
  Batch 4400/6019, Loss: 0.0685
  Batch 4500/6019, Loss: 0.0530
  Batch 4600/6019, Loss: 0.0540
  Batch 4700/6019, Loss: 0.0354
  Batch 4800/6019, Loss: 0.0550
  Batch 4900/6019, Loss: 0.0422
  Batch 5000/6019, Loss: 0.0500
  Batch 5100/6019, Loss: 0.0663
  Batch 5200/6019, Loss: 0.0650
  Batch 5300/6019, Loss: 0.0559
  Batch 5400/6019, Loss: 0.0488
  Batch 5500/6019, Loss: 0.0326
  Batch 5600/6019, Loss: 0.0517
  Batch 5700/6019, Loss: 0.0500
  Batch 5800/6019, Loss: 0.0319
  Batch 5900/6019, Loss: 0.0548
  Batch 6000/6019, Loss: 0.0607
Train Loss: 0.0543
Val Loss: 0.2833, Val Macro F1: 0.8391
Per-class F1 scores:
  Class 0: 0.9627
  Class 1: 0.7506 (tonal speech)
  Class 2: 0.8404
  Class 3: 0.5819 (env/music)
  Class 4: 0.9694
  Class 5: 0.9298
Confusion between Similar Classes:
  Class 0→1:  3270 | Class 1→0:  1578
  Class 2→3:  1203 | Class 3→2:  3457
Current learning rate: 0.001000

============================================================
Epoch 37/50
============================================================
  Batch 0/6019, Loss: 0.0445
  Batch 100/6019, Loss: 0.0616
  Batch 200/6019, Loss: 0.0740
  Batch 300/6019, Loss: 0.0507
  Batch 400/6019, Loss: 0.0436
  Batch 500/6019, Loss: 0.0672
  Batch 600/6019, Loss: 0.0971
  Batch 700/6019, Loss: 0.0393
  Batch 800/6019, Loss: 0.0425
  Batch 900/6019, Loss: 0.0568
  Batch 1000/6019, Loss: 0.0370
  Batch 1100/6019, Loss: 0.0648
  Batch 1200/6019, Loss: 0.0773
  Batch 1300/6019, Loss: 0.0513
  Batch 1400/6019, Loss: 0.0510
  Batch 1500/6019, Loss: 0.0581
  Batch 1600/6019, Loss: 0.0649
  Batch 1700/6019, Loss: 0.1153
  Batch 1800/6019, Loss: 0.0652
  Batch 1900/6019, Loss: 0.0518
  Batch 2000/6019, Loss: 0.0511
  Batch 2100/6019, Loss: 0.0719
  Batch 2200/6019, Loss: 0.0662
  Batch 2300/6019, Loss: 0.0723
  Batch 2400/6019, Loss: 0.0752
  Batch 2500/6019, Loss: 0.0815
  Batch 2600/6019, Loss: 0.0681
  Batch 2700/6019, Loss: 0.0760
  Batch 2800/6019, Loss: 0.0840
  Batch 2900/6019, Loss: 0.0734
  Batch 3000/6019, Loss: 0.0425
  Batch 3100/6019, Loss: 0.0856
  Batch 3200/6019, Loss: 0.0496
  Batch 3300/6019, Loss: 0.0485
  Batch 3400/6019, Loss: 0.0741
  Batch 3500/6019, Loss: 0.1334
  Batch 3600/6019, Loss: 0.0365
  Batch 3700/6019, Loss: 0.0624
  Batch 3800/6019, Loss: 0.0324
  Batch 3900/6019, Loss: 0.0684
  Batch 4000/6019, Loss: 0.0756
  Batch 4100/6019, Loss: 0.0851
  Batch 4200/6019, Loss: 0.0724
  Batch 4300/6019, Loss: 0.0709
  Batch 4400/6019, Loss: 0.0558
  Batch 4500/6019, Loss: 0.0645
  Batch 4600/6019, Loss: 0.0474
  Batch 4700/6019, Loss: 0.0915
  Batch 4800/6019, Loss: 0.0534
  Batch 4900/6019, Loss: 0.0711
  Batch 5000/6019, Loss: 0.0673
  Batch 5100/6019, Loss: 0.0484
  Batch 5200/6019, Loss: 0.0801
  Batch 5300/6019, Loss: 0.0576
  Batch 5400/6019, Loss: 0.0782
  Batch 5500/6019, Loss: 0.0543
  Batch 5600/6019, Loss: 0.0571
  Batch 5700/6019, Loss: 0.0443
  Batch 5800/6019, Loss: 0.0757
  Batch 5900/6019, Loss: 0.0781
  Batch 6000/6019, Loss: 0.0709
Train Loss: 0.0661
Val Loss: 0.2797, Val Macro F1: 0.8368
Per-class F1 scores:
  Class 0: 0.9647
  Class 1: 0.7605 (tonal speech)
  Class 2: 0.8320
  Class 3: 0.6133 (env/music)
  Class 4: 0.9364
  Class 5: 0.9140
Confusion between Similar Classes:
  Class 0→1:  2994 | Class 1→0:  1598
  Class 2→3:  1791 | Class 3→2:  2890
Current learning rate: 0.000998

============================================================
Epoch 38/50
============================================================
  Batch 0/6019, Loss: 0.0878
  Batch 100/6019, Loss: 0.0555
  Batch 200/6019, Loss: 0.0599
  Batch 300/6019, Loss: 0.0569
  Batch 400/6019, Loss: 0.0693
  Batch 500/6019, Loss: 0.0617
  Batch 600/6019, Loss: 0.0769
  Batch 700/6019, Loss: 0.0644
  Batch 800/6019, Loss: 0.0756
  Batch 900/6019, Loss: 0.0565
  Batch 1000/6019, Loss: 0.0721
  Batch 1100/6019, Loss: 0.0844
  Batch 1200/6019, Loss: 0.0499
  Batch 1300/6019, Loss: 0.0824
  Batch 1400/6019, Loss: 0.0788
  Batch 1500/6019, Loss: 0.0648
  Batch 1600/6019, Loss: 0.1069
  Batch 1700/6019, Loss: 0.0576
  Batch 1800/6019, Loss: 0.1038
  Batch 1900/6019, Loss: 0.0612
  Batch 2000/6019, Loss: 0.0574
  Batch 2100/6019, Loss: 0.0604
  Batch 2200/6019, Loss: 0.0731
  Batch 2300/6019, Loss: 0.0499
  Batch 2400/6019, Loss: 0.0526
  Batch 2500/6019, Loss: 0.0456
  Batch 2600/6019, Loss: 0.1000
  Batch 2700/6019, Loss: 0.0735
  Batch 2800/6019, Loss: 0.0614
  Batch 2900/6019, Loss: 0.0539
  Batch 3000/6019, Loss: 0.0617
  Batch 3100/6019, Loss: 0.0478
  Batch 3200/6019, Loss: 0.0899
  Batch 3300/6019, Loss: 0.0813
  Batch 3400/6019, Loss: 0.0901
  Batch 3500/6019, Loss: 0.0581
  Batch 3600/6019, Loss: 0.0798
  Batch 3700/6019, Loss: 0.0575
  Batch 3800/6019, Loss: 0.0512
  Batch 3900/6019, Loss: 0.0732
  Batch 4000/6019, Loss: 0.0477
  Batch 4100/6019, Loss: 0.0443
  Batch 4200/6019, Loss: 0.0351
  Batch 4300/6019, Loss: 0.0494
  Batch 4400/6019, Loss: 0.0769
  Batch 4500/6019, Loss: 0.0464
  Batch 4600/6019, Loss: 0.0945
  Batch 4700/6019, Loss: 0.0959
  Batch 4800/6019, Loss: 0.0559
  Batch 4900/6019, Loss: 0.0494
  Batch 5000/6019, Loss: 0.0586
  Batch 5100/6019, Loss: 0.0460
  Batch 5200/6019, Loss: 0.0636
  Batch 5300/6019, Loss: 0.0502
  Batch 5400/6019, Loss: 0.0586
  Batch 5500/6019, Loss: 0.0634
  Batch 5600/6019, Loss: 0.0844
  Batch 5700/6019, Loss: 0.0586
  Batch 5800/6019, Loss: 0.0442
  Batch 5900/6019, Loss: 0.0589
  Batch 6000/6019, Loss: 0.0488
Train Loss: 0.0656
Val Loss: 0.3343, Val Macro F1: 0.8185
Per-class F1 scores:
  Class 0: 0.9461
  Class 1: 0.6811 (tonal speech)
  Class 2: 0.8256
  Class 3: 0.6356 (env/music)
  Class 4: 0.9239
  Class 5: 0.8988
Confusion between Similar Classes:
  Class 0→1:  5503 | Class 1→0:  1402
  Class 2→3:  2157 | Class 3→2:  2541
Current learning rate: 0.000994

============================================================
Epoch 39/50
============================================================
  Batch 0/6019, Loss: 0.0453
  Batch 100/6019, Loss: 0.0705
  Batch 200/6019, Loss: 0.0573
  Batch 300/6019, Loss: 0.0515
  Batch 400/6019, Loss: 0.1024
  Batch 500/6019, Loss: 0.0725
  Batch 600/6019, Loss: 0.0481
  Batch 700/6019, Loss: 0.0590
  Batch 800/6019, Loss: 0.0560
  Batch 900/6019, Loss: 0.0747
  Batch 1000/6019, Loss: 0.0596
  Batch 1100/6019, Loss: 0.0632
  Batch 1200/6019, Loss: 0.0662
  Batch 1300/6019, Loss: 0.0624
  Batch 1400/6019, Loss: 0.0637
  Batch 1500/6019, Loss: 0.0655
  Batch 1600/6019, Loss: 0.0670
  Batch 1700/6019, Loss: 0.0845
  Batch 1800/6019, Loss: 0.0557
  Batch 1900/6019, Loss: 0.0692
  Batch 2000/6019, Loss: 0.0637
  Batch 2100/6019, Loss: 0.0523
  Batch 2200/6019, Loss: 0.0680
  Batch 2300/6019, Loss: 0.0441
  Batch 2400/6019, Loss: 0.0841
  Batch 2500/6019, Loss: 0.0725
  Batch 2600/6019, Loss: 0.0541
  Batch 2700/6019, Loss: 0.0499
  Batch 2800/6019, Loss: 0.0568
  Batch 2900/6019, Loss: 0.0766
  Batch 3000/6019, Loss: 0.0625
  Batch 3100/6019, Loss: 0.0593
  Batch 3200/6019, Loss: 0.0583
  Batch 3300/6019, Loss: 0.0389
  Batch 3400/6019, Loss: 0.0736
  Batch 3500/6019, Loss: 0.0637
  Batch 3600/6019, Loss: 0.0614
  Batch 3700/6019, Loss: 0.0575
  Batch 3800/6019, Loss: 0.0598
  Batch 3900/6019, Loss: 0.0544
  Batch 4000/6019, Loss: 0.0736
  Batch 4100/6019, Loss: 0.0665
  Batch 4200/6019, Loss: 0.0733
  Batch 4300/6019, Loss: 0.0480
  Batch 4400/6019, Loss: 0.0858
  Batch 4500/6019, Loss: 0.0637
  Batch 4600/6019, Loss: 0.0663
  Batch 4700/6019, Loss: 0.1177
  Batch 4800/6019, Loss: 0.0563
  Batch 4900/6019, Loss: 0.0625
  Batch 5000/6019, Loss: 0.0608
  Batch 5100/6019, Loss: 0.0690
  Batch 5200/6019, Loss: 0.0933
  Batch 5300/6019, Loss: 0.0603
  Batch 5400/6019, Loss: 0.0690
  Batch 5500/6019, Loss: 0.0572
  Batch 5600/6019, Loss: 0.0665
  Batch 5700/6019, Loss: 0.0506
  Batch 5800/6019, Loss: 0.0601
  Batch 5900/6019, Loss: 0.0699
  Batch 6000/6019, Loss: 0.0743
Train Loss: 0.0653
Val Loss: 0.3112, Val Macro F1: 0.8354
Per-class F1 scores:
  Class 0: 0.9575
  Class 1: 0.7274 (tonal speech)
  Class 2: 0.8266
  Class 3: 0.6291 (env/music)
  Class 4: 0.9541
  Class 5: 0.9177
Confusion between Similar Classes:
  Class 0→1:  3886 | Class 1→0:  1557
  Class 2→3:  2163 | Class 3→2:  2613
Current learning rate: 0.000986

============================================================
Epoch 40/50
============================================================
  Batch 0/6019, Loss: 0.1011
  Batch 100/6019, Loss: 0.0598
  Batch 200/6019, Loss: 0.0446
  Batch 300/6019, Loss: 0.0515
  Batch 400/6019, Loss: 0.0689
  Batch 500/6019, Loss: 0.0353
  Batch 600/6019, Loss: 0.0527
  Batch 700/6019, Loss: 0.0565
  Batch 800/6019, Loss: 0.0849
  Batch 900/6019, Loss: 0.0568
  Batch 1000/6019, Loss: 0.0533
  Batch 1100/6019, Loss: 0.0389
  Batch 1200/6019, Loss: 0.0649
  Batch 1300/6019, Loss: 0.0653
  Batch 1400/6019, Loss: 0.0655
  Batch 1500/6019, Loss: 0.0754
  Batch 1600/6019, Loss: 0.0656
  Batch 1700/6019, Loss: 0.0696
  Batch 1800/6019, Loss: 0.0599
  Batch 1900/6019, Loss: 0.0718
  Batch 2000/6019, Loss: 0.0468
  Batch 2100/6019, Loss: 0.0565
  Batch 2200/6019, Loss: 0.0598
  Batch 2300/6019, Loss: 0.0614
  Batch 2400/6019, Loss: 0.0568
  Batch 2500/6019, Loss: 0.0588
  Batch 2600/6019, Loss: 0.0747
  Batch 2700/6019, Loss: 0.0844
  Batch 2800/6019, Loss: 0.0847
  Batch 2900/6019, Loss: 0.0723
  Batch 3000/6019, Loss: 0.0928
  Batch 3100/6019, Loss: 0.0618
  Batch 3200/6019, Loss: 0.0448
  Batch 3300/6019, Loss: 0.0556
  Batch 3400/6019, Loss: 0.0516
  Batch 3500/6019, Loss: 0.0526
  Batch 3600/6019, Loss: 0.0502
  Batch 3700/6019, Loss: 0.0551
  Batch 3800/6019, Loss: 0.0517
  Batch 3900/6019, Loss: 0.0545
  Batch 4000/6019, Loss: 0.0611
  Batch 4100/6019, Loss: 0.0478
  Batch 4200/6019, Loss: 0.0711
  Batch 4300/6019, Loss: 0.0540
  Batch 4400/6019, Loss: 0.0694
  Batch 4500/6019, Loss: 0.0439
  Batch 4600/6019, Loss: 0.0812
  Batch 4700/6019, Loss: 0.0755
  Batch 4800/6019, Loss: 0.0624
  Batch 4900/6019, Loss: 0.0522
  Batch 5000/6019, Loss: 0.0580
  Batch 5100/6019, Loss: 0.0373
  Batch 5200/6019, Loss: 0.0456
  Batch 5300/6019, Loss: 0.0630
  Batch 5400/6019, Loss: 0.0555
  Batch 5500/6019, Loss: 0.0823
  Batch 5600/6019, Loss: 0.0695
  Batch 5700/6019, Loss: 0.0463
  Batch 5800/6019, Loss: 0.0509
  Batch 5900/6019, Loss: 0.0785
  Batch 6000/6019, Loss: 0.0492
Train Loss: 0.0651
Val Loss: 0.3073, Val Macro F1: 0.8423
Per-class F1 scores:
  Class 0: 0.9677
  Class 1: 0.7659 (tonal speech)
  Class 2: 0.8239
  Class 3: 0.6359 (env/music)
  Class 4: 0.9372
  Class 5: 0.9230
Confusion between Similar Classes:
  Class 0→1:  2226 | Class 1→0:  1999
  Class 2→3:  2353 | Class 3→2:  2434
Current learning rate: 0.000976

============================================================
Epoch 41/50
============================================================
  Batch 0/6019, Loss: 0.0588
  Batch 100/6019, Loss: 0.0731
  Batch 200/6019, Loss: 0.0540
  Batch 300/6019, Loss: 0.0570
  Batch 400/6019, Loss: 0.0769
  Batch 500/6019, Loss: 0.0413
  Batch 600/6019, Loss: 0.0680
  Batch 700/6019, Loss: 0.0956
  Batch 800/6019, Loss: 0.0681
  Batch 900/6019, Loss: 0.0579
  Batch 1000/6019, Loss: 0.0525
  Batch 1100/6019, Loss: 0.0454
  Batch 1200/6019, Loss: 0.0500
  Batch 1300/6019, Loss: 0.0620
  Batch 1400/6019, Loss: 0.0658
  Batch 1500/6019, Loss: 0.0516
  Batch 1600/6019, Loss: 0.0909
  Batch 1700/6019, Loss: 0.0786
  Batch 1800/6019, Loss: 0.0504
  Batch 1900/6019, Loss: 0.0532
  Batch 2000/6019, Loss: 0.0671
  Batch 2100/6019, Loss: 0.0666
  Batch 2200/6019, Loss: 0.0885
  Batch 2300/6019, Loss: 0.0443
  Batch 2400/6019, Loss: 0.0886
  Batch 2500/6019, Loss: 0.0446
  Batch 2600/6019, Loss: 0.0764
  Batch 2700/6019, Loss: 0.0561
  Batch 2800/6019, Loss: 0.0537
  Batch 2900/6019, Loss: 0.0664
  Batch 3000/6019, Loss: 0.0581
  Batch 3100/6019, Loss: 0.0794
  Batch 3200/6019, Loss: 0.0471
  Batch 3300/6019, Loss: 0.0634
  Batch 3400/6019, Loss: 0.0449
  Batch 3500/6019, Loss: 0.0417
  Batch 3600/6019, Loss: 0.0756
  Batch 3700/6019, Loss: 0.0497
  Batch 3800/6019, Loss: 0.0561
  Batch 3900/6019, Loss: 0.0347
  Batch 4000/6019, Loss: 0.0782
  Batch 4100/6019, Loss: 0.0534
  Batch 4200/6019, Loss: 0.0678
  Batch 4300/6019, Loss: 0.0614
  Batch 4400/6019, Loss: 0.0522
  Batch 4500/6019, Loss: 0.0859
  Batch 4600/6019, Loss: 0.0526
  Batch 4700/6019, Loss: 0.0625
  Batch 4800/6019, Loss: 0.0583
  Batch 4900/6019, Loss: 0.0761
  Batch 5000/6019, Loss: 0.0482
  Batch 5100/6019, Loss: 0.0480
  Batch 5200/6019, Loss: 0.0726
  Batch 5300/6019, Loss: 0.0638
  Batch 5400/6019, Loss: 0.0392
  Batch 5500/6019, Loss: 0.0481
  Batch 5600/6019, Loss: 0.0604
  Batch 5700/6019, Loss: 0.0604
  Batch 5800/6019, Loss: 0.0500
  Batch 5900/6019, Loss: 0.0401
  Batch 6000/6019, Loss: 0.0814
Train Loss: 0.0643
Val Loss: 0.3283, Val Macro F1: 0.8267
Per-class F1 scores:
  Class 0: 0.9595
  Class 1: 0.7345 (tonal speech)
  Class 2: 0.8314
  Class 3: 0.5721 (env/music)
  Class 4: 0.9546
  Class 5: 0.9084
Confusion between Similar Classes:
  Class 0→1:  3634 | Class 1→0:  1622
  Class 2→3:  1355 | Class 3→2:  3456
Current learning rate: 0.000962

============================================================
Epoch 42/50
============================================================
  Batch 0/6019, Loss: 0.0837
  Batch 100/6019, Loss: 0.0526
  Batch 200/6019, Loss: 0.1172
  Batch 300/6019, Loss: 0.0767
  Batch 400/6019, Loss: 0.0669
  Batch 500/6019, Loss: 0.0705
  Batch 600/6019, Loss: 0.0538
  Batch 700/6019, Loss: 0.0950
  Batch 800/6019, Loss: 0.0702
  Batch 900/6019, Loss: 0.0559
  Batch 1000/6019, Loss: 0.0599
  Batch 1100/6019, Loss: 0.0566
  Batch 1200/6019, Loss: 0.1071
  Batch 1300/6019, Loss: 0.0350
  Batch 1400/6019, Loss: 0.0691
  Batch 1500/6019, Loss: 0.0721
  Batch 1600/6019, Loss: 0.1477
  Batch 1700/6019, Loss: 0.0437
  Batch 1800/6019, Loss: 0.0528
  Batch 1900/6019, Loss: 0.0443
  Batch 2000/6019, Loss: 0.0628
  Batch 2100/6019, Loss: 0.0607
  Batch 2200/6019, Loss: 0.0483
  Batch 2300/6019, Loss: 0.0843
  Batch 2400/6019, Loss: 0.0454
  Batch 2500/6019, Loss: 0.0577
  Batch 2600/6019, Loss: 0.0302
  Batch 2700/6019, Loss: 0.0677
  Batch 2800/6019, Loss: 0.0527
  Batch 2900/6019, Loss: 0.0415
  Batch 3000/6019, Loss: 0.0710
  Batch 3100/6019, Loss: 0.0709
  Batch 3200/6019, Loss: 0.0528
  Batch 3300/6019, Loss: 0.0417
  Batch 3400/6019, Loss: 0.0669
  Batch 3500/6019, Loss: 0.0559
  Batch 3600/6019, Loss: 0.0487
  Batch 3700/6019, Loss: 0.0329
  Batch 3800/6019, Loss: 0.0639
  Batch 3900/6019, Loss: 0.0406
  Batch 4000/6019, Loss: 0.0473
  Batch 4100/6019, Loss: 0.0470
  Batch 4200/6019, Loss: 0.0476
  Batch 4300/6019, Loss: 0.0496
  Batch 4400/6019, Loss: 0.1079
  Batch 4500/6019, Loss: 0.0456
  Batch 4600/6019, Loss: 0.0701
  Batch 4700/6019, Loss: 0.0560
  Batch 4800/6019, Loss: 0.0850
  Batch 4900/6019, Loss: 0.0630
  Batch 5000/6019, Loss: 0.0679
  Batch 5100/6019, Loss: 0.0501
  Batch 5200/6019, Loss: 0.0653
  Batch 5300/6019, Loss: 0.0602
  Batch 5400/6019, Loss: 0.0498
  Batch 5500/6019, Loss: 0.0555
  Batch 5600/6019, Loss: 0.0644
  Batch 5700/6019, Loss: 0.0647
  Batch 5800/6019, Loss: 0.0676
  Batch 5900/6019, Loss: 0.0632
  Batch 6000/6019, Loss: 0.0650
Train Loss: 0.0639
Val Loss: 0.2888, Val Macro F1: 0.8309
Per-class F1 scores:
  Class 0: 0.9688
  Class 1: 0.7710 (tonal speech)
  Class 2: 0.8321
  Class 3: 0.5296 (env/music)
  Class 4: 0.9628
  Class 5: 0.9212
Confusion between Similar Classes:
  Class 0→1:  1914 | Class 1→0:  2096
  Class 2→3:  1072 | Class 3→2:  3895
Current learning rate: 0.000946

============================================================
Epoch 43/50
============================================================
  Batch 0/6019, Loss: 0.0721
  Batch 100/6019, Loss: 0.0745
  Batch 200/6019, Loss: 0.0481
  Batch 300/6019, Loss: 0.0561
  Batch 400/6019, Loss: 0.0613
  Batch 500/6019, Loss: 0.0721
  Batch 600/6019, Loss: 0.0500
  Batch 700/6019, Loss: 0.0518
  Batch 800/6019, Loss: 0.0404
  Batch 900/6019, Loss: 0.0481
  Batch 1000/6019, Loss: 0.0462
  Batch 1100/6019, Loss: 0.0700
  Batch 1200/6019, Loss: 0.0587
  Batch 1300/6019, Loss: 0.0554
  Batch 1400/6019, Loss: 0.0594
  Batch 1500/6019, Loss: 0.0478
  Batch 1600/6019, Loss: 0.0490
  Batch 1700/6019, Loss: 0.0438
  Batch 1800/6019, Loss: 0.0530
  Batch 1900/6019, Loss: 0.0622
  Batch 2000/6019, Loss: 0.0702
  Batch 2100/6019, Loss: 0.0758
  Batch 2200/6019, Loss: 0.0552
  Batch 2300/6019, Loss: 0.0770
  Batch 2400/6019, Loss: 0.0551
  Batch 2500/6019, Loss: 0.0927
  Batch 2600/6019, Loss: 0.0462
  Batch 2700/6019, Loss: 0.0519
  Batch 2800/6019, Loss: 0.0584
  Batch 2900/6019, Loss: 0.0499
  Batch 3000/6019, Loss: 0.0736
  Batch 3100/6019, Loss: 0.0522
  Batch 3200/6019, Loss: 0.0547
  Batch 3300/6019, Loss: 0.0656
  Batch 3400/6019, Loss: 0.0701
  Batch 3500/6019, Loss: 0.0762
  Batch 3600/6019, Loss: 0.0652
  Batch 3700/6019, Loss: 0.0938
  Batch 3800/6019, Loss: 0.0762
  Batch 3900/6019, Loss: 0.0680
  Batch 4000/6019, Loss: 0.0727
  Batch 4100/6019, Loss: 0.0751
  Batch 4200/6019, Loss: 0.0435
  Batch 4300/6019, Loss: 0.0872
  Batch 4400/6019, Loss: 0.0632
  Batch 4500/6019, Loss: 0.0531
  Batch 4600/6019, Loss: 0.0584
  Batch 4700/6019, Loss: 0.0516
  Batch 4800/6019, Loss: 0.0792
  Batch 4900/6019, Loss: 0.0545
  Batch 5000/6019, Loss: 0.0554
  Batch 5100/6019, Loss: 0.0450
  Batch 5200/6019, Loss: 0.0449
  Batch 5300/6019, Loss: 0.0623
  Batch 5400/6019, Loss: 0.0546
  Batch 5500/6019, Loss: 0.0864
  Batch 5600/6019, Loss: 0.0681
  Batch 5700/6019, Loss: 0.0625
  Batch 5800/6019, Loss: 0.0685
  Batch 5900/6019, Loss: 0.0614
  Batch 6000/6019, Loss: 0.0620
Train Loss: 0.0637
Val Loss: 0.3233, Val Macro F1: 0.8426
Per-class F1 scores:
  Class 0: 0.9656
  Class 1: 0.7578 (tonal speech)
  Class 2: 0.8208
  Class 3: 0.6398 (env/music)
  Class 4: 0.9402
  Class 5: 0.9315
Confusion between Similar Classes:
  Class 0→1:  2608 | Class 1→0:  1882
  Class 2→3:  2498 | Class 3→2:  2367
Current learning rate: 0.000926

============================================================
Epoch 44/50
============================================================
  Batch 0/6019, Loss: 0.0665
  Batch 100/6019, Loss: 0.0483
  Batch 200/6019, Loss: 0.0593
  Batch 300/6019, Loss: 0.0938
  Batch 400/6019, Loss: 0.0475
  Batch 500/6019, Loss: 0.0539
  Batch 600/6019, Loss: 0.0740
  Batch 700/6019, Loss: 0.0716
  Batch 800/6019, Loss: 0.0632
  Batch 900/6019, Loss: 0.0636
  Batch 1000/6019, Loss: 0.0588
  Batch 1100/6019, Loss: 0.0758
  Batch 1200/6019, Loss: 0.0614
  Batch 1300/6019, Loss: 0.0352
  Batch 1400/6019, Loss: 0.0556
  Batch 1500/6019, Loss: 0.0618
  Batch 1600/6019, Loss: 0.1187
  Batch 1700/6019, Loss: 0.0522
  Batch 1800/6019, Loss: 0.0510
  Batch 1900/6019, Loss: 0.0460
  Batch 2000/6019, Loss: 0.0601
  Batch 2100/6019, Loss: 0.0489
  Batch 2200/6019, Loss: 0.0652
  Batch 2300/6019, Loss: 0.0599
  Batch 2400/6019, Loss: 0.0580
  Batch 2500/6019, Loss: 0.0454
  Batch 2600/6019, Loss: 0.0452
  Batch 2700/6019, Loss: 0.0480
  Batch 2800/6019, Loss: 0.0621
  Batch 2900/6019, Loss: 0.0514
  Batch 3000/6019, Loss: 0.0905
  Batch 3100/6019, Loss: 0.0541
  Batch 3200/6019, Loss: 0.0570
  Batch 3300/6019, Loss: 0.0509
  Batch 3400/6019, Loss: 0.0710
  Batch 3500/6019, Loss: 0.0524
  Batch 3600/6019, Loss: 0.0812
  Batch 3700/6019, Loss: 0.0728
  Batch 3800/6019, Loss: 0.1041
  Batch 3900/6019, Loss: 0.0763
  Batch 4000/6019, Loss: 0.0724
  Batch 4100/6019, Loss: 0.0771
  Batch 4200/6019, Loss: 0.0699
  Batch 4300/6019, Loss: 0.0477
  Batch 4400/6019, Loss: 0.0775
  Batch 4500/6019, Loss: 0.0779
  Batch 4600/6019, Loss: 0.0666
  Batch 4700/6019, Loss: 0.0643
  Batch 4800/6019, Loss: 0.0753
  Batch 4900/6019, Loss: 0.0345
  Batch 5000/6019, Loss: 0.0601
  Batch 5100/6019, Loss: 0.0616
  Batch 5200/6019, Loss: 0.0445
  Batch 5300/6019, Loss: 0.0535
  Batch 5400/6019, Loss: 0.0551
  Batch 5500/6019, Loss: 0.0709
  Batch 5600/6019, Loss: 0.0853
  Batch 5700/6019, Loss: 0.0734
  Batch 5800/6019, Loss: 0.0634
  Batch 5900/6019, Loss: 0.0733
  Batch 6000/6019, Loss: 0.0731
Train Loss: 0.0629
Val Loss: 0.3386, Val Macro F1: 0.8303
Per-class F1 scores:
  Class 0: 0.9599
  Class 1: 0.7295 (tonal speech)
  Class 2: 0.8324
  Class 3: 0.5844 (env/music)
  Class 4: 0.9532
  Class 5: 0.9224
Confusion between Similar Classes:
  Class 0→1:  3332 | Class 1→0:  1876
  Class 2→3:  1533 | Class 3→2:  3271
Current learning rate: 0.000905

============================================================
Epoch 45/50
============================================================
  Batch 0/6019, Loss: 0.0476
  Batch 100/6019, Loss: 0.0740
  Batch 200/6019, Loss: 0.0634
  Batch 300/6019, Loss: 0.0770
  Batch 400/6019, Loss: 0.0516
  Batch 500/6019, Loss: 0.0635
  Batch 600/6019, Loss: 0.0565
  Batch 700/6019, Loss: 0.0556
  Batch 800/6019, Loss: 0.0658
  Batch 900/6019, Loss: 0.0617
  Batch 1000/6019, Loss: 0.0701
  Batch 1100/6019, Loss: 0.0771
  Batch 1200/6019, Loss: 0.0827
  Batch 1300/6019, Loss: 0.0771
  Batch 1400/6019, Loss: 0.0723
  Batch 1500/6019, Loss: 0.0699
  Batch 1600/6019, Loss: 0.0437
  Batch 1700/6019, Loss: 0.0627
  Batch 1800/6019, Loss: 0.0668
  Batch 1900/6019, Loss: 0.0407
  Batch 2000/6019, Loss: 0.0808
  Batch 2100/6019, Loss: 0.0800
  Batch 2200/6019, Loss: 0.0653
  Batch 2300/6019, Loss: 0.0504
  Batch 2400/6019, Loss: 0.0800
  Batch 2500/6019, Loss: 0.0576
  Batch 2600/6019, Loss: 0.0532
  Batch 2700/6019, Loss: 0.0576
  Batch 2800/6019, Loss: 0.0633
  Batch 2900/6019, Loss: 0.0532
  Batch 3000/6019, Loss: 0.0648
  Batch 3100/6019, Loss: 0.0437
  Batch 3200/6019, Loss: 0.0476
  Batch 3300/6019, Loss: 0.0681
  Batch 3400/6019, Loss: 0.0509
  Batch 3500/6019, Loss: 0.0339
  Batch 3600/6019, Loss: 0.0453
  Batch 3700/6019, Loss: 0.0733
  Batch 3800/6019, Loss: 0.0608
  Batch 3900/6019, Loss: 0.0617
  Batch 4000/6019, Loss: 0.0688
  Batch 4100/6019, Loss: 0.0567
  Batch 4200/6019, Loss: 0.0644
  Batch 4300/6019, Loss: 0.0557
  Batch 4400/6019, Loss: 0.0835
  Batch 4500/6019, Loss: 0.0593
  Batch 4600/6019, Loss: 0.0662
  Batch 4700/6019, Loss: 0.0622
  Batch 4800/6019, Loss: 0.0689
  Batch 4900/6019, Loss: 0.0696
  Batch 5000/6019, Loss: 0.0603
  Batch 5100/6019, Loss: 0.0703
  Batch 5200/6019, Loss: 0.0745
  Batch 5300/6019, Loss: 0.0770
  Batch 5400/6019, Loss: 0.0647
  Batch 5500/6019, Loss: 0.0640
  Batch 5600/6019, Loss: 0.0547
  Batch 5700/6019, Loss: 0.0552
  Batch 5800/6019, Loss: 0.0572
  Batch 5900/6019, Loss: 0.0689
  Batch 6000/6019, Loss: 0.0641
Train Loss: 0.0625
Val Loss: 0.3051, Val Macro F1: 0.8327
Per-class F1 scores:
  Class 0: 0.9652
  Class 1: 0.7603 (tonal speech)
  Class 2: 0.8376
  Class 3: 0.5764 (env/music)
  Class 4: 0.9354
  Class 5: 0.9214
Confusion between Similar Classes:
  Class 0→1:  2813 | Class 1→0:  1707
  Class 2→3:  1254 | Class 3→2:  3461
Current learning rate: 0.000880

============================================================
Epoch 46/50
============================================================
  Batch 0/6019, Loss: 0.0555
  Batch 100/6019, Loss: 0.0552
  Batch 200/6019, Loss: 0.0613
  Batch 300/6019, Loss: 0.0534
  Batch 400/6019, Loss: 0.0917
  Batch 500/6019, Loss: 0.0528
  Batch 600/6019, Loss: 0.0454
  Batch 700/6019, Loss: 0.0605
  Batch 800/6019, Loss: 0.0421
  Batch 900/6019, Loss: 0.0664
  Batch 1000/6019, Loss: 0.0627
  Batch 1100/6019, Loss: 0.0730
  Batch 1200/6019, Loss: 0.0781
  Batch 1300/6019, Loss: 0.0669
  Batch 1400/6019, Loss: 0.0748
  Batch 1500/6019, Loss: 0.0741
  Batch 1600/6019, Loss: 0.0789
  Batch 1700/6019, Loss: 0.0487
  Batch 1800/6019, Loss: 0.0586
  Batch 1900/6019, Loss: 0.0565
  Batch 2000/6019, Loss: 0.0611
  Batch 2100/6019, Loss: 0.0522
  Batch 2200/6019, Loss: 0.0580
  Batch 2300/6019, Loss: 0.0483
  Batch 2400/6019, Loss: 0.0611
  Batch 2500/6019, Loss: 0.0803
  Batch 2600/6019, Loss: 0.0578
  Batch 2700/6019, Loss: 0.0808
  Batch 2800/6019, Loss: 0.0981
  Batch 2900/6019, Loss: 0.0538
  Batch 3000/6019, Loss: 0.0612
  Batch 3100/6019, Loss: 0.0543
  Batch 3200/6019, Loss: 0.0420
  Batch 3300/6019, Loss: 0.0460
  Batch 3400/6019, Loss: 0.0919
  Batch 3500/6019, Loss: 0.0596
  Batch 3600/6019, Loss: 0.0586
  Batch 3700/6019, Loss: 0.0648
  Batch 3800/6019, Loss: 0.0448
  Batch 3900/6019, Loss: 0.0440
  Batch 4000/6019, Loss: 0.0745
  Batch 4100/6019, Loss: 0.0487
  Batch 4200/6019, Loss: 0.0549
  Batch 4300/6019, Loss: 0.0809
  Batch 4400/6019, Loss: 0.0469
  Batch 4500/6019, Loss: 0.0433
  Batch 4600/6019, Loss: 0.0948
  Batch 4700/6019, Loss: 0.0471
  Batch 4800/6019, Loss: 0.0796
  Batch 4900/6019, Loss: 0.0535
  Batch 5000/6019, Loss: 0.0861
  Batch 5100/6019, Loss: 0.0492
  Batch 5200/6019, Loss: 0.0603
  Batch 5300/6019, Loss: 0.0591
  Batch 5400/6019, Loss: 0.0474
  Batch 5500/6019, Loss: 0.0658
  Batch 5600/6019, Loss: 0.0515
  Batch 5700/6019, Loss: 0.0594
  Batch 5800/6019, Loss: 0.0696
  Batch 5900/6019, Loss: 0.0652
  Batch 6000/6019, Loss: 0.0624
Train Loss: 0.0619
Val Loss: 0.2814, Val Macro F1: 0.8184
Per-class F1 scores:
  Class 0: 0.9697
  Class 1: 0.7740 (tonal speech)
  Class 2: 0.8355
  Class 3: 0.4465 (env/music)
  Class 4: 0.9545
  Class 5: 0.9300
Confusion between Similar Classes:
  Class 0→1:  1893 | Class 1→0:  2088
  Class 2→3:   493 | Class 3→2:  4645
Current learning rate: 0.000854

============================================================
Epoch 47/50
============================================================
  Batch 0/6019, Loss: 0.0637
  Batch 100/6019, Loss: 0.0509
  Batch 200/6019, Loss: 0.0607
  Batch 300/6019, Loss: 0.0627
  Batch 400/6019, Loss: 0.0434
  Batch 500/6019, Loss: 0.0525
  Batch 600/6019, Loss: 0.0508
  Batch 700/6019, Loss: 0.0485
  Batch 800/6019, Loss: 0.0454
  Batch 900/6019, Loss: 0.0750
  Batch 1000/6019, Loss: 0.0560
  Batch 1100/6019, Loss: 0.0558
  Batch 1200/6019, Loss: 0.0671
  Batch 1300/6019, Loss: 0.0353
  Batch 1400/6019, Loss: 0.0660
  Batch 1500/6019, Loss: 0.0478
  Batch 1600/6019, Loss: 0.0529
  Batch 1700/6019, Loss: 0.0642
  Batch 1800/6019, Loss: 0.0625
  Batch 1900/6019, Loss: 0.0646
  Batch 2000/6019, Loss: 0.0473
  Batch 2100/6019, Loss: 0.0727
  Batch 2200/6019, Loss: 0.0551
  Batch 2300/6019, Loss: 0.0454
  Batch 2400/6019, Loss: 0.0924
  Batch 2500/6019, Loss: 0.0791
  Batch 2600/6019, Loss: 0.0522
  Batch 2700/6019, Loss: 0.1443
  Batch 2800/6019, Loss: 0.0670
  Batch 2900/6019, Loss: 0.0669
  Batch 3000/6019, Loss: 0.0528
  Batch 3100/6019, Loss: 0.0528
  Batch 3200/6019, Loss: 0.0580
  Batch 3300/6019, Loss: 0.0610
  Batch 3400/6019, Loss: 0.0410
  Batch 3500/6019, Loss: 0.0544
  Batch 3600/6019, Loss: 0.0526
  Batch 3700/6019, Loss: 0.0545
  Batch 3800/6019, Loss: 0.0645
  Batch 3900/6019, Loss: 0.0579
  Batch 4000/6019, Loss: 0.0623
  Batch 4100/6019, Loss: 0.0609
  Batch 4200/6019, Loss: 0.0587
  Batch 4300/6019, Loss: 0.0549
  Batch 4400/6019, Loss: 0.0567
  Batch 4500/6019, Loss: 0.0573
  Batch 4600/6019, Loss: 0.0629
  Batch 4700/6019, Loss: 0.0594
  Batch 4800/6019, Loss: 0.0452
  Batch 4900/6019, Loss: 0.0541
  Batch 5000/6019, Loss: 0.0694
  Batch 5100/6019, Loss: 0.0680
  Batch 5200/6019, Loss: 0.0964
  Batch 5300/6019, Loss: 0.0747
  Batch 5400/6019, Loss: 0.0651
  Batch 5500/6019, Loss: 0.0717
  Batch 5600/6019, Loss: 0.0700
  Batch 5700/6019, Loss: 0.0789
  Batch 5800/6019, Loss: 0.1050
  Batch 5900/6019, Loss: 0.0772
  Batch 6000/6019, Loss: 0.0947
Train Loss: 0.0614
Val Loss: 0.3143, Val Macro F1: 0.8411
Per-class F1 scores:
  Class 0: 0.9639
  Class 1: 0.7529 (tonal speech)
  Class 2: 0.8178
  Class 3: 0.6371 (env/music)
  Class 4: 0.9521
  Class 5: 0.9231
Confusion between Similar Classes:
  Class 0→1:  3026 | Class 1→0:  1684
  Class 2→3:  2510 | Class 3→2:  2381
Current learning rate: 0.000825

============================================================
Epoch 48/50
============================================================
  Batch 0/6019, Loss: 0.0742
  Batch 100/6019, Loss: 0.0570
  Batch 200/6019, Loss: 0.0456
  Batch 300/6019, Loss: 0.0849
  Batch 400/6019, Loss: 0.0607
  Batch 500/6019, Loss: 0.0621
  Batch 600/6019, Loss: 0.0931
  Batch 700/6019, Loss: 0.0549
  Batch 800/6019, Loss: 0.0666
  Batch 900/6019, Loss: 0.0452
  Batch 1000/6019, Loss: 0.0660
  Batch 1100/6019, Loss: 0.0400
  Batch 1200/6019, Loss: 0.0682
  Batch 1300/6019, Loss: 0.0437
  Batch 1400/6019, Loss: 0.0671
  Batch 1500/6019, Loss: 0.0602
  Batch 1600/6019, Loss: 0.0653
  Batch 1700/6019, Loss: 0.0760
  Batch 1800/6019, Loss: 0.0619
  Batch 1900/6019, Loss: 0.1034
  Batch 2000/6019, Loss: 0.0759
  Batch 2100/6019, Loss: 0.0572
  Batch 2200/6019, Loss: 0.0606
  Batch 2300/6019, Loss: 0.0461
  Batch 2400/6019, Loss: 0.0473
  Batch 2500/6019, Loss: 0.0605
  Batch 2600/6019, Loss: 0.0494
  Batch 2700/6019, Loss: 0.0823
  Batch 2800/6019, Loss: 0.0636
  Batch 2900/6019, Loss: 0.0614
  Batch 3000/6019, Loss: 0.0622
  Batch 3100/6019, Loss: 0.0514
  Batch 3200/6019, Loss: 0.0494
  Batch 3300/6019, Loss: 0.0773
  Batch 3400/6019, Loss: 0.0531
  Batch 3500/6019, Loss: 0.0734
  Batch 3600/6019, Loss: 0.0398
  Batch 3700/6019, Loss: 0.0698
  Batch 3800/6019, Loss: 0.0589
  Batch 3900/6019, Loss: 0.0617
  Batch 4000/6019, Loss: 0.0455
  Batch 4100/6019, Loss: 0.0547
  Batch 4200/6019, Loss: 0.0603
  Batch 4300/6019, Loss: 0.0686
  Batch 4400/6019, Loss: 0.0763
  Batch 4500/6019, Loss: 0.0833
  Batch 4600/6019, Loss: 0.0419
  Batch 4700/6019, Loss: 0.0551
  Batch 4800/6019, Loss: 0.0643
  Batch 4900/6019, Loss: 0.0586
  Batch 5000/6019, Loss: 0.0593
  Batch 5100/6019, Loss: 0.0649
  Batch 5200/6019, Loss: 0.0759
  Batch 5300/6019, Loss: 0.0448
  Batch 5400/6019, Loss: 0.0591
  Batch 5500/6019, Loss: 0.0433
  Batch 5600/6019, Loss: 0.0594
  Batch 5700/6019, Loss: 0.1222
  Batch 5800/6019, Loss: 0.0601
  Batch 5900/6019, Loss: 0.0507
  Batch 6000/6019, Loss: 0.0491
Train Loss: 0.0610
Val Loss: 0.2934, Val Macro F1: 0.8417
Per-class F1 scores:
  Class 0: 0.9572
  Class 1: 0.7294 (tonal speech)
  Class 2: 0.8155
  Class 3: 0.6594 (env/music)
  Class 4: 0.9539
  Class 5: 0.9350
Confusion between Similar Classes:
  Class 0→1:  4121 | Class 1→0:  1418
  Class 2→3:  2922 | Class 3→2:  1971
Current learning rate: 0.000794

============================================================
Epoch 49/50
============================================================
  Batch 0/6019, Loss: 0.0510
  Batch 100/6019, Loss: 0.0435
  Batch 200/6019, Loss: 0.0382
  Batch 300/6019, Loss: 0.0367
  Batch 400/6019, Loss: 0.0516
  Batch 500/6019, Loss: 0.0591
  Batch 600/6019, Loss: 0.0621
  Batch 700/6019, Loss: 0.0610
  Batch 800/6019, Loss: 0.0633
  Batch 900/6019, Loss: 0.0974
  Batch 1000/6019, Loss: 0.0443
  Batch 1100/6019, Loss: 0.0331
  Batch 1200/6019, Loss: 0.0698
  Batch 1300/6019, Loss: 0.0509
  Batch 1400/6019, Loss: 0.0468
  Batch 1500/6019, Loss: 0.0548
  Batch 1600/6019, Loss: 0.1073
  Batch 1700/6019, Loss: 0.0481
  Batch 1800/6019, Loss: 0.0665
  Batch 1900/6019, Loss: 0.0721
  Batch 2000/6019, Loss: 0.0799
  Batch 2100/6019, Loss: 0.0581
  Batch 2200/6019, Loss: 0.0652
  Batch 2300/6019, Loss: 0.0536
  Batch 2400/6019, Loss: 0.0515
  Batch 2500/6019, Loss: 0.0454
  Batch 2600/6019, Loss: 0.0580
  Batch 2700/6019, Loss: 0.0460
  Batch 2800/6019, Loss: 0.0814
  Batch 2900/6019, Loss: 0.0673
  Batch 3000/6019, Loss: 0.0580
  Batch 3100/6019, Loss: 0.0539
  Batch 3200/6019, Loss: 0.0534
  Batch 3300/6019, Loss: 0.0698
  Batch 3400/6019, Loss: 0.0601
  Batch 3500/6019, Loss: 0.0733
  Batch 3600/6019, Loss: 0.0700
  Batch 3700/6019, Loss: 0.0443
  Batch 3800/6019, Loss: 0.0596
  Batch 3900/6019, Loss: 0.0509
  Batch 4000/6019, Loss: 0.0488
  Batch 4100/6019, Loss: 0.0474
  Batch 4200/6019, Loss: 0.0505
  Batch 4300/6019, Loss: 0.0587
  Batch 4400/6019, Loss: 0.0622
  Batch 4500/6019, Loss: 0.0730
  Batch 4600/6019, Loss: 0.0821
  Batch 4700/6019, Loss: 0.0654
  Batch 4800/6019, Loss: 0.0479
  Batch 4900/6019, Loss: 0.0967
  Batch 5000/6019, Loss: 0.0494
  Batch 5100/6019, Loss: 0.0631
  Batch 5200/6019, Loss: 0.0810
  Batch 5300/6019, Loss: 0.0317
  Batch 5400/6019, Loss: 0.0573
  Batch 5500/6019, Loss: 0.0651
  Batch 5600/6019, Loss: 0.0385
  Batch 5700/6019, Loss: 0.0553
  Batch 5800/6019, Loss: 0.0629
  Batch 5900/6019, Loss: 0.0369
  Batch 6000/6019, Loss: 0.0490
Train Loss: 0.0605
Val Loss: 0.3002, Val Macro F1: 0.8465
Per-class F1 scores:
  Class 0: 0.9678
  Class 1: 0.7701 (tonal speech)
  Class 2: 0.8120
  Class 3: 0.6475 (env/music)
  Class 4: 0.9611
  Class 5: 0.9206
Confusion between Similar Classes:
  Class 0→1:  2334 | Class 1→0:  1864
  Class 2→3:  2768 | Class 3→2:  2144
Current learning rate: 0.000761

============================================================
Epoch 50/50
============================================================
  Batch 0/6019, Loss: 0.0778
  Batch 100/6019, Loss: 0.0464
  Batch 200/6019, Loss: 0.0519
  Batch 300/6019, Loss: 0.0562
  Batch 400/6019, Loss: 0.0502
  Batch 500/6019, Loss: 0.0931
  Batch 600/6019, Loss: 0.0852
  Batch 700/6019, Loss: 0.0419
  Batch 800/6019, Loss: 0.0626
  Batch 900/6019, Loss: 0.0424
  Batch 1000/6019, Loss: 0.0600
  Batch 1100/6019, Loss: 0.0689
  Batch 1200/6019, Loss: 0.0476
  Batch 1300/6019, Loss: 0.0364
  Batch 1400/6019, Loss: 0.0633
  Batch 1500/6019, Loss: 0.0629
  Batch 1600/6019, Loss: 0.0424
  Batch 1700/6019, Loss: 0.0707
  Batch 1800/6019, Loss: 0.0440
  Batch 1900/6019, Loss: 0.0567
  Batch 2000/6019, Loss: 0.0751
  Batch 2100/6019, Loss: 0.0477
  Batch 2200/6019, Loss: 0.0482
  Batch 2300/6019, Loss: 0.0393
  Batch 2400/6019, Loss: 0.0526
  Batch 2500/6019, Loss: 0.0776
  Batch 2600/6019, Loss: 0.0529
  Batch 2700/6019, Loss: 0.0728
  Batch 2800/6019, Loss: 0.0523
  Batch 2900/6019, Loss: 0.0429
  Batch 3000/6019, Loss: 0.0525
  Batch 3100/6019, Loss: 0.0453
  Batch 3200/6019, Loss: 0.0546
  Batch 3300/6019, Loss: 0.0347
  Batch 3400/6019, Loss: 0.0801
  Batch 3500/6019, Loss: 0.0565
  Batch 3600/6019, Loss: 0.0569
  Batch 3700/6019, Loss: 0.0450
  Batch 3800/6019, Loss: 0.0367
  Batch 3900/6019, Loss: 0.0322
  Batch 4000/6019, Loss: 0.0499
  Batch 4100/6019, Loss: 0.0429
  Batch 4200/6019, Loss: 0.0560
  Batch 4300/6019, Loss: 0.0938
  Batch 4400/6019, Loss: 0.0975
  Batch 4500/6019, Loss: 0.0545
  Batch 4600/6019, Loss: 0.0695
  Batch 4700/6019, Loss: 0.0538
  Batch 4800/6019, Loss: 0.0720
  Batch 4900/6019, Loss: 0.0565
  Batch 5000/6019, Loss: 0.0685
  Batch 5100/6019, Loss: 0.0785
  Batch 5200/6019, Loss: 0.0679
  Batch 5300/6019, Loss: 0.0388
  Batch 5400/6019, Loss: 0.0573
  Batch 5500/6019, Loss: 0.0709
  Batch 5600/6019, Loss: 0.0707
  Batch 5700/6019, Loss: 0.0430
  Batch 5800/6019, Loss: 0.0601
  Batch 5900/6019, Loss: 0.0506
  Batch 6000/6019, Loss: 0.0516
Train Loss: 0.0597
Val Loss: 0.2859, Val Macro F1: 0.8409
Per-class F1 scores:
  Class 0: 0.9628
  Class 1: 0.7519 (tonal speech)
  Class 2: 0.8296
  Class 3: 0.6150 (env/music)
  Class 4: 0.9541
  Class 5: 0.9321
Confusion between Similar Classes:
  Class 0→1:  3261 | Class 1→0:  1567
  Class 2→3:  1924 | Class 3→2:  2917
Current learning rate: 0.000727

============================================================
Training completed! Best Val F1: 0.8483
============================================================

============================================================
Final evaluation on test set...
============================================================
Traceback (most recent call last):
  File "/vast/ac8888/MusicSpeech-STM/STMasm_enhanced3.py", line 747, in <module>
    checkpoint = torch.load(os.path.join(checkpoint_dir, 'best_model.pt'))
  File "/ext3/miniconda3/lib/python3.13/site-packages/torch/serialization.py", line 1529, in load
    raise pickle.UnpicklingError(_get_wo_message(str(e))) from None
_pickle.UnpicklingError: Weights only load failed. This file can still be loaded, to do so you have two options, [1mdo those steps only if you trust the source of the checkpoint[0m. 
	(1) In PyTorch 2.6, we changed the default value of the `weights_only` argument in `torch.load` from `False` to `True`. Re-running `torch.load` with `weights_only` set to `False` will likely succeed, but it can result in arbitrary code execution. Do it only if you got the file from a trusted source.
	(2) Alternatively, to load with `weights_only=True` please check the recommended steps in the following error message.
	WeightsUnpickler error: Unsupported global: GLOBAL numpy._core.multiarray._reconstruct was not an allowed global by default. Please use `torch.serialization.add_safe_globals([numpy._core.multiarray._reconstruct])` or the `torch.serialization.safe_globals([numpy._core.multiarray._reconstruct])` context manager to allowlist this global if you trust this class/function.

Check the documentation of torch.load to learn more about types accepted by default with weights_only https://pytorch.org/docs/stable/generated/torch.load.html.
