Using device: cuda
Mode 0: Standard training with confusion-aware improvements
Checkpoint directory: model/STM/ASM_Enhanced2_corpora_categories/standard/ckpt/2026-01-19_22-04

============================================================
Loading and preparing data...
============================================================
Loaded: /vast-ac8888/MusicSpeech-STM/STM_output/corpSTMnpy/BibleTTS-akuapem-twi_STMall.npy, shape: (23592, 2420)
Loaded: /vast-ac8888/MusicSpeech-STM/STM_output/corpSTMnpy/BibleTTS-asante-twi_STMall.npy, shape: (20768, 2420)
Loaded: /vast-ac8888/MusicSpeech-STM/STM_output/corpSTMnpy/BibleTTS-ewe_STMall.npy, shape: (22138, 2420)
Loaded: /vast-ac8888/MusicSpeech-STM/STM_output/corpSTMnpy/BibleTTS-hausa_STMall.npy, shape: (29002, 2420)
Loaded: /vast-ac8888/MusicSpeech-STM/STM_output/corpSTMnpy/BibleTTS-lingala_STMall.npy, shape: (11219, 2420)
Loaded: /vast-ac8888/MusicSpeech-STM/STM_output/corpSTMnpy/BibleTTS-yoruba_STMall.npy, shape: (6629, 2420)
Loaded: /vast-ac8888/MusicSpeech-STM/STM_output/corpSTMnpy/Buckeye_STMall.npy, shape: (255, 2420)
Loaded: /vast-ac8888/MusicSpeech-STM/STM_output/corpSTMnpy/EUROM_STMall.npy, shape: (6623, 2420)
Loaded: /vast-ac8888/MusicSpeech-STM/STM_output/corpSTMnpy/HiltonMoser2022_speech_STMall.npy, shape: (785, 2420)
Loaded: /vast-ac8888/MusicSpeech-STM/STM_output/corpSTMnpy/LibriSpeech_STMall.npy, shape: (27144, 2420)
Loaded: /vast-ac8888/MusicSpeech-STM/STM_output/corpSTMnpy/MediaSpeech-AR_STMall.npy, shape: (2505, 2420)
Loaded: /vast-ac8888/MusicSpeech-STM/STM_output/corpSTMnpy/MediaSpeech-ES_STMall.npy, shape: (2507, 2420)
Loaded: /vast-ac8888/MusicSpeech-STM/STM_output/corpSTMnpy/MediaSpeech-FR_STMall.npy, shape: (2498, 2420)
Loaded: /vast-ac8888/MusicSpeech-STM/STM_output/corpSTMnpy/MediaSpeech-TR_STMall.npy, shape: (2512, 2420)
Loaded: /vast-ac8888/MusicSpeech-STM/STM_output/corpSTMnpy/MozillaCommonVoice-ab_STMall.npy, shape: (7558, 2420)
Loaded: /vast-ac8888/MusicSpeech-STM/STM_output/corpSTMnpy/MozillaCommonVoice-ar_STMall.npy, shape: (8080, 2420)
Loaded: /vast-ac8888/MusicSpeech-STM/STM_output/corpSTMnpy/MozillaCommonVoice-ba_STMall.npy, shape: (7964, 2420)
Loaded: /vast-ac8888/MusicSpeech-STM/STM_output/corpSTMnpy/MozillaCommonVoice-be_STMall.npy, shape: (8595, 2420)
Loaded: /vast-ac8888/MusicSpeech-STM/STM_output/corpSTMnpy/MozillaCommonVoice-bg_STMall.npy, shape: (7130, 2420)
Loaded: /vast-ac8888/MusicSpeech-STM/STM_output/corpSTMnpy/MozillaCommonVoice-bn_STMall.npy, shape: (8149, 2420)
Loaded: /vast-ac8888/MusicSpeech-STM/STM_output/corpSTMnpy/MozillaCommonVoice-br_STMall.npy, shape: (1454, 2420)
Loaded: /vast-ac8888/MusicSpeech-STM/STM_output/corpSTMnpy/MozillaCommonVoice-ca_STMall.npy, shape: (8237, 2420)
Loaded: /vast-ac8888/MusicSpeech-STM/STM_output/corpSTMnpy/MozillaCommonVoice-ckb_STMall.npy, shape: (7490, 2420)
Loaded: /vast-ac8888/MusicSpeech-STM/STM_output/corpSTMnpy/MozillaCommonVoice-cnh_STMall.npy, shape: (656, 2420)
Loaded: /vast-ac8888/MusicSpeech-STM/STM_output/corpSTMnpy/MozillaCommonVoice-cs_STMall.npy, shape: (8622, 2420)
Loaded: /vast-ac8888/MusicSpeech-STM/STM_output/corpSTMnpy/MozillaCommonVoice-cv_STMall.npy, shape: (8755, 2420)
Loaded: /vast-ac8888/MusicSpeech-STM/STM_output/corpSTMnpy/MozillaCommonVoice-cy_STMall.npy, shape: (7640, 2420)
Loaded: /vast-ac8888/MusicSpeech-STM/STM_output/corpSTMnpy/MozillaCommonVoice-da_STMall.npy, shape: (3878, 2420)
Loaded: /vast-ac8888/MusicSpeech-STM/STM_output/corpSTMnpy/MozillaCommonVoice-de_STMall.npy, shape: (8979, 2420)
Loaded: /vast-ac8888/MusicSpeech-STM/STM_output/corpSTMnpy/MozillaCommonVoice-dv_STMall.npy, shape: (9113, 2420)
Loaded: /vast-ac8888/MusicSpeech-STM/STM_output/corpSTMnpy/MozillaCommonVoice-el_STMall.npy, shape: (6422, 2420)
Loaded: /vast-ac8888/MusicSpeech-STM/STM_output/corpSTMnpy/MozillaCommonVoice-en_STMall.npy, shape: (8607, 2420)
Loaded: /vast-ac8888/MusicSpeech-STM/STM_output/corpSTMnpy/MozillaCommonVoice-eo_STMall.npy, shape: (9327, 2420)
Loaded: /vast-ac8888/MusicSpeech-STM/STM_output/corpSTMnpy/MozillaCommonVoice-es_STMall.npy, shape: (8742, 2420)
Loaded: /vast-ac8888/MusicSpeech-STM/STM_output/corpSTMnpy/MozillaCommonVoice-et_STMall.npy, shape: (9653, 2420)
Loaded: /vast-ac8888/MusicSpeech-STM/STM_output/corpSTMnpy/MozillaCommonVoice-eu_STMall.npy, shape: (7983, 2420)
Loaded: /vast-ac8888/MusicSpeech-STM/STM_output/corpSTMnpy/MozillaCommonVoice-fa_STMall.npy, shape: (8629, 2420)
Loaded: /vast-ac8888/MusicSpeech-STM/STM_output/corpSTMnpy/MozillaCommonVoice-fi_STMall.npy, shape: (3982, 2420)
Loaded: /vast-ac8888/MusicSpeech-STM/STM_output/corpSTMnpy/MozillaCommonVoice-fr_STMall.npy, shape: (8912, 2420)
Loaded: /vast-ac8888/MusicSpeech-STM/STM_output/corpSTMnpy/MozillaCommonVoice-fy-NL_STMall.npy, shape: (6694, 2420)
Loaded: /vast-ac8888/MusicSpeech-STM/STM_output/corpSTMnpy/MozillaCommonVoice-ga-IE_STMall.npy, shape: (1323, 2420)
Loaded: /vast-ac8888/MusicSpeech-STM/STM_output/corpSTMnpy/MozillaCommonVoice-gl_STMall.npy, shape: (8623, 2420)
Loaded: /vast-ac8888/MusicSpeech-STM/STM_output/corpSTMnpy/MozillaCommonVoice-gn_STMall.npy, shape: (1014, 2420)
Loaded: /vast-ac8888/MusicSpeech-STM/STM_output/corpSTMnpy/MozillaCommonVoice-hi_STMall.npy, shape: (5438, 2420)
Loaded: /vast-ac8888/MusicSpeech-STM/STM_output/corpSTMnpy/MozillaCommonVoice-hu_STMall.npy, shape: (8319, 2420)
Loaded: /vast-ac8888/MusicSpeech-STM/STM_output/corpSTMnpy/MozillaCommonVoice-hy-AM_STMall.npy, shape: (6980, 2420)
Loaded: /vast-ac8888/MusicSpeech-STM/STM_output/corpSTMnpy/MozillaCommonVoice-id_STMall.npy, shape: (8468, 2420)
Loaded: /vast-ac8888/MusicSpeech-STM/STM_output/corpSTMnpy/MozillaCommonVoice-ig_STMall.npy, shape: (9, 2420)
Loaded: /vast-ac8888/MusicSpeech-STM/STM_output/corpSTMnpy/MozillaCommonVoice-it_STMall.npy, shape: (9083, 2420)
Loaded: /vast-ac8888/MusicSpeech-STM/STM_output/corpSTMnpy/MozillaCommonVoice-ja_STMall.npy, shape: (8606, 2420)
Loaded: /vast-ac8888/MusicSpeech-STM/STM_output/corpSTMnpy/MozillaCommonVoice-ka_STMall.npy, shape: (9409, 2420)
Loaded: /vast-ac8888/MusicSpeech-STM/STM_output/corpSTMnpy/MozillaCommonVoice-kab_STMall.npy, shape: (7172, 2420)
Loaded: /vast-ac8888/MusicSpeech-STM/STM_output/corpSTMnpy/MozillaCommonVoice-kk_STMall.npy, shape: (867, 2420)
Loaded: /vast-ac8888/MusicSpeech-STM/STM_output/corpSTMnpy/MozillaCommonVoice-kmr_STMall.npy, shape: (6603, 2420)
Loaded: /vast-ac8888/MusicSpeech-STM/STM_output/corpSTMnpy/MozillaCommonVoice-ky_STMall.npy, shape: (7998, 2420)
Loaded: /vast-ac8888/MusicSpeech-STM/STM_output/corpSTMnpy/MozillaCommonVoice-lg_STMall.npy, shape: (8169, 2420)
Loaded: /vast-ac8888/MusicSpeech-STM/STM_output/corpSTMnpy/MozillaCommonVoice-lt_STMall.npy, shape: (9073, 2420)
Loaded: /vast-ac8888/MusicSpeech-STM/STM_output/corpSTMnpy/MozillaCommonVoice-ltg_STMall.npy, shape: (2299, 2420)
Loaded: /vast-ac8888/MusicSpeech-STM/STM_output/corpSTMnpy/MozillaCommonVoice-lv_STMall.npy, shape: (7666, 2420)
Loaded: /vast-ac8888/MusicSpeech-STM/STM_output/corpSTMnpy/MozillaCommonVoice-mhr_STMall.npy, shape: (8336, 2420)
Loaded: /vast-ac8888/MusicSpeech-STM/STM_output/corpSTMnpy/MozillaCommonVoice-ml_STMall.npy, shape: (813, 2420)
Loaded: /vast-ac8888/MusicSpeech-STM/STM_output/corpSTMnpy/MozillaCommonVoice-mn_STMall.npy, shape: (5968, 2420)
Loaded: /vast-ac8888/MusicSpeech-STM/STM_output/corpSTMnpy/MozillaCommonVoice-mt_STMall.npy, shape: (3632, 2420)
Loaded: /vast-ac8888/MusicSpeech-STM/STM_output/corpSTMnpy/MozillaCommonVoice-nan-tw_STMall.npy, shape: (181, 2420)
Loaded: /vast-ac8888/MusicSpeech-STM/STM_output/corpSTMnpy/MozillaCommonVoice-nl_STMall.npy, shape: (8834, 2420)
Loaded: /vast-ac8888/MusicSpeech-STM/STM_output/corpSTMnpy/MozillaCommonVoice-oc_STMall.npy, shape: (681, 2420)
Loaded: /vast-ac8888/MusicSpeech-STM/STM_output/corpSTMnpy/MozillaCommonVoice-or_STMall.npy, shape: (1941, 2420)
Loaded: /vast-ac8888/MusicSpeech-STM/STM_output/corpSTMnpy/MozillaCommonVoice-pl_STMall.npy, shape: (8817, 2420)
Loaded: /vast-ac8888/MusicSpeech-STM/STM_output/corpSTMnpy/MozillaCommonVoice-pt_STMall.npy, shape: (8413, 2420)
Loaded: /vast-ac8888/MusicSpeech-STM/STM_output/corpSTMnpy/MozillaCommonVoice-ro_STMall.npy, shape: (6666, 2420)
Loaded: /vast-ac8888/MusicSpeech-STM/STM_output/corpSTMnpy/MozillaCommonVoice-ru_STMall.npy, shape: (9260, 2420)
Loaded: /vast-ac8888/MusicSpeech-STM/STM_output/corpSTMnpy/MozillaCommonVoice-rw_STMall.npy, shape: (9148, 2420)
Loaded: /vast-ac8888/MusicSpeech-STM/STM_output/corpSTMnpy/MozillaCommonVoice-sr_STMall.npy, shape: (391, 2420)
Loaded: /vast-ac8888/MusicSpeech-STM/STM_output/corpSTMnpy/MozillaCommonVoice-sv-SE_STMall.npy, shape: (8288, 2420)
Loaded: /vast-ac8888/MusicSpeech-STM/STM_output/corpSTMnpy/MozillaCommonVoice-sw_STMall.npy, shape: (9192, 2420)
Loaded: /vast-ac8888/MusicSpeech-STM/STM_output/corpSTMnpy/MozillaCommonVoice-ta_STMall.npy, shape: (9474, 2420)
Loaded: /vast-ac8888/MusicSpeech-STM/STM_output/corpSTMnpy/MozillaCommonVoice-th_STMall.npy, shape: (8044, 2420)
Loaded: /vast-ac8888/MusicSpeech-STM/STM_output/corpSTMnpy/MozillaCommonVoice-tr_STMall.npy, shape: (7953, 2420)
Loaded: /vast-ac8888/MusicSpeech-STM/STM_output/corpSTMnpy/MozillaCommonVoice-tt_STMall.npy, shape: (7454, 2420)
Loaded: /vast-ac8888/MusicSpeech-STM/STM_output/corpSTMnpy/MozillaCommonVoice-ug_STMall.npy, shape: (7899, 2420)
Loaded: /vast-ac8888/MusicSpeech-STM/STM_output/corpSTMnpy/MozillaCommonVoice-uk_STMall.npy, shape: (8819, 2420)
Loaded: /vast-ac8888/MusicSpeech-STM/STM_output/corpSTMnpy/MozillaCommonVoice-ur_STMall.npy, shape: (8970, 2420)
Loaded: /vast-ac8888/MusicSpeech-STM/STM_output/corpSTMnpy/MozillaCommonVoice-uz_STMall.npy, shape: (7911, 2420)
Loaded: /vast-ac8888/MusicSpeech-STM/STM_output/corpSTMnpy/MozillaCommonVoice-vi_STMall.npy, shape: (1859, 2420)
Loaded: /vast-ac8888/MusicSpeech-STM/STM_output/corpSTMnpy/MozillaCommonVoice-yo_STMall.npy, shape: (2511, 2420)
Loaded: /vast-ac8888/MusicSpeech-STM/STM_output/corpSTMnpy/MozillaCommonVoice-yue_STMall.npy, shape: (6156, 2420)
Loaded: /vast-ac8888/MusicSpeech-STM/STM_output/corpSTMnpy/MozillaCommonVoice-zh-CN_STMall.npy, shape: (8715, 2420)
Loaded: /vast-ac8888/MusicSpeech-STM/STM_output/corpSTMnpy/MozillaCommonVoice-zh-TW_STMall.npy, shape: (7286, 2420)
Loaded: /vast-ac8888/MusicSpeech-STM/STM_output/corpSTMnpy/SpeechClarity_STMall.npy, shape: (555, 2420)
Loaded: /vast-ac8888/MusicSpeech-STM/STM_output/corpSTMnpy/TAT-Vol2_STMall.npy, shape: (793, 2420)
Loaded: /vast-ac8888/MusicSpeech-STM/STM_output/corpSTMnpy/TIMIT_STMall.npy, shape: (479, 2420)
Loaded: /vast-ac8888/MusicSpeech-STM/STM_output/corpSTMnpy/TTS_Javanese_STMall.npy, shape: (3068, 2420)
Loaded: /vast-ac8888/MusicSpeech-STM/STM_output/corpSTMnpy/primewords_chinese_STMall.npy, shape: (47166, 2420)
Loaded: /vast-ac8888/MusicSpeech-STM/STM_output/corpSTMnpy/room_reader_STMall.npy, shape: (146, 2420)
Loaded: /vast-ac8888/MusicSpeech-STM/STM_output/corpSTMnpy/thchs30_STMall.npy, shape: (13327, 2420)
Loaded: /vast-ac8888/MusicSpeech-STM/STM_output/corpSTMnpy/zeroth_korean_STMall.npy, shape: (22255, 2420)
Loaded: /vast-ac8888/MusicSpeech-STM/STM_output/corpSTMnpy/Albouy2020Science_STMall.npy, shape: (123, 2420)
Loaded: /vast-ac8888/MusicSpeech-STM/STM_output/corpSTMnpy/GarlandEncyclopedia_STMall.npy, shape: (296, 2420)
Loaded: /vast-ac8888/MusicSpeech-STM/STM_output/corpSTMnpy/HiltonMoser2022_song_STMall.npy, shape: (803, 2420)
Loaded: /vast-ac8888/MusicSpeech-STM/STM_output/corpSTMnpy/IRMAS_STMall.npy, shape: (2838, 2420)
Loaded: /vast-ac8888/MusicSpeech-STM/STM_output/corpSTMnpy/MTG-Jamendo_STMall.npy, shape: (55699, 2420)
Loaded: /vast-ac8888/MusicSpeech-STM/STM_output/corpSTMnpy/MagnaTagATune_STMall.npy, shape: (25859, 2420)
Loaded: /vast-ac8888/MusicSpeech-STM/STM_output/corpSTMnpy/NHS2_STMall.npy, shape: (1007, 2420)
Loaded: /vast-ac8888/MusicSpeech-STM/STM_output/corpSTMnpy/fma_large_STMall.npy, shape: (106257, 2420)
Loaded: /vast-ac8888/MusicSpeech-STM/STM_output/corpSTMnpy/ismir04_genre_STMall.npy, shape: (2185, 2420)
Loaded: /vast-ac8888/MusicSpeech-STM/STM_output/corpSTMnpy/MacaulayLibrary_STMall.npy, shape: (34565, 2420)
Loaded: /vast-ac8888/MusicSpeech-STM/STM_output/corpSTMnpy/SONYC_STMall.npy, shape: (10798, 2420)
Total samples: 978378
Train samples: 770393
Val samples: 102010
Test samples: 105975
Feature dimension (flattened): 2420
Expected 2D shape: (20, 121)
Train dataset shape: torch.Size([770393, 20, 121])
Val dataset shape: torch.Size([102010, 20, 121])
Test dataset shape: torch.Size([105975, 20, 121])
DataLoaders created, STM dimensions: Time=121, Freq=20

============================================================
Creating Enhanced ASM-RH v2 model...
============================================================
Total parameters: 879,306
Base class weights: [ 0.25810108  1.59982598  1.260134    2.39827475 13.40280097  4.64388706]
Class distribution: [497475  80258 101893  53538   9580  27649]
Adjusted class weights: tensor([ 0.1807,  1.1199,  0.8821,  1.6788, 13.4028,  4.6439], device='cuda:0')

Starting enhanced ASM v2 training for 50 epochs...
Starting from epoch 1
Confusion-aware strategies enabled for pairs: [(0, 1), (2, 3)]

Fixed class weights: [ 0.18067075  1.1198782   0.8820938   1.6787922  13.402801    4.643887  ]

============================================================
Epoch 1/50
============================================================
  Batch 0/6019, Loss: 1.1203 (Main: 0.8165, Margin: 0.1021, Binary: 1.4678)
  Batch 100/6019, Loss: 0.7441 (Main: 0.5190, Margin: 0.0241, Binary: 1.1133)
  Batch 200/6019, Loss: 0.5513 (Main: 0.3432, Margin: 0.0086, Binary: 1.0361)
  Batch 300/6019, Loss: 0.7785 (Main: 0.5674, Margin: 0.0268, Binary: 1.0421)
  Batch 400/6019, Loss: 0.4684 (Main: 0.2716, Margin: 0.0187, Binary: 0.9746)
  Batch 500/6019, Loss: 0.4722 (Main: 0.2742, Margin: 0.0098, Binary: 0.9853)
  Batch 600/6019, Loss: 0.5276 (Main: 0.3557, Margin: 0.0131, Binary: 0.8528)
  Batch 700/6019, Loss: 0.5393 (Main: 0.3279, Margin: 0.0119, Binary: 1.0508)
  Batch 800/6019, Loss: 0.4889 (Main: 0.2498, Margin: 0.0147, Binary: 1.1882)
  Batch 900/6019, Loss: 0.3619 (Main: 0.2080, Margin: 0.0089, Binary: 0.7650)
  Batch 1000/6019, Loss: 0.3752 (Main: 0.1779, Margin: 0.0044, Binary: 0.9847)
  Batch 1100/6019, Loss: 0.5724 (Main: 0.3761, Margin: 0.0187, Binary: 0.9722)
  Batch 1200/6019, Loss: 0.5027 (Main: 0.3192, Margin: 0.0203, Binary: 0.9075)
  Batch 1300/6019, Loss: 0.4300 (Main: 0.2448, Margin: 0.0073, Binary: 0.9223)
  Batch 1400/6019, Loss: 1.1106 (Main: 0.8917, Margin: 0.0092, Binary: 1.0902)
  Batch 1500/6019, Loss: 0.4989 (Main: 0.3018, Margin: 0.0105, Binary: 0.9802)
  Batch 1600/6019, Loss: 0.4669 (Main: 0.2839, Margin: 0.0054, Binary: 0.9123)
  Batch 1700/6019, Loss: 0.4053 (Main: 0.1897, Margin: 0.0078, Binary: 1.0743)
  Batch 1800/6019, Loss: 0.5949 (Main: 0.3623, Margin: 0.0048, Binary: 1.1610)
  Batch 1900/6019, Loss: 0.4331 (Main: 0.2309, Margin: 0.0073, Binary: 1.0073)
  Batch 2000/6019, Loss: 0.3952 (Main: 0.1978, Margin: 0.0062, Binary: 0.9837)
  Batch 2100/6019, Loss: 0.4558 (Main: 0.2282, Margin: 0.0089, Binary: 1.1333)
  Batch 2200/6019, Loss: 0.3625 (Main: 0.1657, Margin: 0.0082, Binary: 0.9799)
  Batch 2300/6019, Loss: 0.3620 (Main: 0.1531, Margin: 0.0047, Binary: 1.0420)
  Batch 2400/6019, Loss: 0.4402 (Main: 0.2316, Margin: 0.0084, Binary: 1.0385)
  Batch 2500/6019, Loss: 0.4127 (Main: 0.2047, Margin: 0.0059, Binary: 1.0371)
  Batch 2600/6019, Loss: 0.3910 (Main: 0.1863, Margin: 0.0075, Binary: 1.0195)
  Batch 2700/6019, Loss: 0.3356 (Main: 0.1724, Margin: 0.0057, Binary: 0.8135)
  Batch 2800/6019, Loss: 0.4243 (Main: 0.2198, Margin: 0.0041, Binary: 1.0207)
  Batch 2900/6019, Loss: 0.3341 (Main: 0.1709, Margin: 0.0009, Binary: 0.8153)
  Batch 3000/6019, Loss: 0.4641 (Main: 0.2758, Margin: 0.0018, Binary: 0.9403)
  Batch 3100/6019, Loss: 0.4214 (Main: 0.2108, Margin: 0.0043, Binary: 1.0509)
  Batch 3200/6019, Loss: 0.4369 (Main: 0.2502, Margin: 0.0017, Binary: 0.9327)
  Batch 3300/6019, Loss: 0.3642 (Main: 0.1819, Margin: 0.0042, Binary: 0.9093)
  Batch 3400/6019, Loss: 0.3401 (Main: 0.1487, Margin: 0.0047, Binary: 0.9548)
  Batch 3500/6019, Loss: 0.3327 (Main: 0.1272, Margin: 0.0067, Binary: 1.0240)
  Batch 3600/6019, Loss: 0.3854 (Main: 0.1905, Margin: 0.0023, Binary: 0.9735)
  Batch 3700/6019, Loss: 0.3848 (Main: 0.1721, Margin: 0.0015, Binary: 1.0628)
  Batch 3800/6019, Loss: 0.5375 (Main: 0.3028, Margin: 0.0025, Binary: 1.1721)
  Batch 3900/6019, Loss: 0.4575 (Main: 0.2687, Margin: 0.0016, Binary: 0.9432)
  Batch 4000/6019, Loss: 0.3990 (Main: 0.2027, Margin: 0.0042, Binary: 0.9796)
  Batch 4100/6019, Loss: 0.4329 (Main: 0.2080, Margin: 0.0056, Binary: 1.1220)
  Batch 4200/6019, Loss: 0.5382 (Main: 0.3122, Margin: 0.0020, Binary: 1.1292)
  Batch 4300/6019, Loss: 0.2910 (Main: 0.1255, Margin: 0.0028, Binary: 0.8258)
  Batch 4400/6019, Loss: 0.4010 (Main: 0.1791, Margin: 0.0013, Binary: 1.1091)
  Batch 4500/6019, Loss: 0.3078 (Main: 0.1614, Margin: 0.0020, Binary: 0.7308)
  Batch 4600/6019, Loss: 0.4011 (Main: 0.2009, Margin: 0.0017, Binary: 0.9999)
  Batch 4700/6019, Loss: 0.4294 (Main: 0.2424, Margin: 0.0012, Binary: 0.9341)
  Batch 4800/6019, Loss: 0.3413 (Main: 0.1797, Margin: 0.0012, Binary: 0.8074)
  Batch 4900/6019, Loss: 0.2903 (Main: 0.1218, Margin: 0.0012, Binary: 0.8418)
  Batch 5000/6019, Loss: 0.3267 (Main: 0.1441, Margin: 0.0018, Binary: 0.9123)
  Batch 5100/6019, Loss: 0.4288 (Main: 0.2670, Margin: 0.0001, Binary: 0.8088)
  Batch 5200/6019, Loss: 0.4239 (Main: 0.2482, Margin: 0.0013, Binary: 0.8776)
  Batch 5300/6019, Loss: 0.3250 (Main: 0.1656, Margin: 0.0029, Binary: 0.7954)
  Batch 5400/6019, Loss: 0.3441 (Main: 0.1576, Margin: 0.0017, Binary: 0.9317)
  Batch 5500/6019, Loss: 0.4276 (Main: 0.2296, Margin: 0.0005, Binary: 0.9896)
  Batch 5600/6019, Loss: 0.3580 (Main: 0.1640, Margin: 0.0008, Binary: 0.9696)
  Batch 5700/6019, Loss: 0.3408 (Main: 0.1758, Margin: 0.0027, Binary: 0.8235)
  Batch 5800/6019, Loss: 0.4733 (Main: 0.2770, Margin: 0.0004, Binary: 0.9814)
  Batch 5900/6019, Loss: 0.4851 (Main: 0.2980, Margin: 0.0006, Binary: 0.9350)
  Batch 6000/6019, Loss: 0.3887 (Main: 0.1515, Margin: 0.0007, Binary: 1.1859)
  Avg Losses - Total: 0.4334, Main: 0.2372, Margin: 0.0063, Binary: 0.9775
Train Loss: 0.4334
Val Loss: 0.8955, Val Macro F1: 0.4849
Per-class F1 scores:
  Class 0: 0.0826 (confusable with 1)
  Class 1: 0.2101 (confusable with 0)
  Class 2: 0.7878 (confusable with 3)
  Class 3: 0.3314 (confusable with 2)
  Class 4: 0.8748
  Class 5: 0.6230
Current learning rate: 0.000200
✓ Saved best model with Val F1: 0.4849

============================================================
Epoch 2/50
============================================================
  Batch 0/6019, Loss: 0.3609 (Main: 0.1739, Margin: 0.0016, Binary: 0.9343)
  Batch 100/6019, Loss: 0.3021 (Main: 0.1138, Margin: 0.0022, Binary: 0.9400)
  Batch 200/6019, Loss: 0.4076 (Main: 0.1919, Margin: 0.0033, Binary: 1.0769)
  Batch 300/6019, Loss: 0.4962 (Main: 0.2774, Margin: 0.0004, Binary: 1.0939)
  Batch 400/6019, Loss: 0.3977 (Main: 0.1935, Margin: 0.0009, Binary: 1.0206)
  Batch 500/6019, Loss: 0.4201 (Main: 0.2699, Margin: 0.0046, Binary: 0.7486)
  Batch 600/6019, Loss: 0.3036 (Main: 0.1321, Margin: 0.0011, Binary: 0.8566)
  Batch 700/6019, Loss: 0.3912 (Main: 0.1635, Margin: 0.0007, Binary: 1.1382)
  Batch 800/6019, Loss: 0.4476 (Main: 0.2481, Margin: 0.0015, Binary: 0.9966)
  Batch 900/6019, Loss: 0.3048 (Main: 0.1498, Margin: 0.0016, Binary: 0.7742)
  Batch 1000/6019, Loss: 0.4669 (Main: 0.2791, Margin: 0.0029, Binary: 0.9379)
  Batch 1100/6019, Loss: 0.3373 (Main: 0.1718, Margin: 0.0008, Binary: 0.8270)
  Batch 1200/6019, Loss: 0.3366 (Main: 0.1404, Margin: 0.0008, Binary: 0.9805)
  Batch 1300/6019, Loss: 0.3208 (Main: 0.1398, Margin: 0.0007, Binary: 0.9042)
  Batch 1400/6019, Loss: 0.4884 (Main: 0.2818, Margin: 0.0014, Binary: 1.0324)
  Batch 1500/6019, Loss: 0.3463 (Main: 0.1850, Margin: 0.0006, Binary: 0.8058)
  Batch 1600/6019, Loss: 0.4425 (Main: 0.2532, Margin: 0.0003, Binary: 0.9460)
  Batch 1700/6019, Loss: 0.3895 (Main: 0.1886, Margin: 0.0009, Binary: 1.0041)
  Batch 1800/6019, Loss: 0.4745 (Main: 0.2646, Margin: 0.0009, Binary: 1.0489)
  Batch 1900/6019, Loss: 0.3069 (Main: 0.1289, Margin: 0.0006, Binary: 0.8893)
  Batch 2000/6019, Loss: 0.4525 (Main: 0.2338, Margin: 0.0023, Binary: 1.0924)
  Batch 2100/6019, Loss: 0.3975 (Main: 0.1868, Margin: 0.0014, Binary: 1.0532)
  Batch 2200/6019, Loss: 0.2950 (Main: 0.1661, Margin: 0.0005, Binary: 0.6440)
  Batch 2300/6019, Loss: 0.2614 (Main: 0.1010, Margin: 0.0002, Binary: 0.8016)
  Batch 2400/6019, Loss: 0.5082 (Main: 0.3524, Margin: 0.0020, Binary: 0.7782)
  Batch 2500/6019, Loss: 0.3320 (Main: 0.1125, Margin: 0.0004, Binary: 1.0972)
  Batch 2600/6019, Loss: 0.3926 (Main: 0.1615, Margin: 0.0003, Binary: 1.1552)
  Batch 2700/6019, Loss: 0.3344 (Main: 0.1707, Margin: 0.0013, Binary: 0.8182)
  Batch 2800/6019, Loss: 0.2678 (Main: 0.1212, Margin: 0.0006, Binary: 0.7324)
  Batch 2900/6019, Loss: 0.3120 (Main: 0.1361, Margin: 0.0025, Binary: 0.8784)
  Batch 3000/6019, Loss: 0.3623 (Main: 0.1666, Margin: 0.0012, Binary: 0.9780)
  Batch 3100/6019, Loss: 0.3176 (Main: 0.1196, Margin: 0.0037, Binary: 0.9880)
  Batch 3200/6019, Loss: 0.3656 (Main: 0.1433, Margin: 0.0003, Binary: 1.1111)
  Batch 3300/6019, Loss: 0.4308 (Main: 0.2139, Margin: 0.0042, Binary: 1.0826)
  Batch 3400/6019, Loss: 0.2486 (Main: 0.1040, Margin: 0.0004, Binary: 0.7231)
  Batch 3500/6019, Loss: 0.2992 (Main: 0.1411, Margin: 0.0004, Binary: 0.7901)
  Batch 3600/6019, Loss: 0.3266 (Main: 0.1788, Margin: 0.0003, Binary: 0.7387)
  Batch 3700/6019, Loss: 0.3370 (Main: 0.1326, Margin: 0.0003, Binary: 1.0218)
  Batch 3800/6019, Loss: 0.4064 (Main: 0.2407, Margin: 0.0005, Binary: 0.8284)
  Batch 3900/6019, Loss: 0.2893 (Main: 0.1137, Margin: 0.0004, Binary: 0.8777)
  Batch 4000/6019, Loss: 0.3168 (Main: 0.1641, Margin: 0.0001, Binary: 0.7635)
  Batch 4100/6019, Loss: 0.3176 (Main: 0.1422, Margin: 0.0003, Binary: 0.8772)
  Batch 4200/6019, Loss: 0.2773 (Main: 0.1148, Margin: 0.0003, Binary: 0.8126)
  Batch 4300/6019, Loss: 0.2815 (Main: 0.1409, Margin: 0.0005, Binary: 0.7025)
  Batch 4400/6019, Loss: 0.2780 (Main: 0.1426, Margin: 0.0002, Binary: 0.6767)
  Batch 4500/6019, Loss: 0.2997 (Main: 0.1431, Margin: 0.0004, Binary: 0.7825)
  Batch 4600/6019, Loss: 0.3156 (Main: 0.1302, Margin: 0.0017, Binary: 0.9261)
  Batch 4700/6019, Loss: 0.3382 (Main: 0.1523, Margin: 0.0005, Binary: 0.9293)
  Batch 4800/6019, Loss: 0.4078 (Main: 0.2038, Margin: 0.0005, Binary: 1.0199)
  Batch 4900/6019, Loss: 0.3698 (Main: 0.2191, Margin: 0.0006, Binary: 0.7527)
  Batch 5000/6019, Loss: 0.2646 (Main: 0.1033, Margin: 0.0004, Binary: 0.8061)
  Batch 5100/6019, Loss: 0.3304 (Main: 0.1346, Margin: 0.0003, Binary: 0.9787)
  Batch 5200/6019, Loss: 0.3416 (Main: 0.1505, Margin: 0.0009, Binary: 0.9550)
  Batch 5300/6019, Loss: 0.2756 (Main: 0.1060, Margin: 0.0004, Binary: 0.8476)
  Batch 5400/6019, Loss: 0.5723 (Main: 0.3517, Margin: 0.0015, Binary: 1.1025)
  Batch 5500/6019, Loss: 0.2251 (Main: 0.0887, Margin: 0.0001, Binary: 0.6817)
  Batch 5600/6019, Loss: 0.2867 (Main: 0.1286, Margin: 0.0000, Binary: 0.7905)
  Batch 5700/6019, Loss: 0.3039 (Main: 0.1250, Margin: 0.0006, Binary: 0.8940)
  Batch 5800/6019, Loss: 0.3629 (Main: 0.1504, Margin: 0.0019, Binary: 1.0619)
  Batch 5900/6019, Loss: 0.2752 (Main: 0.1345, Margin: 0.0004, Binary: 0.7031)
  Batch 6000/6019, Loss: 0.2764 (Main: 0.1056, Margin: 0.0001, Binary: 0.8538)
  Avg Losses - Total: 0.3472, Main: 0.1694, Margin: 0.0009, Binary: 0.8886
Train Loss: 0.3472
Val Loss: 0.6041, Val Macro F1: 0.7321
Per-class F1 scores:
  Class 0: 0.8847 (confusable with 1)
  Class 1: 0.4547 (confusable with 0)
  Class 2: 0.8070 (confusable with 3)
  Class 3: 0.5245 (confusable with 2)
  Class 4: 0.8983
  Class 5: 0.8232
Current learning rate: 0.000400
✓ Saved best model with Val F1: 0.7321

============================================================
Epoch 3/50
============================================================
  Batch 0/6019, Loss: 0.3991 (Main: 0.2009, Margin: 0.0028, Binary: 0.9893)
  Batch 100/6019, Loss: 0.2221 (Main: 0.1010, Margin: 0.0006, Binary: 0.6054)
  Batch 200/6019, Loss: 0.2847 (Main: 0.1296, Margin: 0.0024, Binary: 0.7745)
  Batch 300/6019, Loss: 0.4750 (Main: 0.2260, Margin: 0.0002, Binary: 1.2450)
  Batch 400/6019, Loss: 0.2657 (Main: 0.0994, Margin: 0.0007, Binary: 0.8311)
  Batch 500/6019, Loss: 0.2567 (Main: 0.1062, Margin: 0.0005, Binary: 0.7524)
  Batch 600/6019, Loss: 0.3457 (Main: 0.1761, Margin: 0.0002, Binary: 0.8482)
  Batch 700/6019, Loss: 0.3432 (Main: 0.1317, Margin: 0.0012, Binary: 1.0571)
  Batch 800/6019, Loss: 0.2489 (Main: 0.0967, Margin: 0.0010, Binary: 0.7602)
  Batch 900/6019, Loss: 0.3248 (Main: 0.1493, Margin: 0.0005, Binary: 0.8769)
  Batch 1000/6019, Loss: 0.3590 (Main: 0.2143, Margin: 0.0000, Binary: 0.7236)
  Batch 1100/6019, Loss: 0.3663 (Main: 0.1937, Margin: 0.0002, Binary: 0.8627)
  Batch 1200/6019, Loss: 0.2417 (Main: 0.0889, Margin: 0.0000, Binary: 0.7640)
  Batch 1300/6019, Loss: 0.3017 (Main: 0.1685, Margin: 0.0002, Binary: 0.6660)
  Batch 1400/6019, Loss: 0.2857 (Main: 0.1133, Margin: 0.0005, Binary: 0.8619)
  Batch 1500/6019, Loss: 0.3048 (Main: 0.1276, Margin: 0.0014, Binary: 0.8852)
  Batch 1600/6019, Loss: 0.3042 (Main: 0.1274, Margin: 0.0003, Binary: 0.8835)
  Batch 1700/6019, Loss: 0.3262 (Main: 0.1628, Margin: 0.0002, Binary: 0.8169)
  Batch 1800/6019, Loss: 0.2947 (Main: 0.1113, Margin: 0.0001, Binary: 0.9167)
  Batch 1900/6019, Loss: 0.2679 (Main: 0.1198, Margin: 0.0009, Binary: 0.7401)
  Batch 2000/6019, Loss: 0.2658 (Main: 0.1229, Margin: 0.0008, Binary: 0.7140)
  Batch 2100/6019, Loss: 0.2501 (Main: 0.1304, Margin: 0.0002, Binary: 0.5985)
  Batch 2200/6019, Loss: 0.2840 (Main: 0.1190, Margin: 0.0008, Binary: 0.8246)
  Batch 2300/6019, Loss: 0.2268 (Main: 0.0890, Margin: 0.0003, Binary: 0.6885)
  Batch 2400/6019, Loss: 0.2537 (Main: 0.1288, Margin: 0.0002, Binary: 0.6247)
  Batch 2500/6019, Loss: 0.3069 (Main: 0.1403, Margin: 0.0006, Binary: 0.8328)
  Batch 2600/6019, Loss: 0.3403 (Main: 0.1425, Margin: 0.0006, Binary: 0.9887)
  Batch 2700/6019, Loss: 0.3710 (Main: 0.1861, Margin: 0.0005, Binary: 0.9240)
  Batch 2800/6019, Loss: 0.5772 (Main: 0.4541, Margin: 0.0000, Binary: 0.6153)
  Batch 2900/6019, Loss: 0.2827 (Main: 0.1229, Margin: 0.0001, Binary: 0.7989)
  Batch 3000/6019, Loss: 0.2508 (Main: 0.1045, Margin: 0.0003, Binary: 0.7313)
  Batch 3100/6019, Loss: 0.2802 (Main: 0.1140, Margin: 0.0005, Binary: 0.8305)
  Batch 3200/6019, Loss: 0.3055 (Main: 0.1434, Margin: 0.0007, Binary: 0.8099)
  Batch 3300/6019, Loss: 0.2339 (Main: 0.0875, Margin: 0.0003, Binary: 0.7318)
  Batch 3400/6019, Loss: 0.2345 (Main: 0.0995, Margin: 0.0001, Binary: 0.6750)
  Batch 3500/6019, Loss: 0.3257 (Main: 0.1117, Margin: 0.0004, Binary: 1.0694)
  Batch 3600/6019, Loss: 0.2778 (Main: 0.1197, Margin: 0.0002, Binary: 0.7906)
  Batch 3700/6019, Loss: 0.2941 (Main: 0.1290, Margin: 0.0004, Binary: 0.8254)
  Batch 3800/6019, Loss: 0.3177 (Main: 0.1496, Margin: 0.0007, Binary: 0.8401)
  Batch 3900/6019, Loss: 0.2912 (Main: 0.1504, Margin: 0.0002, Binary: 0.7036)
  Batch 4000/6019, Loss: 0.3138 (Main: 0.1771, Margin: 0.0002, Binary: 0.6838)
  Batch 4100/6019, Loss: 0.2825 (Main: 0.1208, Margin: 0.0002, Binary: 0.8088)
  Batch 4200/6019, Loss: 0.2843 (Main: 0.1590, Margin: 0.0008, Binary: 0.6260)
  Batch 4300/6019, Loss: 0.2442 (Main: 0.0960, Margin: 0.0000, Binary: 0.7410)
  Batch 4400/6019, Loss: 0.3285 (Main: 0.1645, Margin: 0.0000, Binary: 0.8196)
  Batch 4500/6019, Loss: 0.3187 (Main: 0.1454, Margin: 0.0007, Binary: 0.8661)
  Batch 4600/6019, Loss: 0.2612 (Main: 0.1034, Margin: 0.0000, Binary: 0.7889)
  Batch 4700/6019, Loss: 0.2513 (Main: 0.1027, Margin: 0.0007, Binary: 0.7428)
  Batch 4800/6019, Loss: 0.3473 (Main: 0.1679, Margin: 0.0002, Binary: 0.8973)
  Batch 4900/6019, Loss: 0.2951 (Main: 0.1666, Margin: 0.0001, Binary: 0.6422)
  Batch 5000/6019, Loss: 0.3707 (Main: 0.1852, Margin: 0.0001, Binary: 0.9276)
  Batch 5100/6019, Loss: 0.2946 (Main: 0.1177, Margin: 0.0000, Binary: 0.8843)
  Batch 5200/6019, Loss: 0.3123 (Main: 0.1433, Margin: 0.0004, Binary: 0.8450)
  Batch 5300/6019, Loss: 0.3017 (Main: 0.1278, Margin: 0.0001, Binary: 0.8697)
  Batch 5400/6019, Loss: 0.2645 (Main: 0.0983, Margin: 0.0002, Binary: 0.8308)
  Batch 5500/6019, Loss: 0.3347 (Main: 0.1914, Margin: 0.0002, Binary: 0.7165)
  Batch 5600/6019, Loss: 0.2927 (Main: 0.1268, Margin: 0.0000, Binary: 0.8296)
  Batch 5700/6019, Loss: 0.2399 (Main: 0.0994, Margin: 0.0005, Binary: 0.7020)
  Batch 5800/6019, Loss: 0.4311 (Main: 0.2475, Margin: 0.0000, Binary: 0.9180)
  Batch 5900/6019, Loss: 0.2617 (Main: 0.1192, Margin: 0.0001, Binary: 0.7124)
  Batch 6000/6019, Loss: 0.2259 (Main: 0.0842, Margin: 0.0000, Binary: 0.7085)
  Avg Losses - Total: 0.3071, Main: 0.1445, Margin: 0.0004, Binary: 0.8128
Train Loss: 0.3071
Val Loss: 0.5927, Val Macro F1: 0.7225
Per-class F1 scores:
  Class 0: 0.8778 (confusable with 1)
  Class 1: 0.4771 (confusable with 0)
  Class 2: 0.7427 (confusable with 3)
  Class 3: 0.6068 (confusable with 2)
  Class 4: 0.8525
  Class 5: 0.7782
Current learning rate: 0.000600

============================================================
Epoch 4/50
============================================================
  Batch 0/6019, Loss: 0.2946 (Main: 0.1362, Margin: 0.0003, Binary: 0.7920)
  Batch 100/6019, Loss: 0.3029 (Main: 0.1594, Margin: 0.0005, Binary: 0.7174)
  Batch 200/6019, Loss: 0.3309 (Main: 0.1662, Margin: 0.0006, Binary: 0.8234)
  Batch 300/6019, Loss: 0.3053 (Main: 0.1144, Margin: 0.0003, Binary: 0.9543)
  Batch 400/6019, Loss: 0.3157 (Main: 0.1179, Margin: 0.0003, Binary: 0.9888)
  Batch 500/6019, Loss: 0.2908 (Main: 0.1254, Margin: 0.0004, Binary: 0.8266)
  Batch 600/6019, Loss: 0.1919 (Main: 0.0773, Margin: 0.0004, Binary: 0.5724)
  Batch 700/6019, Loss: 0.3426 (Main: 0.1902, Margin: 0.0007, Binary: 0.7615)
  Batch 800/6019, Loss: 0.2381 (Main: 0.1177, Margin: 0.0003, Binary: 0.6018)
  Batch 900/6019, Loss: 0.3160 (Main: 0.1330, Margin: 0.0002, Binary: 0.9150)
  Batch 1000/6019, Loss: 0.2510 (Main: 0.1068, Margin: 0.0002, Binary: 0.7211)
  Batch 1100/6019, Loss: 0.2931 (Main: 0.1354, Margin: 0.0001, Binary: 0.7886)
  Batch 1200/6019, Loss: 0.3831 (Main: 0.1546, Margin: 0.0000, Binary: 1.1424)
  Batch 1300/6019, Loss: 0.3356 (Main: 0.1489, Margin: 0.0003, Binary: 0.9333)
  Batch 1400/6019, Loss: 0.3445 (Main: 0.1987, Margin: 0.0003, Binary: 0.7291)
  Batch 1500/6019, Loss: 0.2384 (Main: 0.1023, Margin: 0.0003, Binary: 0.6801)
  Batch 1600/6019, Loss: 0.3563 (Main: 0.1581, Margin: 0.0001, Binary: 0.9913)
  Batch 1700/6019, Loss: 0.2424 (Main: 0.0917, Margin: 0.0002, Binary: 0.7536)
  Batch 1800/6019, Loss: 0.2949 (Main: 0.1159, Margin: 0.0001, Binary: 0.8948)
  Batch 1900/6019, Loss: 0.3294 (Main: 0.1525, Margin: 0.0006, Binary: 0.8838)
  Batch 2000/6019, Loss: 0.2994 (Main: 0.1186, Margin: 0.0001, Binary: 0.9036)
  Batch 2100/6019, Loss: 0.3160 (Main: 0.1395, Margin: 0.0001, Binary: 0.8822)
  Batch 2200/6019, Loss: 0.2742 (Main: 0.1037, Margin: 0.0003, Binary: 0.8522)
  Batch 2300/6019, Loss: 0.2539 (Main: 0.1119, Margin: 0.0005, Binary: 0.7096)
  Batch 2400/6019, Loss: 0.4522 (Main: 0.2818, Margin: 0.0001, Binary: 0.8520)
  Batch 2500/6019, Loss: 0.2924 (Main: 0.1158, Margin: 0.0002, Binary: 0.8828)
  Batch 2600/6019, Loss: 0.2672 (Main: 0.1087, Margin: 0.0006, Binary: 0.7924)
  Batch 2700/6019, Loss: 0.2428 (Main: 0.0893, Margin: 0.0001, Binary: 0.7675)
  Batch 2800/6019, Loss: 0.2799 (Main: 0.1454, Margin: 0.0006, Binary: 0.6725)
  Batch 2900/6019, Loss: 0.2907 (Main: 0.1293, Margin: 0.0004, Binary: 0.8072)
  Batch 3000/6019, Loss: 0.3370 (Main: 0.1786, Margin: 0.0001, Binary: 0.7915)
  Batch 3100/6019, Loss: 0.3111 (Main: 0.1338, Margin: 0.0005, Binary: 0.8858)
  Batch 3200/6019, Loss: 0.3030 (Main: 0.1447, Margin: 0.0000, Binary: 0.7914)
  Batch 3300/6019, Loss: 0.2321 (Main: 0.1020, Margin: 0.0001, Binary: 0.6503)
  Batch 3400/6019, Loss: 0.3235 (Main: 0.1834, Margin: 0.0002, Binary: 0.7006)
  Batch 3500/6019, Loss: 0.3885 (Main: 0.1940, Margin: 0.0004, Binary: 0.9724)
  Batch 3600/6019, Loss: 0.3300 (Main: 0.1252, Margin: 0.0000, Binary: 1.0242)
  Batch 3700/6019, Loss: 0.3732 (Main: 0.2078, Margin: 0.0002, Binary: 0.8270)
  Batch 3800/6019, Loss: 0.1919 (Main: 0.0795, Margin: 0.0001, Binary: 0.5615)
  Batch 3900/6019, Loss: 0.3071 (Main: 0.1542, Margin: 0.0002, Binary: 0.7641)
  Batch 4000/6019, Loss: 0.2773 (Main: 0.1253, Margin: 0.0000, Binary: 0.7600)
  Batch 4100/6019, Loss: 0.2359 (Main: 0.0964, Margin: 0.0002, Binary: 0.6974)
  Batch 4200/6019, Loss: 0.3929 (Main: 0.2570, Margin: 0.0002, Binary: 0.6797)
  Batch 4300/6019, Loss: 0.2640 (Main: 0.1282, Margin: 0.0002, Binary: 0.6787)
  Batch 4400/6019, Loss: 0.3733 (Main: 0.1977, Margin: 0.0001, Binary: 0.8776)
  Batch 4500/6019, Loss: 0.2799 (Main: 0.1150, Margin: 0.0010, Binary: 0.8239)
  Batch 4600/6019, Loss: 0.2924 (Main: 0.1228, Margin: 0.0001, Binary: 0.8480)
  Batch 4700/6019, Loss: 0.3431 (Main: 0.1750, Margin: 0.0001, Binary: 0.8402)
  Batch 4800/6019, Loss: 0.3371 (Main: 0.1506, Margin: 0.0001, Binary: 0.9320)
  Batch 4900/6019, Loss: 0.2331 (Main: 0.1195, Margin: 0.0002, Binary: 0.5680)
  Batch 5000/6019, Loss: 0.2655 (Main: 0.1017, Margin: 0.0000, Binary: 0.8192)
  Batch 5100/6019, Loss: 0.1998 (Main: 0.0806, Margin: 0.0001, Binary: 0.5958)
  Batch 5200/6019, Loss: 0.2607 (Main: 0.1055, Margin: 0.0005, Binary: 0.7760)
  Batch 5300/6019, Loss: 0.2376 (Main: 0.1098, Margin: 0.0001, Binary: 0.6390)
  Batch 5400/6019, Loss: 0.3122 (Main: 0.1287, Margin: 0.0037, Binary: 0.9156)
  Batch 5500/6019, Loss: 0.2261 (Main: 0.0788, Margin: 0.0001, Binary: 0.7363)
  Batch 5600/6019, Loss: 0.2486 (Main: 0.0780, Margin: 0.0001, Binary: 0.8529)
  Batch 5700/6019, Loss: 0.2799 (Main: 0.0948, Margin: 0.0002, Binary: 0.9256)
  Batch 5800/6019, Loss: 0.1681 (Main: 0.0669, Margin: 0.0002, Binary: 0.5055)
  Batch 5900/6019, Loss: 0.2075 (Main: 0.0768, Margin: 0.0011, Binary: 0.6527)
  Batch 6000/6019, Loss: 0.3450 (Main: 0.1974, Margin: 0.0002, Binary: 0.7378)
  Avg Losses - Total: 0.2865, Main: 0.1313, Margin: 0.0003, Binary: 0.7757
Train Loss: 0.2865
Val Loss: 0.5565, Val Macro F1: 0.7364
Per-class F1 scores:
  Class 0: 0.8636 (confusable with 1)
  Class 1: 0.4716 (confusable with 0)
  Class 2: 0.7555 (confusable with 3)
  Class 3: 0.6199 (confusable with 2)
  Class 4: 0.9087
  Class 5: 0.7992
Current learning rate: 0.000800
✓ Saved best model with Val F1: 0.7364

============================================================
Epoch 5/50
============================================================
  Batch 0/6019, Loss: 0.2795 (Main: 0.1344, Margin: 0.0000, Binary: 0.7258)
  Batch 100/6019, Loss: 0.2153 (Main: 0.0833, Margin: 0.0000, Binary: 0.6602)
  Batch 200/6019, Loss: 0.2678 (Main: 0.1117, Margin: 0.0001, Binary: 0.7803)
  Batch 300/6019, Loss: 0.2808 (Main: 0.1139, Margin: 0.0001, Binary: 0.8345)
  Batch 400/6019, Loss: 0.3018 (Main: 0.1307, Margin: 0.0001, Binary: 0.8553)
  Batch 500/6019, Loss: 0.2824 (Main: 0.1141, Margin: 0.0002, Binary: 0.8413)
  Batch 600/6019, Loss: 0.2393 (Main: 0.0866, Margin: 0.0003, Binary: 0.7632)
  Batch 700/6019, Loss: 0.1935 (Main: 0.0799, Margin: 0.0002, Binary: 0.5677)
  Batch 800/6019, Loss: 0.5279 (Main: 0.4002, Margin: 0.0004, Binary: 0.6384)
  Batch 900/6019, Loss: 0.2875 (Main: 0.1328, Margin: 0.0003, Binary: 0.7735)
  Batch 1000/6019, Loss: 0.2410 (Main: 0.0950, Margin: 0.0002, Binary: 0.7297)
  Batch 1100/6019, Loss: 0.2298 (Main: 0.1034, Margin: 0.0001, Binary: 0.6320)
  Batch 1200/6019, Loss: 0.3745 (Main: 0.1871, Margin: 0.0006, Binary: 0.9366)
  Batch 1300/6019, Loss: 0.3207 (Main: 0.1294, Margin: 0.0002, Binary: 0.9564)
  Batch 1400/6019, Loss: 0.2987 (Main: 0.1509, Margin: 0.0001, Binary: 0.7390)
  Batch 1500/6019, Loss: 0.2885 (Main: 0.1178, Margin: 0.0014, Binary: 0.8528)
  Batch 1600/6019, Loss: 0.2722 (Main: 0.1219, Margin: 0.0006, Binary: 0.7514)
  Batch 1700/6019, Loss: 0.2459 (Main: 0.0859, Margin: 0.0000, Binary: 0.8001)
  Batch 1800/6019, Loss: 0.2786 (Main: 0.1026, Margin: 0.0000, Binary: 0.8796)
  Batch 1900/6019, Loss: 0.2832 (Main: 0.1257, Margin: 0.0003, Binary: 0.7875)
  Batch 2000/6019, Loss: 0.2463 (Main: 0.1211, Margin: 0.0002, Binary: 0.6261)
  Batch 2100/6019, Loss: 0.2480 (Main: 0.1628, Margin: 0.0001, Binary: 0.4256)
  Batch 2200/6019, Loss: 0.3043 (Main: 0.1372, Margin: 0.0002, Binary: 0.8355)
  Batch 2300/6019, Loss: 0.2652 (Main: 0.1118, Margin: 0.0003, Binary: 0.7668)
  Batch 2400/6019, Loss: 0.2702 (Main: 0.1157, Margin: 0.0006, Binary: 0.7722)
  Batch 2500/6019, Loss: 0.2595 (Main: 0.1220, Margin: 0.0004, Binary: 0.6875)
  Batch 2600/6019, Loss: 0.2437 (Main: 0.1286, Margin: 0.0000, Binary: 0.5755)
  Batch 2700/6019, Loss: 0.2610 (Main: 0.1033, Margin: 0.0028, Binary: 0.7872)
  Batch 2800/6019, Loss: 0.4216 (Main: 0.2351, Margin: 0.0012, Binary: 0.9317)
  Batch 2900/6019, Loss: 0.2930 (Main: 0.1360, Margin: 0.0002, Binary: 0.7851)
  Batch 3000/6019, Loss: 0.2395 (Main: 0.1011, Margin: 0.0001, Binary: 0.6919)
  Batch 3100/6019, Loss: 0.2936 (Main: 0.1239, Margin: 0.0006, Binary: 0.8482)
  Batch 3200/6019, Loss: 0.2297 (Main: 0.1140, Margin: 0.0000, Binary: 0.5785)
  Batch 3300/6019, Loss: 0.3046 (Main: 0.1153, Margin: 0.0004, Binary: 0.9461)
  Batch 3400/6019, Loss: 0.2769 (Main: 0.1521, Margin: 0.0002, Binary: 0.6239)
  Batch 3500/6019, Loss: 0.2166 (Main: 0.0810, Margin: 0.0002, Binary: 0.6780)
  Batch 3600/6019, Loss: 0.3160 (Main: 0.1189, Margin: 0.0009, Binary: 0.9851)
  Batch 3700/6019, Loss: 0.3028 (Main: 0.1292, Margin: 0.0019, Binary: 0.8670)
  Batch 3800/6019, Loss: 0.2735 (Main: 0.1046, Margin: 0.0001, Binary: 0.8445)
  Batch 3900/6019, Loss: 0.2706 (Main: 0.0946, Margin: 0.0001, Binary: 0.8801)
  Batch 4000/6019, Loss: 0.2684 (Main: 0.1191, Margin: 0.0004, Binary: 0.7465)
  Batch 4100/6019, Loss: 0.2869 (Main: 0.1518, Margin: 0.0004, Binary: 0.6754)
  Batch 4200/6019, Loss: 0.3283 (Main: 0.1330, Margin: 0.0002, Binary: 0.9760)
  Batch 4300/6019, Loss: 0.2915 (Main: 0.1451, Margin: 0.0007, Binary: 0.7317)
  Batch 4400/6019, Loss: 0.2975 (Main: 0.1622, Margin: 0.0001, Binary: 0.6764)
  Batch 4500/6019, Loss: 0.2007 (Main: 0.0661, Margin: 0.0004, Binary: 0.6728)
  Batch 4600/6019, Loss: 0.2687 (Main: 0.1056, Margin: 0.0000, Binary: 0.8157)
  Batch 4700/6019, Loss: 0.3577 (Main: 0.1575, Margin: 0.0000, Binary: 1.0008)
  Batch 4800/6019, Loss: 0.2913 (Main: 0.1295, Margin: 0.0001, Binary: 0.8089)
  Batch 4900/6019, Loss: 0.3559 (Main: 0.1837, Margin: 0.0002, Binary: 0.8612)
  Batch 5000/6019, Loss: 0.2558 (Main: 0.0958, Margin: 0.0001, Binary: 0.7998)
  Batch 5100/6019, Loss: 0.3017 (Main: 0.1491, Margin: 0.0008, Binary: 0.7624)
  Batch 5200/6019, Loss: 0.2361 (Main: 0.1089, Margin: 0.0000, Binary: 0.6358)
  Batch 5300/6019, Loss: 0.2545 (Main: 0.1114, Margin: 0.0001, Binary: 0.7154)
  Batch 5400/6019, Loss: 0.2526 (Main: 0.1157, Margin: 0.0001, Binary: 0.6845)
  Batch 5500/6019, Loss: 0.2397 (Main: 0.0932, Margin: 0.0002, Binary: 0.7326)
  Batch 5600/6019, Loss: 0.2841 (Main: 0.1579, Margin: 0.0000, Binary: 0.6311)
  Batch 5700/6019, Loss: 0.3372 (Main: 0.1281, Margin: 0.0006, Binary: 1.0452)
  Batch 5800/6019, Loss: 0.2270 (Main: 0.0824, Margin: 0.0001, Binary: 0.7232)
  Batch 5900/6019, Loss: 0.2639 (Main: 0.1006, Margin: 0.0002, Binary: 0.8167)
  Batch 6000/6019, Loss: 0.2417 (Main: 0.0998, Margin: 0.0001, Binary: 0.7095)
  Avg Losses - Total: 0.2760, Main: 0.1246, Margin: 0.0003, Binary: 0.7566
Train Loss: 0.2760
Val Loss: 0.4713, Val Macro F1: 0.7533
Per-class F1 scores:
  Class 0: 0.9155 (confusable with 1)
  Class 1: 0.5746 (confusable with 0)
  Class 2: 0.8211 (confusable with 3)
  Class 3: 0.4652 (confusable with 2)
  Class 4: 0.9030
  Class 5: 0.8403
Current learning rate: 0.001000
✓ Saved best model with Val F1: 0.7533

============================================================
Epoch 6/50
============================================================
  Batch 0/6019, Loss: 0.1873 (Main: 0.0793, Margin: 0.0001, Binary: 0.5401)
  Batch 100/6019, Loss: 0.2033 (Main: 0.0805, Margin: 0.0000, Binary: 0.6142)
  Batch 200/6019, Loss: 0.2746 (Main: 0.0975, Margin: 0.0007, Binary: 0.8846)
  Batch 300/6019, Loss: 0.3106 (Main: 0.1272, Margin: 0.0019, Binary: 0.9163)
  Batch 400/6019, Loss: 0.3268 (Main: 0.1593, Margin: 0.0001, Binary: 0.8374)
  Batch 500/6019, Loss: 0.2594 (Main: 0.1172, Margin: 0.0003, Binary: 0.7106)
  Batch 600/6019, Loss: 0.2124 (Main: 0.0912, Margin: 0.0004, Binary: 0.6056)
  Batch 700/6019, Loss: 0.2024 (Main: 0.0776, Margin: 0.0008, Binary: 0.6234)
  Batch 800/6019, Loss: 0.2630 (Main: 0.1023, Margin: 0.0001, Binary: 0.8034)
  Batch 900/6019, Loss: 0.2484 (Main: 0.0977, Margin: 0.0003, Binary: 0.7535)
  Batch 1000/6019, Loss: 0.2618 (Main: 0.0955, Margin: 0.0003, Binary: 0.8313)
  Batch 1100/6019, Loss: 0.3408 (Main: 0.1416, Margin: 0.0005, Binary: 0.9959)
  Batch 1200/6019, Loss: 0.2322 (Main: 0.1005, Margin: 0.0002, Binary: 0.6583)
  Batch 1300/6019, Loss: 0.2336 (Main: 0.0756, Margin: 0.0001, Binary: 0.7898)
  Batch 1400/6019, Loss: 0.2562 (Main: 0.0988, Margin: 0.0001, Binary: 0.7873)
  Batch 1500/6019, Loss: 0.2571 (Main: 0.1058, Margin: 0.0005, Binary: 0.7563)
  Batch 1600/6019, Loss: 0.2400 (Main: 0.1008, Margin: 0.0002, Binary: 0.6960)
  Batch 1700/6019, Loss: 0.2479 (Main: 0.1087, Margin: 0.0001, Binary: 0.6958)
  Batch 1800/6019, Loss: 0.3701 (Main: 0.1983, Margin: 0.0007, Binary: 0.8584)
  Batch 1900/6019, Loss: 0.2012 (Main: 0.0669, Margin: 0.0002, Binary: 0.6714)
  Batch 2000/6019, Loss: 0.2899 (Main: 0.1228, Margin: 0.0004, Binary: 0.8356)
  Batch 2100/6019, Loss: 0.1774 (Main: 0.0840, Margin: 0.0000, Binary: 0.4669)
  Batch 2200/6019, Loss: 0.2584 (Main: 0.0945, Margin: 0.0002, Binary: 0.8195)
  Batch 2300/6019, Loss: 0.1904 (Main: 0.0680, Margin: 0.0004, Binary: 0.6121)
  Batch 2400/6019, Loss: 0.2852 (Main: 0.1187, Margin: 0.0001, Binary: 0.8326)
  Batch 2500/6019, Loss: 0.2912 (Main: 0.1311, Margin: 0.0005, Binary: 0.7999)
  Batch 2600/6019, Loss: 0.3163 (Main: 0.1414, Margin: 0.0007, Binary: 0.8745)
  Batch 2700/6019, Loss: 0.2293 (Main: 0.1195, Margin: 0.0001, Binary: 0.5493)
  Batch 2800/6019, Loss: 0.2685 (Main: 0.1239, Margin: 0.0005, Binary: 0.7225)
  Batch 2900/6019, Loss: 0.2313 (Main: 0.1071, Margin: 0.0001, Binary: 0.6208)
  Batch 3000/6019, Loss: 0.3016 (Main: 0.1767, Margin: 0.0000, Binary: 0.6247)
  Batch 3100/6019, Loss: 0.2413 (Main: 0.0918, Margin: 0.0003, Binary: 0.7474)
  Batch 3200/6019, Loss: 0.2867 (Main: 0.1063, Margin: 0.0002, Binary: 0.9017)
  Batch 3300/6019, Loss: 0.3291 (Main: 0.1556, Margin: 0.0002, Binary: 0.8674)
  Batch 3400/6019, Loss: 0.2840 (Main: 0.1146, Margin: 0.0007, Binary: 0.8468)
  Batch 3500/6019, Loss: 0.3207 (Main: 0.1316, Margin: 0.0004, Binary: 0.9453)
  Batch 3600/6019, Loss: 0.3846 (Main: 0.1999, Margin: 0.0005, Binary: 0.9236)
  Batch 3700/6019, Loss: 0.3556 (Main: 0.1998, Margin: 0.0001, Binary: 0.7790)
  Batch 3800/6019, Loss: 0.3021 (Main: 0.1265, Margin: 0.0007, Binary: 0.8779)
  Batch 3900/6019, Loss: 0.2574 (Main: 0.1041, Margin: 0.0004, Binary: 0.7667)
  Batch 4000/6019, Loss: 0.1952 (Main: 0.0747, Margin: 0.0001, Binary: 0.6027)
  Batch 4100/6019, Loss: 0.2939 (Main: 0.1163, Margin: 0.0000, Binary: 0.8883)
  Batch 4200/6019, Loss: 0.2213 (Main: 0.0888, Margin: 0.0002, Binary: 0.6627)
  Batch 4300/6019, Loss: 0.2472 (Main: 0.1102, Margin: 0.0004, Binary: 0.6845)
  Batch 4400/6019, Loss: 0.1669 (Main: 0.0836, Margin: 0.0001, Binary: 0.4166)
  Batch 4500/6019, Loss: 0.3555 (Main: 0.1305, Margin: 0.0000, Binary: 1.1253)
  Batch 4600/6019, Loss: 0.2158 (Main: 0.0763, Margin: 0.0001, Binary: 0.6970)
  Batch 4700/6019, Loss: 0.2494 (Main: 0.0985, Margin: 0.0007, Binary: 0.7540)
  Batch 4800/6019, Loss: 0.3319 (Main: 0.1465, Margin: 0.0002, Binary: 0.9270)
  Batch 4900/6019, Loss: 0.2011 (Main: 0.0736, Margin: 0.0009, Binary: 0.6367)
  Batch 5000/6019, Loss: 0.2468 (Main: 0.0904, Margin: 0.0006, Binary: 0.7817)
  Batch 5100/6019, Loss: 0.2775 (Main: 0.1046, Margin: 0.0004, Binary: 0.8647)
  Batch 5200/6019, Loss: 0.2598 (Main: 0.1045, Margin: 0.0000, Binary: 0.7762)
  Batch 5300/6019, Loss: 0.2338 (Main: 0.1114, Margin: 0.0006, Binary: 0.6116)
  Batch 5400/6019, Loss: 0.3284 (Main: 0.1732, Margin: 0.0000, Binary: 0.7761)
  Batch 5500/6019, Loss: 0.2345 (Main: 0.1178, Margin: 0.0003, Binary: 0.5835)
  Batch 5600/6019, Loss: 0.2211 (Main: 0.0802, Margin: 0.0004, Binary: 0.7040)
  Batch 5700/6019, Loss: 0.1908 (Main: 0.0559, Margin: 0.0000, Binary: 0.6744)
  Batch 5800/6019, Loss: 0.2493 (Main: 0.0945, Margin: 0.0003, Binary: 0.7740)
  Batch 5900/6019, Loss: 0.2370 (Main: 0.0999, Margin: 0.0011, Binary: 0.6845)
  Batch 6000/6019, Loss: 0.1526 (Main: 0.0594, Margin: 0.0000, Binary: 0.4660)
  Avg Losses - Total: 0.2646, Main: 0.1170, Margin: 0.0003, Binary: 0.7382
Train Loss: 0.2646
Val Loss: 0.5667, Val Macro F1: 0.7547
Per-class F1 scores:
  Class 0: 0.8434 (confusable with 1)
  Class 1: 0.4642 (confusable with 0)
  Class 2: 0.8119 (confusable with 3)
  Class 3: 0.5997 (confusable with 2)
  Class 4: 0.9345
  Class 5: 0.8747
Current learning rate: 0.001000
✓ Saved best model with Val F1: 0.7547

============================================================
Epoch 7/50
============================================================
  Batch 0/6019, Loss: 0.2406 (Main: 0.0909, Margin: 0.0007, Binary: 0.7484)
  Batch 100/6019, Loss: 0.2966 (Main: 0.1422, Margin: 0.0003, Binary: 0.7718)
  Batch 200/6019, Loss: 0.2309 (Main: 0.0877, Margin: 0.0000, Binary: 0.7159)
  Batch 300/6019, Loss: 0.2368 (Main: 0.0929, Margin: 0.0004, Binary: 0.7195)
  Batch 400/6019, Loss: 0.2295 (Main: 0.0795, Margin: 0.0003, Binary: 0.7498)
  Batch 500/6019, Loss: 0.2724 (Main: 0.1046, Margin: 0.0000, Binary: 0.8390)
  Batch 600/6019, Loss: 0.1864 (Main: 0.0697, Margin: 0.0004, Binary: 0.5831)
  Batch 700/6019, Loss: 0.3487 (Main: 0.1660, Margin: 0.0001, Binary: 0.9134)
  Batch 800/6019, Loss: 0.2945 (Main: 0.1242, Margin: 0.0008, Binary: 0.8510)
  Batch 900/6019, Loss: 0.2224 (Main: 0.0852, Margin: 0.0004, Binary: 0.6856)
  Batch 1000/6019, Loss: 0.2206 (Main: 0.0763, Margin: 0.0001, Binary: 0.7215)
  Batch 1100/6019, Loss: 0.2045 (Main: 0.0702, Margin: 0.0000, Binary: 0.6715)
  Batch 1200/6019, Loss: 0.3201 (Main: 0.1160, Margin: 0.0003, Binary: 1.0203)
  Batch 1300/6019, Loss: 0.2045 (Main: 0.0797, Margin: 0.0001, Binary: 0.6238)
  Batch 1400/6019, Loss: 0.1649 (Main: 0.0597, Margin: 0.0002, Binary: 0.5261)
  Batch 1500/6019, Loss: 0.2655 (Main: 0.1414, Margin: 0.0001, Binary: 0.6204)
  Batch 1600/6019, Loss: 0.2627 (Main: 0.1155, Margin: 0.0004, Binary: 0.7358)
  Batch 1700/6019, Loss: 0.2329 (Main: 0.0772, Margin: 0.0004, Binary: 0.7780)
  Batch 1800/6019, Loss: 0.1791 (Main: 0.0615, Margin: 0.0001, Binary: 0.5879)
  Batch 1900/6019, Loss: 0.2442 (Main: 0.0929, Margin: 0.0002, Binary: 0.7560)
  Batch 2000/6019, Loss: 0.2218 (Main: 0.0975, Margin: 0.0003, Binary: 0.6213)
  Batch 2100/6019, Loss: 0.2334 (Main: 0.0912, Margin: 0.0002, Binary: 0.7111)
  Batch 2200/6019, Loss: 0.2452 (Main: 0.1125, Margin: 0.0001, Binary: 0.6632)
  Batch 2300/6019, Loss: 0.2283 (Main: 0.0963, Margin: 0.0004, Binary: 0.6600)
  Batch 2400/6019, Loss: 0.2284 (Main: 0.0891, Margin: 0.0000, Binary: 0.6964)
  Batch 2500/6019, Loss: 0.1883 (Main: 0.0805, Margin: 0.0002, Binary: 0.5388)
  Batch 2600/6019, Loss: 0.3044 (Main: 0.1624, Margin: 0.0002, Binary: 0.7101)
  Batch 2700/6019, Loss: 0.2726 (Main: 0.1379, Margin: 0.0007, Binary: 0.6731)
  Batch 2800/6019, Loss: 0.1850 (Main: 0.0832, Margin: 0.0002, Binary: 0.5089)
  Batch 2900/6019, Loss: 0.2179 (Main: 0.0897, Margin: 0.0007, Binary: 0.6406)
  Batch 3000/6019, Loss: 0.2599 (Main: 0.1026, Margin: 0.0002, Binary: 0.7864)
  Batch 3100/6019, Loss: 0.2028 (Main: 0.0843, Margin: 0.0002, Binary: 0.5926)
  Batch 3200/6019, Loss: 0.2225 (Main: 0.0875, Margin: 0.0002, Binary: 0.6749)
  Batch 3300/6019, Loss: 0.2273 (Main: 0.0711, Margin: 0.0002, Binary: 0.7806)
  Batch 3400/6019, Loss: 0.2771 (Main: 0.1170, Margin: 0.0001, Binary: 0.8002)
  Batch 3500/6019, Loss: 0.2841 (Main: 0.1406, Margin: 0.0016, Binary: 0.7165)
  Batch 3600/6019, Loss: 0.2470 (Main: 0.1040, Margin: 0.0001, Binary: 0.7152)
  Batch 3700/6019, Loss: 0.2694 (Main: 0.1573, Margin: 0.0001, Binary: 0.5603)
  Batch 3800/6019, Loss: 0.2424 (Main: 0.1058, Margin: 0.0002, Binary: 0.6829)
  Batch 3900/6019, Loss: 0.2902 (Main: 0.1087, Margin: 0.0005, Binary: 0.9075)
  Batch 4000/6019, Loss: 0.2506 (Main: 0.0959, Margin: 0.0001, Binary: 0.7732)
  Batch 4100/6019, Loss: 0.2800 (Main: 0.1039, Margin: 0.0004, Binary: 0.8799)
  Batch 4200/6019, Loss: 0.2834 (Main: 0.1766, Margin: 0.0003, Binary: 0.5336)
  Batch 4300/6019, Loss: 0.3036 (Main: 0.1604, Margin: 0.0004, Binary: 0.7157)
  Batch 4400/6019, Loss: 0.2720 (Main: 0.1387, Margin: 0.0000, Binary: 0.6664)
  Batch 4500/6019, Loss: 0.3236 (Main: 0.1699, Margin: 0.0005, Binary: 0.7684)
  Batch 4600/6019, Loss: 0.2340 (Main: 0.0904, Margin: 0.0003, Binary: 0.7178)
  Batch 4700/6019, Loss: 0.1727 (Main: 0.0641, Margin: 0.0000, Binary: 0.5429)
  Batch 4800/6019, Loss: 0.2032 (Main: 0.0829, Margin: 0.0005, Binary: 0.6012)
  Batch 4900/6019, Loss: 0.2236 (Main: 0.0760, Margin: 0.0003, Binary: 0.7377)
  Batch 5000/6019, Loss: 0.2033 (Main: 0.0848, Margin: 0.0001, Binary: 0.5927)
  Batch 5100/6019, Loss: 0.3345 (Main: 0.1336, Margin: 0.0001, Binary: 1.0040)
  Batch 5200/6019, Loss: 0.2860 (Main: 0.1265, Margin: 0.0001, Binary: 0.7976)
  Batch 5300/6019, Loss: 0.2674 (Main: 0.1316, Margin: 0.0003, Binary: 0.6789)
  Batch 5400/6019, Loss: 0.2191 (Main: 0.0867, Margin: 0.0002, Binary: 0.6622)
  Batch 5500/6019, Loss: 0.2930 (Main: 0.1533, Margin: 0.0001, Binary: 0.6986)
  Batch 5600/6019, Loss: 0.2125 (Main: 0.0831, Margin: 0.0002, Binary: 0.6470)
  Batch 5700/6019, Loss: 0.1676 (Main: 0.0737, Margin: 0.0000, Binary: 0.4698)
  Batch 5800/6019, Loss: 0.1687 (Main: 0.0629, Margin: 0.0001, Binary: 0.5288)
  Batch 5900/6019, Loss: 0.2665 (Main: 0.1052, Margin: 0.0001, Binary: 0.8066)
  Batch 6000/6019, Loss: 0.2346 (Main: 0.0913, Margin: 0.0001, Binary: 0.7166)
  Avg Losses - Total: 0.2552, Main: 0.1109, Margin: 0.0003, Binary: 0.7210
Train Loss: 0.2552
Val Loss: 0.4339, Val Macro F1: 0.7864
Per-class F1 scores:
  Class 0: 0.9552 (confusable with 1)
  Class 1: 0.6854 (confusable with 0)
  Class 2: 0.8069 (confusable with 3)
  Class 3: 0.5746 (confusable with 2)
  Class 4: 0.9272
  Class 5: 0.7690
Current learning rate: 0.000976
✓ Saved best model with Val F1: 0.7864

============================================================
Epoch 8/50
============================================================
  Batch 0/6019, Loss: 0.2031 (Main: 0.1013, Margin: 0.0001, Binary: 0.5088)
  Batch 100/6019, Loss: 0.2274 (Main: 0.0831, Margin: 0.0002, Binary: 0.7217)
  Batch 200/6019, Loss: 0.2480 (Main: 0.1344, Margin: 0.0002, Binary: 0.5680)
  Batch 300/6019, Loss: 0.1954 (Main: 0.0707, Margin: 0.0003, Binary: 0.6231)
  Batch 400/6019, Loss: 0.1602 (Main: 0.0707, Margin: 0.0000, Binary: 0.4477)
  Batch 500/6019, Loss: 0.2724 (Main: 0.1362, Margin: 0.0002, Binary: 0.6805)
  Batch 600/6019, Loss: 0.1729 (Main: 0.0600, Margin: 0.0000, Binary: 0.5649)
  Batch 700/6019, Loss: 0.3381 (Main: 0.1327, Margin: 0.0002, Binary: 1.0267)
  Batch 800/6019, Loss: 0.2242 (Main: 0.0866, Margin: 0.0001, Binary: 0.6876)
  Batch 900/6019, Loss: 0.2397 (Main: 0.1153, Margin: 0.0001, Binary: 0.6218)
  Batch 1000/6019, Loss: 0.2630 (Main: 0.0996, Margin: 0.0002, Binary: 0.8172)
  Batch 1100/6019, Loss: 0.2116 (Main: 0.0861, Margin: 0.0000, Binary: 0.6275)
  Batch 1200/6019, Loss: 0.2338 (Main: 0.1094, Margin: 0.0008, Binary: 0.6215)
  Batch 1300/6019, Loss: 0.2164 (Main: 0.0753, Margin: 0.0000, Binary: 0.7052)
  Batch 1400/6019, Loss: 0.2569 (Main: 0.1103, Margin: 0.0032, Binary: 0.7316)
  Batch 1500/6019, Loss: 0.3647 (Main: 0.2265, Margin: 0.0003, Binary: 0.6909)
  Batch 1600/6019, Loss: 0.2432 (Main: 0.0883, Margin: 0.0007, Binary: 0.7739)
  Batch 1700/6019, Loss: 0.2942 (Main: 0.1253, Margin: 0.0012, Binary: 0.8438)
  Batch 1800/6019, Loss: 0.2429 (Main: 0.0855, Margin: 0.0005, Binary: 0.7868)
  Batch 1900/6019, Loss: 0.1844 (Main: 0.0938, Margin: 0.0004, Binary: 0.4527)
  Batch 2000/6019, Loss: 0.2992 (Main: 0.1450, Margin: 0.0002, Binary: 0.7707)
  Batch 2100/6019, Loss: 0.2597 (Main: 0.0950, Margin: 0.0010, Binary: 0.8229)
  Batch 2200/6019, Loss: 0.1826 (Main: 0.0550, Margin: 0.0000, Binary: 0.6378)
  Batch 2300/6019, Loss: 0.2134 (Main: 0.0915, Margin: 0.0005, Binary: 0.6093)
  Batch 2400/6019, Loss: 0.3356 (Main: 0.1886, Margin: 0.0000, Binary: 0.7352)
  Batch 2500/6019, Loss: 0.3065 (Main: 0.1001, Margin: 0.0001, Binary: 1.0318)
  Batch 2600/6019, Loss: 0.2515 (Main: 0.0956, Margin: 0.0000, Binary: 0.7797)
  Batch 2700/6019, Loss: 0.2903 (Main: 0.1215, Margin: 0.0001, Binary: 0.8439)
  Batch 2800/6019, Loss: 0.2718 (Main: 0.0877, Margin: 0.0018, Binary: 0.9196)
  Batch 2900/6019, Loss: 0.1956 (Main: 0.0758, Margin: 0.0000, Binary: 0.5989)
  Batch 3000/6019, Loss: 0.2432 (Main: 0.1033, Margin: 0.0001, Binary: 0.6994)
  Batch 3100/6019, Loss: 0.1703 (Main: 0.0641, Margin: 0.0001, Binary: 0.5312)
  Batch 3200/6019, Loss: 0.2299 (Main: 0.1195, Margin: 0.0002, Binary: 0.5517)
  Batch 3300/6019, Loss: 0.2971 (Main: 0.1217, Margin: 0.0002, Binary: 0.8770)
  Batch 3400/6019, Loss: 0.2193 (Main: 0.0918, Margin: 0.0006, Binary: 0.6372)
  Batch 3500/6019, Loss: 0.2760 (Main: 0.1127, Margin: 0.0003, Binary: 0.8160)
  Batch 3600/6019, Loss: 0.2245 (Main: 0.0882, Margin: 0.0001, Binary: 0.6813)
  Batch 3700/6019, Loss: 0.2223 (Main: 0.0854, Margin: 0.0007, Binary: 0.6839)
  Batch 3800/6019, Loss: 0.3762 (Main: 0.2511, Margin: 0.0005, Binary: 0.6249)
  Batch 3900/6019, Loss: 0.2860 (Main: 0.0978, Margin: 0.0003, Binary: 0.9409)
  Batch 4000/6019, Loss: 0.2873 (Main: 0.1622, Margin: 0.0007, Binary: 0.6252)
  Batch 4100/6019, Loss: 0.2117 (Main: 0.0753, Margin: 0.0001, Binary: 0.6822)
  Batch 4200/6019, Loss: 0.3144 (Main: 0.1770, Margin: 0.0002, Binary: 0.6866)
  Batch 4300/6019, Loss: 0.3129 (Main: 0.1341, Margin: 0.0004, Binary: 0.8939)
  Batch 4400/6019, Loss: 0.2275 (Main: 0.0820, Margin: 0.0002, Binary: 0.7272)
  Batch 4500/6019, Loss: 0.2388 (Main: 0.0947, Margin: 0.0003, Binary: 0.7207)
  Batch 4600/6019, Loss: 0.1908 (Main: 0.0706, Margin: 0.0002, Binary: 0.6010)
  Batch 4700/6019, Loss: 0.2236 (Main: 0.0954, Margin: 0.0000, Binary: 0.6411)
  Batch 4800/6019, Loss: 0.1439 (Main: 0.0574, Margin: 0.0005, Binary: 0.4324)
  Batch 4900/6019, Loss: 0.3141 (Main: 0.1646, Margin: 0.0012, Binary: 0.7471)
  Batch 5000/6019, Loss: 0.3156 (Main: 0.1994, Margin: 0.0003, Binary: 0.5810)
  Batch 5100/6019, Loss: 0.2605 (Main: 0.1096, Margin: 0.0004, Binary: 0.7544)
  Batch 5200/6019, Loss: 0.2517 (Main: 0.1204, Margin: 0.0001, Binary: 0.6564)
  Batch 5300/6019, Loss: 0.3613 (Main: 0.1479, Margin: 0.0030, Binary: 1.0654)
  Batch 5400/6019, Loss: 0.2628 (Main: 0.1259, Margin: 0.0002, Binary: 0.6847)
  Batch 5500/6019, Loss: 0.2600 (Main: 0.0951, Margin: 0.0002, Binary: 0.8242)
  Batch 5600/6019, Loss: 0.2547 (Main: 0.1035, Margin: 0.0001, Binary: 0.7556)
  Batch 5700/6019, Loss: 0.1999 (Main: 0.0775, Margin: 0.0004, Binary: 0.6118)
  Batch 5800/6019, Loss: 0.2086 (Main: 0.0765, Margin: 0.0003, Binary: 0.6607)
  Batch 5900/6019, Loss: 0.2431 (Main: 0.1041, Margin: 0.0005, Binary: 0.6945)
  Batch 6000/6019, Loss: 0.2169 (Main: 0.0716, Margin: 0.0002, Binary: 0.7266)
  Avg Losses - Total: 0.2488, Main: 0.1067, Margin: 0.0004, Binary: 0.7105
Train Loss: 0.2488
Val Loss: 0.4534, Val Macro F1: 0.7939
Per-class F1 scores:
  Class 0: 0.9555 (confusable with 1)
  Class 1: 0.6790 (confusable with 0)
  Class 2: 0.7566 (confusable with 3)
  Class 3: 0.6432 (confusable with 2)
  Class 4: 0.9342
  Class 5: 0.7950
Current learning rate: 0.000905
✓ Saved best model with Val F1: 0.7939

============================================================
Epoch 9/50
============================================================
  Batch 0/6019, Loss: 0.2230 (Main: 0.1000, Margin: 0.0004, Binary: 0.6145)
  Batch 100/6019, Loss: 0.2768 (Main: 0.0994, Margin: 0.0028, Binary: 0.8853)
  Batch 200/6019, Loss: 0.2214 (Main: 0.0755, Margin: 0.0001, Binary: 0.7294)
  Batch 300/6019, Loss: 0.2546 (Main: 0.0902, Margin: 0.0002, Binary: 0.8220)
  Batch 400/6019, Loss: 0.1942 (Main: 0.0759, Margin: 0.0004, Binary: 0.5912)
  Batch 500/6019, Loss: 0.1613 (Main: 0.0697, Margin: 0.0002, Binary: 0.4579)
  Batch 600/6019, Loss: 0.2636 (Main: 0.1281, Margin: 0.0003, Binary: 0.6775)
  Batch 700/6019, Loss: 0.2694 (Main: 0.1052, Margin: 0.0004, Binary: 0.8206)
  Batch 800/6019, Loss: 0.1569 (Main: 0.0621, Margin: 0.0003, Binary: 0.4738)
  Batch 900/6019, Loss: 0.3004 (Main: 0.1660, Margin: 0.0000, Binary: 0.6720)
  Batch 1000/6019, Loss: 0.2137 (Main: 0.0784, Margin: 0.0005, Binary: 0.6762)
  Batch 1100/6019, Loss: 0.2372 (Main: 0.1234, Margin: 0.0012, Binary: 0.5687)
  Batch 1200/6019, Loss: 0.2790 (Main: 0.1215, Margin: 0.0017, Binary: 0.7869)
  Batch 1300/6019, Loss: 0.1599 (Main: 0.0715, Margin: 0.0002, Binary: 0.4417)
  Batch 1400/6019, Loss: 0.2455 (Main: 0.0954, Margin: 0.0012, Binary: 0.7498)
  Batch 1500/6019, Loss: 0.2888 (Main: 0.0963, Margin: 0.0004, Binary: 0.9622)
  Batch 1600/6019, Loss: 0.2518 (Main: 0.1125, Margin: 0.0002, Binary: 0.6967)
  Batch 1700/6019, Loss: 0.2125 (Main: 0.0765, Margin: 0.0002, Binary: 0.6799)
  Batch 1800/6019, Loss: 0.3155 (Main: 0.1143, Margin: 0.0000, Binary: 1.0058)
  Batch 1900/6019, Loss: 0.2380 (Main: 0.1242, Margin: 0.0002, Binary: 0.5688)
  Batch 2000/6019, Loss: 0.1980 (Main: 0.0724, Margin: 0.0000, Binary: 0.6279)
  Batch 2100/6019, Loss: 0.2399 (Main: 0.1139, Margin: 0.0000, Binary: 0.6301)
  Batch 2200/6019, Loss: 0.2844 (Main: 0.1100, Margin: 0.0005, Binary: 0.8715)
  Batch 2300/6019, Loss: 0.2049 (Main: 0.1073, Margin: 0.0001, Binary: 0.4878)
  Batch 2400/6019, Loss: 0.1647 (Main: 0.0604, Margin: 0.0001, Binary: 0.5213)
  Batch 2500/6019, Loss: 0.2101 (Main: 0.0878, Margin: 0.0002, Binary: 0.6111)
  Batch 2600/6019, Loss: 0.1768 (Main: 0.0582, Margin: 0.0002, Binary: 0.5927)
  Batch 2700/6019, Loss: 0.1738 (Main: 0.0720, Margin: 0.0008, Binary: 0.5084)
  Batch 2800/6019, Loss: 0.2374 (Main: 0.1173, Margin: 0.0008, Binary: 0.6002)
  Batch 2900/6019, Loss: 0.2233 (Main: 0.0952, Margin: 0.0007, Binary: 0.6402)
  Batch 3000/6019, Loss: 0.1961 (Main: 0.0805, Margin: 0.0002, Binary: 0.5777)
  Batch 3100/6019, Loss: 0.2133 (Main: 0.0818, Margin: 0.0002, Binary: 0.6576)
  Batch 3200/6019, Loss: 0.2564 (Main: 0.0903, Margin: 0.0012, Binary: 0.8296)
  Batch 3300/6019, Loss: 0.3138 (Main: 0.1503, Margin: 0.0005, Binary: 0.8174)
  Batch 3400/6019, Loss: 0.2074 (Main: 0.0772, Margin: 0.0006, Binary: 0.6505)
  Batch 3500/6019, Loss: 0.3095 (Main: 0.1556, Margin: 0.0002, Binary: 0.7692)
  Batch 3600/6019, Loss: 0.4376 (Main: 0.2961, Margin: 0.0006, Binary: 0.7072)
  Batch 3700/6019, Loss: 0.2074 (Main: 0.0766, Margin: 0.0001, Binary: 0.6539)
  Batch 3800/6019, Loss: 0.2210 (Main: 0.0806, Margin: 0.0005, Binary: 0.7017)
  Batch 3900/6019, Loss: 0.2392 (Main: 0.0991, Margin: 0.0002, Binary: 0.7004)
  Batch 4000/6019, Loss: 0.1532 (Main: 0.0596, Margin: 0.0003, Binary: 0.4677)
  Batch 4100/6019, Loss: 0.2361 (Main: 0.0867, Margin: 0.0000, Binary: 0.7472)
  Batch 4200/6019, Loss: 0.2971 (Main: 0.1286, Margin: 0.0003, Binary: 0.8427)
  Batch 4300/6019, Loss: 0.2017 (Main: 0.0857, Margin: 0.0002, Binary: 0.5800)
  Batch 4400/6019, Loss: 0.1978 (Main: 0.0925, Margin: 0.0000, Binary: 0.5266)
  Batch 4500/6019, Loss: 0.2215 (Main: 0.0926, Margin: 0.0001, Binary: 0.6444)
  Batch 4600/6019, Loss: 0.1938 (Main: 0.0703, Margin: 0.0002, Binary: 0.6172)
  Batch 4700/6019, Loss: 0.2337 (Main: 0.0886, Margin: 0.0002, Binary: 0.7253)
  Batch 4800/6019, Loss: 0.1889 (Main: 0.0699, Margin: 0.0003, Binary: 0.5948)
  Batch 4900/6019, Loss: 0.2789 (Main: 0.0973, Margin: 0.0003, Binary: 0.9078)
  Batch 5000/6019, Loss: 0.1895 (Main: 0.0753, Margin: 0.0002, Binary: 0.5709)
  Batch 5100/6019, Loss: 0.1849 (Main: 0.0707, Margin: 0.0005, Binary: 0.5710)
  Batch 5200/6019, Loss: 0.2529 (Main: 0.1360, Margin: 0.0001, Binary: 0.5845)
  Batch 5300/6019, Loss: 0.2820 (Main: 0.1392, Margin: 0.0002, Binary: 0.7138)
  Batch 5400/6019, Loss: 0.1494 (Main: 0.0608, Margin: 0.0001, Binary: 0.4434)
  Batch 5500/6019, Loss: 0.2181 (Main: 0.0775, Margin: 0.0006, Binary: 0.7028)
  Batch 5600/6019, Loss: 0.3055 (Main: 0.1323, Margin: 0.0004, Binary: 0.8658)
  Batch 5700/6019, Loss: 0.2342 (Main: 0.0825, Margin: 0.0011, Binary: 0.7578)
  Batch 5800/6019, Loss: 0.2838 (Main: 0.1022, Margin: 0.0006, Binary: 0.9075)
  Batch 5900/6019, Loss: 0.1804 (Main: 0.0652, Margin: 0.0002, Binary: 0.5760)
  Batch 6000/6019, Loss: 0.1618 (Main: 0.0578, Margin: 0.0001, Binary: 0.5200)
  Avg Losses - Total: 0.2433, Main: 0.1033, Margin: 0.0004, Binary: 0.6996
Train Loss: 0.2433
Val Loss: 0.4263, Val Macro F1: 0.7998
Per-class F1 scores:
  Class 0: 0.9584 (confusable with 1)
  Class 1: 0.7040 (confusable with 0)
  Class 2: 0.8119 (confusable with 3)
  Class 3: 0.5417 (confusable with 2)
  Class 4: 0.9229
  Class 5: 0.8600
Current learning rate: 0.000794
✓ Saved best model with Val F1: 0.7998

============================================================
Epoch 10/50
============================================================
  Batch 0/6019, Loss: 0.2199 (Main: 0.1074, Margin: 0.0002, Binary: 0.5620)
  Batch 100/6019, Loss: 0.1523 (Main: 0.0636, Margin: 0.0002, Binary: 0.4438)
  Batch 200/6019, Loss: 0.2466 (Main: 0.1082, Margin: 0.0006, Binary: 0.6915)
  Batch 300/6019, Loss: 0.2751 (Main: 0.1096, Margin: 0.0005, Binary: 0.8275)
  Batch 400/6019, Loss: 0.1846 (Main: 0.0737, Margin: 0.0001, Binary: 0.5546)
  Batch 500/6019, Loss: 0.2703 (Main: 0.0904, Margin: 0.0003, Binary: 0.8995)
  Batch 600/6019, Loss: 0.2458 (Main: 0.0864, Margin: 0.0001, Binary: 0.7968)
  Batch 700/6019, Loss: 0.1984 (Main: 0.0736, Margin: 0.0001, Binary: 0.6241)
  Batch 800/6019, Loss: 0.1986 (Main: 0.0687, Margin: 0.0023, Binary: 0.6484)
  Batch 900/6019, Loss: 0.2083 (Main: 0.0722, Margin: 0.0002, Binary: 0.6802)
  Batch 1000/6019, Loss: 0.2488 (Main: 0.0958, Margin: 0.0004, Binary: 0.7646)
  Batch 1100/6019, Loss: 0.2530 (Main: 0.0776, Margin: 0.0001, Binary: 0.8774)
  Batch 1200/6019, Loss: 0.2373 (Main: 0.1140, Margin: 0.0001, Binary: 0.6166)
  Batch 1300/6019, Loss: 0.3432 (Main: 0.1927, Margin: 0.0008, Binary: 0.7521)
  Batch 1400/6019, Loss: 0.1974 (Main: 0.0685, Margin: 0.0006, Binary: 0.6444)
  Batch 1500/6019, Loss: 0.2408 (Main: 0.0969, Margin: 0.0002, Binary: 0.7194)
  Batch 1600/6019, Loss: 0.2270 (Main: 0.0751, Margin: 0.0001, Binary: 0.7593)
  Batch 1700/6019, Loss: 0.2803 (Main: 0.1172, Margin: 0.0001, Binary: 0.8153)
  Batch 1800/6019, Loss: 0.2337 (Main: 0.0920, Margin: 0.0001, Binary: 0.7087)
  Batch 1900/6019, Loss: 0.2762 (Main: 0.1158, Margin: 0.0004, Binary: 0.8015)
  Batch 2000/6019, Loss: 0.1839 (Main: 0.0744, Margin: 0.0013, Binary: 0.5469)
  Batch 2100/6019, Loss: 0.2015 (Main: 0.0667, Margin: 0.0001, Binary: 0.6737)
  Batch 2200/6019, Loss: 0.2652 (Main: 0.0983, Margin: 0.0000, Binary: 0.8343)
  Batch 2300/6019, Loss: 0.2014 (Main: 0.0699, Margin: 0.0001, Binary: 0.6576)
  Batch 2400/6019, Loss: 0.2094 (Main: 0.0712, Margin: 0.0000, Binary: 0.6913)
  Batch 2500/6019, Loss: 0.2380 (Main: 0.1152, Margin: 0.0003, Binary: 0.6138)
  Batch 2600/6019, Loss: 0.2978 (Main: 0.1324, Margin: 0.0025, Binary: 0.8259)
  Batch 2700/6019, Loss: 0.1625 (Main: 0.0589, Margin: 0.0003, Binary: 0.5179)
  Batch 2800/6019, Loss: 0.3328 (Main: 0.1101, Margin: 0.0009, Binary: 1.1129)
  Batch 2900/6019, Loss: 0.2066 (Main: 0.0813, Margin: 0.0001, Binary: 0.6263)
  Batch 3000/6019, Loss: 0.2228 (Main: 0.0850, Margin: 0.0003, Binary: 0.6891)
  Batch 3100/6019, Loss: 0.3158 (Main: 0.1679, Margin: 0.0009, Binary: 0.7394)
  Batch 3200/6019, Loss: 0.2234 (Main: 0.0823, Margin: 0.0004, Binary: 0.7051)
  Batch 3300/6019, Loss: 0.1858 (Main: 0.0648, Margin: 0.0000, Binary: 0.6048)
  Batch 3400/6019, Loss: 0.2910 (Main: 0.1309, Margin: 0.0005, Binary: 0.8004)
  Batch 3500/6019, Loss: 0.1649 (Main: 0.0516, Margin: 0.0001, Binary: 0.5667)
  Batch 3600/6019, Loss: 0.2723 (Main: 0.1172, Margin: 0.0009, Binary: 0.7751)
  Batch 3700/6019, Loss: 0.2541 (Main: 0.0905, Margin: 0.0002, Binary: 0.8179)
  Batch 3800/6019, Loss: 0.2494 (Main: 0.0980, Margin: 0.0002, Binary: 0.7567)
  Batch 3900/6019, Loss: 0.2330 (Main: 0.0974, Margin: 0.0002, Binary: 0.6777)
  Batch 4000/6019, Loss: 0.2479 (Main: 0.0883, Margin: 0.0002, Binary: 0.7979)
  Batch 4100/6019, Loss: 0.1308 (Main: 0.0511, Margin: 0.0000, Binary: 0.3986)
  Batch 4200/6019, Loss: 0.3115 (Main: 0.1804, Margin: 0.0007, Binary: 0.6553)
  Batch 4300/6019, Loss: 0.2891 (Main: 0.1315, Margin: 0.0004, Binary: 0.7882)
  Batch 4400/6019, Loss: 0.2396 (Main: 0.0828, Margin: 0.0006, Binary: 0.7835)
  Batch 4500/6019, Loss: 0.2170 (Main: 0.0917, Margin: 0.0003, Binary: 0.6263)
  Batch 4600/6019, Loss: 0.2904 (Main: 0.1001, Margin: 0.0014, Binary: 0.9509)
  Batch 4700/6019, Loss: 0.2241 (Main: 0.0817, Margin: 0.0003, Binary: 0.7117)
  Batch 4800/6019, Loss: 0.1997 (Main: 0.0744, Margin: 0.0010, Binary: 0.6262)
  Batch 4900/6019, Loss: 0.1662 (Main: 0.0583, Margin: 0.0000, Binary: 0.5396)
  Batch 5000/6019, Loss: 0.2384 (Main: 0.1103, Margin: 0.0002, Binary: 0.6408)
  Batch 5100/6019, Loss: 0.2257 (Main: 0.0913, Margin: 0.0009, Binary: 0.6715)
  Batch 5200/6019, Loss: 0.2797 (Main: 0.1347, Margin: 0.0007, Binary: 0.7247)
  Batch 5300/6019, Loss: 0.2850 (Main: 0.1250, Margin: 0.0001, Binary: 0.7998)
  Batch 5400/6019, Loss: 0.2652 (Main: 0.1480, Margin: 0.0002, Binary: 0.5856)
  Batch 5500/6019, Loss: 0.2429 (Main: 0.0890, Margin: 0.0003, Binary: 0.7697)
  Batch 5600/6019, Loss: 0.2576 (Main: 0.0991, Margin: 0.0004, Binary: 0.7921)
  Batch 5700/6019, Loss: 0.2119 (Main: 0.0733, Margin: 0.0003, Binary: 0.6928)
  Batch 5800/6019, Loss: 0.1575 (Main: 0.0508, Margin: 0.0001, Binary: 0.5332)
  Batch 5900/6019, Loss: 0.2013 (Main: 0.0851, Margin: 0.0000, Binary: 0.5812)
  Batch 6000/6019, Loss: 0.3228 (Main: 0.1653, Margin: 0.0001, Binary: 0.7873)
  Avg Losses - Total: 0.2368, Main: 0.0991, Margin: 0.0003, Binary: 0.6883
Train Loss: 0.2368
Val Loss: 0.4351, Val Macro F1: 0.8032
Per-class F1 scores:
  Class 0: 0.9395 (confusable with 1)
  Class 1: 0.6530 (confusable with 0)
  Class 2: 0.8045 (confusable with 3)
  Class 3: 0.6294 (confusable with 2)
  Class 4: 0.9322
  Class 5: 0.8607
Current learning rate: 0.000655
✓ Saved best model with Val F1: 0.8032

============================================================
Epoch 11/50
============================================================
  Batch 0/6019, Loss: 0.3859 (Main: 0.2407, Margin: 0.0006, Binary: 0.7256)
  Batch 100/6019, Loss: 0.1878 (Main: 0.0863, Margin: 0.0001, Binary: 0.5072)
  Batch 200/6019, Loss: 0.2199 (Main: 0.0800, Margin: 0.0001, Binary: 0.6996)
  Batch 300/6019, Loss: 0.2454 (Main: 0.0992, Margin: 0.0008, Binary: 0.7307)
  Batch 400/6019, Loss: 0.2393 (Main: 0.1087, Margin: 0.0001, Binary: 0.6532)
  Batch 500/6019, Loss: 0.3209 (Main: 0.1221, Margin: 0.0000, Binary: 0.9942)
  Batch 600/6019, Loss: 0.2335 (Main: 0.0871, Margin: 0.0005, Binary: 0.7316)
  Batch 700/6019, Loss: 0.2348 (Main: 0.1248, Margin: 0.0001, Binary: 0.5501)
  Batch 800/6019, Loss: 0.2618 (Main: 0.1014, Margin: 0.0000, Binary: 0.8020)
  Batch 900/6019, Loss: 0.2265 (Main: 0.0911, Margin: 0.0002, Binary: 0.6767)
  Batch 1000/6019, Loss: 0.2168 (Main: 0.0864, Margin: 0.0001, Binary: 0.6516)
  Batch 1100/6019, Loss: 0.2047 (Main: 0.0681, Margin: 0.0001, Binary: 0.6829)
  Batch 1200/6019, Loss: 0.2468 (Main: 0.0925, Margin: 0.0002, Binary: 0.7713)
  Batch 1300/6019, Loss: 0.2141 (Main: 0.0720, Margin: 0.0002, Binary: 0.7104)
  Batch 1400/6019, Loss: 0.2169 (Main: 0.0836, Margin: 0.0001, Binary: 0.6662)
  Batch 1500/6019, Loss: 0.2750 (Main: 0.0887, Margin: 0.0001, Binary: 0.9314)
  Batch 1600/6019, Loss: 0.2086 (Main: 0.0723, Margin: 0.0001, Binary: 0.6813)
  Batch 1700/6019, Loss: 0.1890 (Main: 0.0751, Margin: 0.0002, Binary: 0.5695)
  Batch 1800/6019, Loss: 0.2010 (Main: 0.0688, Margin: 0.0001, Binary: 0.6613)
  Batch 1900/6019, Loss: 0.1902 (Main: 0.0686, Margin: 0.0003, Binary: 0.6081)
  Batch 2000/6019, Loss: 0.2544 (Main: 0.1145, Margin: 0.0002, Binary: 0.6995)
  Batch 2100/6019, Loss: 0.2925 (Main: 0.1705, Margin: 0.0004, Binary: 0.6098)
  Batch 2200/6019, Loss: 0.2122 (Main: 0.0783, Margin: 0.0002, Binary: 0.6697)
  Batch 2300/6019, Loss: 0.2163 (Main: 0.0941, Margin: 0.0002, Binary: 0.6111)
  Batch 2400/6019, Loss: 0.2593 (Main: 0.1244, Margin: 0.0003, Binary: 0.6747)
  Batch 2500/6019, Loss: 0.2554 (Main: 0.1097, Margin: 0.0000, Binary: 0.7284)
  Batch 2600/6019, Loss: 0.1873 (Main: 0.0750, Margin: 0.0000, Binary: 0.5615)
  Batch 2700/6019, Loss: 0.2439 (Main: 0.0949, Margin: 0.0003, Binary: 0.7451)
  Batch 2800/6019, Loss: 0.1683 (Main: 0.0626, Margin: 0.0000, Binary: 0.5284)
  Batch 2900/6019, Loss: 0.2558 (Main: 0.1055, Margin: 0.0002, Binary: 0.7510)
  Batch 3000/6019, Loss: 0.2330 (Main: 0.0906, Margin: 0.0007, Binary: 0.7115)
  Batch 3100/6019, Loss: 0.2382 (Main: 0.0909, Margin: 0.0000, Binary: 0.7367)
  Batch 3200/6019, Loss: 0.2732 (Main: 0.1217, Margin: 0.0011, Binary: 0.7569)
  Batch 3300/6019, Loss: 0.1608 (Main: 0.0637, Margin: 0.0000, Binary: 0.4856)
  Batch 3400/6019, Loss: 0.1990 (Main: 0.0800, Margin: 0.0001, Binary: 0.5949)
  Batch 3500/6019, Loss: 0.1933 (Main: 0.0838, Margin: 0.0001, Binary: 0.5476)
  Batch 3600/6019, Loss: 0.1923 (Main: 0.0657, Margin: 0.0002, Binary: 0.6331)
  Batch 3700/6019, Loss: 0.1643 (Main: 0.0647, Margin: 0.0003, Binary: 0.4976)
  Batch 3800/6019, Loss: 0.1836 (Main: 0.0688, Margin: 0.0001, Binary: 0.5738)
  Batch 3900/6019, Loss: 0.2689 (Main: 0.1026, Margin: 0.0003, Binary: 0.8315)
  Batch 4000/6019, Loss: 0.1874 (Main: 0.0811, Margin: 0.0000, Binary: 0.5315)
  Batch 4100/6019, Loss: 0.1808 (Main: 0.0714, Margin: 0.0004, Binary: 0.5469)
  Batch 4200/6019, Loss: 0.2450 (Main: 0.0956, Margin: 0.0002, Binary: 0.7470)
  Batch 4300/6019, Loss: 0.3683 (Main: 0.1706, Margin: 0.0011, Binary: 0.9878)
  Batch 4400/6019, Loss: 0.1887 (Main: 0.0637, Margin: 0.0002, Binary: 0.6248)
  Batch 4500/6019, Loss: 0.1604 (Main: 0.0663, Margin: 0.0000, Binary: 0.4706)
  Batch 4600/6019, Loss: 0.2577 (Main: 0.1689, Margin: 0.0002, Binary: 0.4443)
  Batch 4700/6019, Loss: 0.3111 (Main: 0.1102, Margin: 0.0002, Binary: 1.0047)
  Batch 4800/6019, Loss: 0.1685 (Main: 0.0589, Margin: 0.0005, Binary: 0.5480)
  Batch 4900/6019, Loss: 0.2546 (Main: 0.1080, Margin: 0.0005, Binary: 0.7327)
  Batch 5000/6019, Loss: 0.2094 (Main: 0.0838, Margin: 0.0003, Binary: 0.6279)
  Batch 5100/6019, Loss: 0.2917 (Main: 0.1176, Margin: 0.0002, Binary: 0.8703)
  Batch 5200/6019, Loss: 0.2461 (Main: 0.0998, Margin: 0.0003, Binary: 0.7312)
  Batch 5300/6019, Loss: 0.1667 (Main: 0.0720, Margin: 0.0003, Binary: 0.4734)
  Batch 5400/6019, Loss: 0.1827 (Main: 0.0643, Margin: 0.0000, Binary: 0.5918)
  Batch 5500/6019, Loss: 0.3915 (Main: 0.2065, Margin: 0.0012, Binary: 0.9243)
  Batch 5600/6019, Loss: 0.1955 (Main: 0.0774, Margin: 0.0000, Binary: 0.5904)
  Batch 5700/6019, Loss: 0.2412 (Main: 0.1124, Margin: 0.0002, Binary: 0.6439)
  Batch 5800/6019, Loss: 0.2510 (Main: 0.0934, Margin: 0.0014, Binary: 0.7870)
  Batch 5900/6019, Loss: 0.2103 (Main: 0.0975, Margin: 0.0000, Binary: 0.5639)
  Batch 6000/6019, Loss: 0.1664 (Main: 0.0677, Margin: 0.0002, Binary: 0.4931)
  Avg Losses - Total: 0.2297, Main: 0.0946, Margin: 0.0003, Binary: 0.6756
Train Loss: 0.2297
Val Loss: 0.4031, Val Macro F1: 0.7944
Per-class F1 scores:
  Class 0: 0.9335 (confusable with 1)
  Class 1: 0.6404 (confusable with 0)
  Class 2: 0.8270 (confusable with 3)
  Class 3: 0.5700 (confusable with 2)
  Class 4: 0.9191
  Class 5: 0.8768
Current learning rate: 0.000501

============================================================
Epoch 12/50
============================================================
  Batch 0/6019, Loss: 0.1879 (Main: 0.0696, Margin: 0.0001, Binary: 0.5914)
  Batch 100/6019, Loss: 0.1648 (Main: 0.0695, Margin: 0.0001, Binary: 0.4764)
  Batch 200/6019, Loss: 0.2554 (Main: 0.0909, Margin: 0.0003, Binary: 0.8220)
  Batch 300/6019, Loss: 0.3051 (Main: 0.1536, Margin: 0.0002, Binary: 0.7575)
  Batch 400/6019, Loss: 0.3408 (Main: 0.1931, Margin: 0.0004, Binary: 0.7386)
  Batch 500/6019, Loss: 0.1866 (Main: 0.0691, Margin: 0.0003, Binary: 0.5873)
  Batch 600/6019, Loss: 0.2627 (Main: 0.1005, Margin: 0.0008, Binary: 0.8108)
  Batch 700/6019, Loss: 0.2270 (Main: 0.0969, Margin: 0.0001, Binary: 0.6503)
  Batch 800/6019, Loss: 0.2182 (Main: 0.0773, Margin: 0.0001, Binary: 0.7047)
  Batch 900/6019, Loss: 0.2078 (Main: 0.0810, Margin: 0.0000, Binary: 0.6335)
  Batch 1000/6019, Loss: 0.2071 (Main: 0.0748, Margin: 0.0003, Binary: 0.6615)
  Batch 1100/6019, Loss: 0.2870 (Main: 0.1065, Margin: 0.0001, Binary: 0.9023)
  Batch 1200/6019, Loss: 0.2287 (Main: 0.0884, Margin: 0.0002, Binary: 0.7014)
  Batch 1300/6019, Loss: 0.2824 (Main: 0.1126, Margin: 0.0007, Binary: 0.8487)
  Batch 1400/6019, Loss: 0.2648 (Main: 0.0792, Margin: 0.0001, Binary: 0.9278)
  Batch 1500/6019, Loss: 0.1833 (Main: 0.0742, Margin: 0.0001, Binary: 0.5453)
  Batch 1600/6019, Loss: 0.1939 (Main: 0.0724, Margin: 0.0001, Binary: 0.6074)
  Batch 1700/6019, Loss: 0.3105 (Main: 0.1183, Margin: 0.0002, Binary: 0.9611)
  Batch 1800/6019, Loss: 0.3379 (Main: 0.1195, Margin: 0.0024, Binary: 1.0911)
  Batch 1900/6019, Loss: 0.2388 (Main: 0.1111, Margin: 0.0001, Binary: 0.6386)
  Batch 2000/6019, Loss: 0.2266 (Main: 0.0826, Margin: 0.0004, Binary: 0.7201)
  Batch 2100/6019, Loss: 0.2199 (Main: 0.0722, Margin: 0.0005, Binary: 0.7386)
  Batch 2200/6019, Loss: 0.1986 (Main: 0.0674, Margin: 0.0001, Binary: 0.6561)
  Batch 2300/6019, Loss: 0.1673 (Main: 0.0591, Margin: 0.0003, Binary: 0.5405)
  Batch 2400/6019, Loss: 0.1921 (Main: 0.0716, Margin: 0.0001, Binary: 0.6027)
  Batch 2500/6019, Loss: 0.2545 (Main: 0.0922, Margin: 0.0014, Binary: 0.8108)
  Batch 2600/6019, Loss: 0.2313 (Main: 0.0793, Margin: 0.0001, Binary: 0.7597)
  Batch 2700/6019, Loss: 0.2497 (Main: 0.1158, Margin: 0.0003, Binary: 0.6696)
  Batch 2800/6019, Loss: 0.1812 (Main: 0.0635, Margin: 0.0000, Binary: 0.5888)
  Batch 2900/6019, Loss: 0.1741 (Main: 0.0661, Margin: 0.0003, Binary: 0.5400)
  Batch 3000/6019, Loss: 0.2138 (Main: 0.0870, Margin: 0.0000, Binary: 0.6340)
  Batch 3100/6019, Loss: 0.2728 (Main: 0.1104, Margin: 0.0001, Binary: 0.8121)
  Batch 3200/6019, Loss: 0.2246 (Main: 0.0819, Margin: 0.0008, Binary: 0.7134)
  Batch 3300/6019, Loss: 0.1737 (Main: 0.0657, Margin: 0.0001, Binary: 0.5402)
  Batch 3400/6019, Loss: 0.2425 (Main: 0.0956, Margin: 0.0001, Binary: 0.7344)
  Batch 3500/6019, Loss: 0.2772 (Main: 0.1436, Margin: 0.0003, Binary: 0.6677)
  Batch 3600/6019, Loss: 0.2395 (Main: 0.1189, Margin: 0.0003, Binary: 0.6028)
  Batch 3700/6019, Loss: 0.2133 (Main: 0.0721, Margin: 0.0005, Binary: 0.7055)
  Batch 3800/6019, Loss: 0.2050 (Main: 0.0681, Margin: 0.0001, Binary: 0.6845)
  Batch 3900/6019, Loss: 0.1706 (Main: 0.0590, Margin: 0.0000, Binary: 0.5578)
  Batch 4000/6019, Loss: 0.2268 (Main: 0.0741, Margin: 0.0001, Binary: 0.7637)
  Batch 4100/6019, Loss: 0.2240 (Main: 0.0719, Margin: 0.0005, Binary: 0.7605)
  Batch 4200/6019, Loss: 0.2804 (Main: 0.1054, Margin: 0.0001, Binary: 0.8748)
  Batch 4300/6019, Loss: 0.1607 (Main: 0.0648, Margin: 0.0001, Binary: 0.4792)
  Batch 4400/6019, Loss: 0.1738 (Main: 0.0675, Margin: 0.0002, Binary: 0.5311)
  Batch 4500/6019, Loss: 0.2522 (Main: 0.0879, Margin: 0.0004, Binary: 0.8213)
  Batch 4600/6019, Loss: 0.2094 (Main: 0.0780, Margin: 0.0002, Binary: 0.6570)
  Batch 4700/6019, Loss: 0.1774 (Main: 0.0725, Margin: 0.0002, Binary: 0.5247)
  Batch 4800/6019, Loss: 0.2410 (Main: 0.0821, Margin: 0.0005, Binary: 0.7943)
  Batch 4900/6019, Loss: 0.1623 (Main: 0.0584, Margin: 0.0003, Binary: 0.5193)
  Batch 5000/6019, Loss: 0.2408 (Main: 0.0977, Margin: 0.0003, Binary: 0.7152)
  Batch 5100/6019, Loss: 0.2241 (Main: 0.0838, Margin: 0.0001, Binary: 0.7013)
  Batch 5200/6019, Loss: 0.0963 (Main: 0.0348, Margin: 0.0000, Binary: 0.3078)
  Batch 5300/6019, Loss: 0.2241 (Main: 0.0879, Margin: 0.0004, Binary: 0.6809)
  Batch 5400/6019, Loss: 0.1929 (Main: 0.0771, Margin: 0.0000, Binary: 0.5793)
  Batch 5500/6019, Loss: 0.2495 (Main: 0.1060, Margin: 0.0003, Binary: 0.7174)
  Batch 5600/6019, Loss: 0.2115 (Main: 0.0909, Margin: 0.0002, Binary: 0.6027)
  Batch 5700/6019, Loss: 0.2344 (Main: 0.1042, Margin: 0.0002, Binary: 0.6513)
  Batch 5800/6019, Loss: 0.2344 (Main: 0.0917, Margin: 0.0001, Binary: 0.7135)
  Batch 5900/6019, Loss: 0.2062 (Main: 0.0870, Margin: 0.0005, Binary: 0.5958)
  Batch 6000/6019, Loss: 0.2324 (Main: 0.0838, Margin: 0.0003, Binary: 0.7428)
  Avg Losses - Total: 0.2241, Main: 0.0909, Margin: 0.0002, Binary: 0.6659
Train Loss: 0.2241
Val Loss: 0.4520, Val Macro F1: 0.7879
Per-class F1 scores:
  Class 0: 0.9091 (confusable with 1)
  Class 1: 0.5834 (confusable with 0)
  Class 2: 0.7954 (confusable with 3)
  Class 3: 0.6352 (confusable with 2)
  Class 4: 0.9427
  Class 5: 0.8619
Current learning rate: 0.000346

============================================================
Epoch 13/50
============================================================
  Batch 0/6019, Loss: 0.1937 (Main: 0.0909, Margin: 0.0000, Binary: 0.5136)
  Batch 100/6019, Loss: 0.1610 (Main: 0.0766, Margin: 0.0001, Binary: 0.4221)
  Batch 200/6019, Loss: 0.2231 (Main: 0.1306, Margin: 0.0000, Binary: 0.4626)
  Batch 300/6019, Loss: 0.2087 (Main: 0.1005, Margin: 0.0001, Binary: 0.5408)
  Batch 400/6019, Loss: 0.2007 (Main: 0.0731, Margin: 0.0002, Binary: 0.6381)
  Batch 500/6019, Loss: 0.2209 (Main: 0.0960, Margin: 0.0001, Binary: 0.6241)
  Batch 600/6019, Loss: 0.2023 (Main: 0.0883, Margin: 0.0000, Binary: 0.5700)
  Batch 700/6019, Loss: 0.2014 (Main: 0.0750, Margin: 0.0001, Binary: 0.6319)
  Batch 800/6019, Loss: 0.2111 (Main: 0.0855, Margin: 0.0001, Binary: 0.6281)
  Batch 900/6019, Loss: 0.1278 (Main: 0.0531, Margin: 0.0000, Binary: 0.3738)
  Batch 1000/6019, Loss: 0.2617 (Main: 0.1023, Margin: 0.0000, Binary: 0.7971)
  Batch 1100/6019, Loss: 0.1691 (Main: 0.0527, Margin: 0.0006, Binary: 0.5817)
  Batch 1200/6019, Loss: 0.1675 (Main: 0.0594, Margin: 0.0001, Binary: 0.5405)
  Batch 1300/6019, Loss: 0.2674 (Main: 0.1387, Margin: 0.0003, Binary: 0.6434)
  Batch 1400/6019, Loss: 0.2024 (Main: 0.0863, Margin: 0.0001, Binary: 0.5805)
  Batch 1500/6019, Loss: 0.1955 (Main: 0.0753, Margin: 0.0011, Binary: 0.6007)
  Batch 1600/6019, Loss: 0.2186 (Main: 0.0920, Margin: 0.0000, Binary: 0.6330)
  Batch 1700/6019, Loss: 0.2133 (Main: 0.0840, Margin: 0.0004, Binary: 0.6464)
  Batch 1800/6019, Loss: 0.1519 (Main: 0.0531, Margin: 0.0000, Binary: 0.4942)
  Batch 1900/6019, Loss: 0.1812 (Main: 0.0755, Margin: 0.0002, Binary: 0.5284)
  Batch 2000/6019, Loss: 0.2988 (Main: 0.1604, Margin: 0.0002, Binary: 0.6919)
  Batch 2100/6019, Loss: 0.2102 (Main: 0.0950, Margin: 0.0000, Binary: 0.5760)
  Batch 2200/6019, Loss: 0.1061 (Main: 0.0283, Margin: 0.0000, Binary: 0.3888)
  Batch 2300/6019, Loss: 0.2225 (Main: 0.0694, Margin: 0.0001, Binary: 0.7651)
  Batch 2400/6019, Loss: 0.2507 (Main: 0.0807, Margin: 0.0002, Binary: 0.8498)
  Batch 2500/6019, Loss: 0.1251 (Main: 0.0465, Margin: 0.0001, Binary: 0.3933)
  Batch 2600/6019, Loss: 0.2177 (Main: 0.0784, Margin: 0.0002, Binary: 0.6961)
  Batch 2700/6019, Loss: 0.2648 (Main: 0.1058, Margin: 0.0006, Binary: 0.7948)
  Batch 2800/6019, Loss: 0.1938 (Main: 0.0655, Margin: 0.0002, Binary: 0.6413)
  Batch 2900/6019, Loss: 0.1904 (Main: 0.0686, Margin: 0.0003, Binary: 0.6088)
  Batch 3000/6019, Loss: 0.2873 (Main: 0.0972, Margin: 0.0001, Binary: 0.9502)
  Batch 3100/6019, Loss: 0.2075 (Main: 0.0898, Margin: 0.0000, Binary: 0.5883)
  Batch 3200/6019, Loss: 0.2227 (Main: 0.0739, Margin: 0.0001, Binary: 0.7437)
  Batch 3300/6019, Loss: 0.1829 (Main: 0.0852, Margin: 0.0001, Binary: 0.4888)
  Batch 3400/6019, Loss: 0.1907 (Main: 0.0663, Margin: 0.0007, Binary: 0.6219)
  Batch 3500/6019, Loss: 0.2176 (Main: 0.0784, Margin: 0.0001, Binary: 0.6957)
  Batch 3600/6019, Loss: 0.2201 (Main: 0.0930, Margin: 0.0001, Binary: 0.6355)
  Batch 3700/6019, Loss: 0.1661 (Main: 0.0728, Margin: 0.0000, Binary: 0.4663)
  Batch 3800/6019, Loss: 0.1932 (Main: 0.0733, Margin: 0.0002, Binary: 0.5997)
  Batch 3900/6019, Loss: 0.2351 (Main: 0.0829, Margin: 0.0003, Binary: 0.7610)
  Batch 4000/6019, Loss: 0.1987 (Main: 0.0731, Margin: 0.0005, Binary: 0.6275)
  Batch 4100/6019, Loss: 0.2002 (Main: 0.0662, Margin: 0.0003, Binary: 0.6696)
  Batch 4200/6019, Loss: 0.2680 (Main: 0.1112, Margin: 0.0003, Binary: 0.7840)
  Batch 4300/6019, Loss: 0.1619 (Main: 0.0539, Margin: 0.0001, Binary: 0.5397)
  Batch 4400/6019, Loss: 0.1749 (Main: 0.0760, Margin: 0.0001, Binary: 0.4948)
  Batch 4500/6019, Loss: 0.1877 (Main: 0.0737, Margin: 0.0000, Binary: 0.5701)
  Batch 4600/6019, Loss: 0.2012 (Main: 0.0677, Margin: 0.0001, Binary: 0.6674)
  Batch 4700/6019, Loss: 0.2426 (Main: 0.0875, Margin: 0.0001, Binary: 0.7758)
  Batch 4800/6019, Loss: 0.2452 (Main: 0.1000, Margin: 0.0007, Binary: 0.7259)
  Batch 4900/6019, Loss: 0.2506 (Main: 0.1074, Margin: 0.0001, Binary: 0.7158)
  Batch 5000/6019, Loss: 0.2106 (Main: 0.0777, Margin: 0.0006, Binary: 0.6643)
  Batch 5100/6019, Loss: 0.2091 (Main: 0.1014, Margin: 0.0000, Binary: 0.5382)
  Batch 5200/6019, Loss: 0.1996 (Main: 0.0792, Margin: 0.0000, Binary: 0.6018)
  Batch 5300/6019, Loss: 0.2752 (Main: 0.1059, Margin: 0.0004, Binary: 0.8462)
  Batch 5400/6019, Loss: 0.1555 (Main: 0.0564, Margin: 0.0000, Binary: 0.4958)
  Batch 5500/6019, Loss: 0.2194 (Main: 0.0832, Margin: 0.0001, Binary: 0.6810)
  Batch 5600/6019, Loss: 0.3013 (Main: 0.1395, Margin: 0.0002, Binary: 0.8089)
  Batch 5700/6019, Loss: 0.1684 (Main: 0.0665, Margin: 0.0000, Binary: 0.5095)
  Batch 5800/6019, Loss: 0.1848 (Main: 0.0653, Margin: 0.0007, Binary: 0.5970)
  Batch 5900/6019, Loss: 0.2407 (Main: 0.1052, Margin: 0.0000, Binary: 0.6774)
  Batch 6000/6019, Loss: 0.2843 (Main: 0.1059, Margin: 0.0005, Binary: 0.8917)
  Avg Losses - Total: 0.2174, Main: 0.0867, Margin: 0.0002, Binary: 0.6535
Train Loss: 0.2174
Val Loss: 0.3971, Val Macro F1: 0.8079
Per-class F1 scores:
  Class 0: 0.9346 (confusable with 1)
  Class 1: 0.6461 (confusable with 0)
  Class 2: 0.7902 (confusable with 3)
  Class 3: 0.6522 (confusable with 2)
  Class 4: 0.9401
  Class 5: 0.8843
Current learning rate: 0.000207
✓ Saved best model with Val F1: 0.8079

============================================================
Epoch 14/50
============================================================
  Batch 0/6019, Loss: 0.2145 (Main: 0.0684, Margin: 0.0001, Binary: 0.7303)
  Batch 100/6019, Loss: 0.1852 (Main: 0.0729, Margin: 0.0001, Binary: 0.5614)
  Batch 200/6019, Loss: 0.2110 (Main: 0.0691, Margin: 0.0001, Binary: 0.7094)
  Batch 300/6019, Loss: 0.2861 (Main: 0.1173, Margin: 0.0005, Binary: 0.8441)
  Batch 400/6019, Loss: 0.2523 (Main: 0.1066, Margin: 0.0003, Binary: 0.7281)
  Batch 500/6019, Loss: 0.2635 (Main: 0.1170, Margin: 0.0004, Binary: 0.7324)
  Batch 600/6019, Loss: 0.1949 (Main: 0.0672, Margin: 0.0001, Binary: 0.6383)
  Batch 700/6019, Loss: 0.1848 (Main: 0.0688, Margin: 0.0002, Binary: 0.5800)
  Batch 800/6019, Loss: 0.2076 (Main: 0.0913, Margin: 0.0000, Binary: 0.5819)
  Batch 900/6019, Loss: 0.2852 (Main: 0.1052, Margin: 0.0009, Binary: 0.8995)
  Batch 1000/6019, Loss: 0.2276 (Main: 0.1107, Margin: 0.0001, Binary: 0.5842)
  Batch 1100/6019, Loss: 0.2762 (Main: 0.0906, Margin: 0.0001, Binary: 0.9282)
  Batch 1200/6019, Loss: 0.3599 (Main: 0.2169, Margin: 0.0002, Binary: 0.7146)
  Batch 1300/6019, Loss: 0.1755 (Main: 0.0698, Margin: 0.0000, Binary: 0.5284)
  Batch 1400/6019, Loss: 0.1259 (Main: 0.0472, Margin: 0.0002, Binary: 0.3932)
  Batch 1500/6019, Loss: 0.2218 (Main: 0.0788, Margin: 0.0000, Binary: 0.7150)
  Batch 1600/6019, Loss: 0.2238 (Main: 0.0782, Margin: 0.0000, Binary: 0.7277)
  Batch 1700/6019, Loss: 0.1766 (Main: 0.0790, Margin: 0.0000, Binary: 0.4882)
  Batch 1800/6019, Loss: 0.2252 (Main: 0.1111, Margin: 0.0001, Binary: 0.5704)
  Batch 1900/6019, Loss: 0.2069 (Main: 0.0816, Margin: 0.0001, Binary: 0.6261)
  Batch 2000/6019, Loss: 0.1853 (Main: 0.0602, Margin: 0.0001, Binary: 0.6255)
  Batch 2100/6019, Loss: 0.2688 (Main: 0.1012, Margin: 0.0002, Binary: 0.8379)
  Batch 2200/6019, Loss: 0.2131 (Main: 0.1008, Margin: 0.0000, Binary: 0.5615)
  Batch 2300/6019, Loss: 0.2762 (Main: 0.1081, Margin: 0.0000, Binary: 0.8404)
  Batch 2400/6019, Loss: 0.2508 (Main: 0.1140, Margin: 0.0001, Binary: 0.6839)
  Batch 2500/6019, Loss: 0.1725 (Main: 0.0646, Margin: 0.0000, Binary: 0.5394)
  Batch 2600/6019, Loss: 0.1769 (Main: 0.0661, Margin: 0.0000, Binary: 0.5540)
  Batch 2700/6019, Loss: 0.1777 (Main: 0.0687, Margin: 0.0004, Binary: 0.5446)
  Batch 2800/6019, Loss: 0.1796 (Main: 0.0603, Margin: 0.0000, Binary: 0.5966)
  Batch 2900/6019, Loss: 0.1966 (Main: 0.0673, Margin: 0.0000, Binary: 0.6464)
  Batch 3000/6019, Loss: 0.3077 (Main: 0.1248, Margin: 0.0000, Binary: 0.9145)
  Batch 3100/6019, Loss: 0.2169 (Main: 0.0835, Margin: 0.0001, Binary: 0.6668)
  Batch 3200/6019, Loss: 0.1439 (Main: 0.0636, Margin: 0.0001, Binary: 0.4015)
  Batch 3300/6019, Loss: 0.1880 (Main: 0.0736, Margin: 0.0001, Binary: 0.5720)
  Batch 3400/6019, Loss: 0.2353 (Main: 0.1161, Margin: 0.0001, Binary: 0.5959)
  Batch 3500/6019, Loss: 0.1572 (Main: 0.0604, Margin: 0.0001, Binary: 0.4838)
  Batch 3600/6019, Loss: 0.1515 (Main: 0.0474, Margin: 0.0001, Binary: 0.5203)
  Batch 3700/6019, Loss: 0.1876 (Main: 0.0655, Margin: 0.0002, Binary: 0.6100)
  Batch 3800/6019, Loss: 0.2619 (Main: 0.1289, Margin: 0.0001, Binary: 0.6648)
  Batch 3900/6019, Loss: 0.1951 (Main: 0.0714, Margin: 0.0001, Binary: 0.6186)
  Batch 4000/6019, Loss: 0.2238 (Main: 0.0928, Margin: 0.0001, Binary: 0.6549)
  Batch 4100/6019, Loss: 0.2195 (Main: 0.0731, Margin: 0.0001, Binary: 0.7319)
  Batch 4200/6019, Loss: 0.2886 (Main: 0.1167, Margin: 0.0000, Binary: 0.8597)
  Batch 4300/6019, Loss: 0.2280 (Main: 0.0778, Margin: 0.0004, Binary: 0.7509)
  Batch 4400/6019, Loss: 0.2662 (Main: 0.1119, Margin: 0.0000, Binary: 0.7715)
  Batch 4500/6019, Loss: 0.2122 (Main: 0.0746, Margin: 0.0002, Binary: 0.6876)
  Batch 4600/6019, Loss: 0.2531 (Main: 0.1116, Margin: 0.0000, Binary: 0.7074)
  Batch 4700/6019, Loss: 0.3222 (Main: 0.1524, Margin: 0.0011, Binary: 0.8487)
  Batch 4800/6019, Loss: 0.1824 (Main: 0.0681, Margin: 0.0003, Binary: 0.5716)
  Batch 4900/6019, Loss: 0.1926 (Main: 0.0692, Margin: 0.0003, Binary: 0.6169)
  Batch 5000/6019, Loss: 0.2364 (Main: 0.0832, Margin: 0.0001, Binary: 0.7660)
  Batch 5100/6019, Loss: 0.1923 (Main: 0.0693, Margin: 0.0000, Binary: 0.6148)
  Batch 5200/6019, Loss: 0.2520 (Main: 0.0896, Margin: 0.0002, Binary: 0.8117)
  Batch 5300/6019, Loss: 0.2244 (Main: 0.0888, Margin: 0.0008, Binary: 0.6780)
  Batch 5400/6019, Loss: 0.2177 (Main: 0.0677, Margin: 0.0001, Binary: 0.7501)
  Batch 5500/6019, Loss: 0.1972 (Main: 0.0771, Margin: 0.0015, Binary: 0.5999)
  Batch 5600/6019, Loss: 0.2097 (Main: 0.0913, Margin: 0.0001, Binary: 0.5923)
  Batch 5700/6019, Loss: 0.2468 (Main: 0.0854, Margin: 0.0001, Binary: 0.8070)
  Batch 5800/6019, Loss: 0.1985 (Main: 0.0725, Margin: 0.0000, Binary: 0.6302)
  Batch 5900/6019, Loss: 0.2088 (Main: 0.0807, Margin: 0.0000, Binary: 0.6402)
  Batch 6000/6019, Loss: 0.2460 (Main: 0.1079, Margin: 0.0002, Binary: 0.6905)
  Avg Losses - Total: 0.2120, Main: 0.0834, Margin: 0.0002, Binary: 0.6427
Train Loss: 0.2120
Val Loss: 0.4166, Val Macro F1: 0.8030
Per-class F1 scores:
  Class 0: 0.9205 (confusable with 1)
  Class 1: 0.6075 (confusable with 0)
  Class 2: 0.8215 (confusable with 3)
  Class 3: 0.6276 (confusable with 2)
  Class 4: 0.9459
  Class 5: 0.8948
Current learning rate: 0.000096

============================================================
Epoch 15/50
============================================================
  Batch 0/6019, Loss: 0.2741 (Main: 0.1156, Margin: 0.0003, Binary: 0.7924)
  Batch 100/6019, Loss: 0.2236 (Main: 0.0837, Margin: 0.0001, Binary: 0.6992)
  Batch 200/6019, Loss: 0.2295 (Main: 0.0997, Margin: 0.0008, Binary: 0.6485)
  Batch 300/6019, Loss: 0.2789 (Main: 0.1152, Margin: 0.0001, Binary: 0.8188)
  Batch 400/6019, Loss: 0.1608 (Main: 0.0604, Margin: 0.0000, Binary: 0.5021)
  Batch 500/6019, Loss: 0.1636 (Main: 0.0592, Margin: 0.0000, Binary: 0.5221)
  Batch 600/6019, Loss: 0.1774 (Main: 0.0651, Margin: 0.0001, Binary: 0.5616)
  Batch 700/6019, Loss: 0.2033 (Main: 0.0799, Margin: 0.0001, Binary: 0.6170)
  Batch 800/6019, Loss: 0.2082 (Main: 0.0644, Margin: 0.0001, Binary: 0.7194)
  Batch 900/6019, Loss: 0.2338 (Main: 0.0803, Margin: 0.0004, Binary: 0.7670)
  Batch 1000/6019, Loss: 0.3595 (Main: 0.1819, Margin: 0.0000, Binary: 0.8880)
  Batch 1100/6019, Loss: 0.2278 (Main: 0.0861, Margin: 0.0001, Binary: 0.7085)
  Batch 1200/6019, Loss: 0.2082 (Main: 0.0931, Margin: 0.0001, Binary: 0.5753)
  Batch 1300/6019, Loss: 0.1837 (Main: 0.0881, Margin: 0.0000, Binary: 0.4780)
  Batch 1400/6019, Loss: 0.1442 (Main: 0.0447, Margin: 0.0000, Binary: 0.4975)
  Batch 1500/6019, Loss: 0.2054 (Main: 0.0745, Margin: 0.0002, Binary: 0.6546)
  Batch 1600/6019, Loss: 0.1967 (Main: 0.0668, Margin: 0.0001, Binary: 0.6494)
  Batch 1700/6019, Loss: 0.1273 (Main: 0.0389, Margin: 0.0003, Binary: 0.4416)
  Batch 1800/6019, Loss: 0.1970 (Main: 0.0719, Margin: 0.0000, Binary: 0.6259)
  Batch 1900/6019, Loss: 0.2357 (Main: 0.0922, Margin: 0.0001, Binary: 0.7178)
  Batch 2000/6019, Loss: 0.2304 (Main: 0.0694, Margin: 0.0001, Binary: 0.8051)
  Batch 2100/6019, Loss: 0.1915 (Main: 0.0582, Margin: 0.0000, Binary: 0.6662)
  Batch 2200/6019, Loss: 0.1461 (Main: 0.0547, Margin: 0.0006, Binary: 0.4566)
  Batch 2300/6019, Loss: 0.1561 (Main: 0.0537, Margin: 0.0000, Binary: 0.5117)
  Batch 2400/6019, Loss: 0.1838 (Main: 0.0575, Margin: 0.0001, Binary: 0.6314)
  Batch 2500/6019, Loss: 0.2073 (Main: 0.0891, Margin: 0.0002, Binary: 0.5906)
  Batch 2600/6019, Loss: 0.1778 (Main: 0.0699, Margin: 0.0000, Binary: 0.5394)
  Batch 2700/6019, Loss: 0.2381 (Main: 0.0923, Margin: 0.0000, Binary: 0.7292)
  Batch 2800/6019, Loss: 0.2622 (Main: 0.1160, Margin: 0.0002, Binary: 0.7310)
  Batch 2900/6019, Loss: 0.1254 (Main: 0.0446, Margin: 0.0000, Binary: 0.4039)
  Batch 3000/6019, Loss: 0.2543 (Main: 0.1053, Margin: 0.0000, Binary: 0.7451)
  Batch 3100/6019, Loss: 0.1637 (Main: 0.0495, Margin: 0.0000, Binary: 0.5712)
  Batch 3200/6019, Loss: 0.2120 (Main: 0.0823, Margin: 0.0000, Binary: 0.6485)
  Batch 3300/6019, Loss: 0.2179 (Main: 0.0665, Margin: 0.0002, Binary: 0.7566)
  Batch 3400/6019, Loss: 0.2403 (Main: 0.0974, Margin: 0.0001, Binary: 0.7145)
  Batch 3500/6019, Loss: 0.1416 (Main: 0.0563, Margin: 0.0000, Binary: 0.4266)
  Batch 3600/6019, Loss: 0.2216 (Main: 0.0854, Margin: 0.0001, Binary: 0.6808)
  Batch 3700/6019, Loss: 0.2107 (Main: 0.0781, Margin: 0.0000, Binary: 0.6628)
  Batch 3800/6019, Loss: 0.1473 (Main: 0.0567, Margin: 0.0001, Binary: 0.4531)
  Batch 3900/6019, Loss: 0.2260 (Main: 0.1322, Margin: 0.0000, Binary: 0.4689)
  Batch 4000/6019, Loss: 0.1065 (Main: 0.0370, Margin: 0.0000, Binary: 0.3475)
  Batch 4100/6019, Loss: 0.1647 (Main: 0.0552, Margin: 0.0001, Binary: 0.5471)
  Batch 4200/6019, Loss: 0.2560 (Main: 0.1065, Margin: 0.0000, Binary: 0.7477)
  Batch 4300/6019, Loss: 0.2076 (Main: 0.0697, Margin: 0.0002, Binary: 0.6894)
  Batch 4400/6019, Loss: 0.1768 (Main: 0.0659, Margin: 0.0000, Binary: 0.5548)
  Batch 4500/6019, Loss: 0.1506 (Main: 0.0510, Margin: 0.0000, Binary: 0.4982)
  Batch 4600/6019, Loss: 0.2230 (Main: 0.0900, Margin: 0.0000, Binary: 0.6651)
  Batch 4700/6019, Loss: 0.1701 (Main: 0.0633, Margin: 0.0000, Binary: 0.5339)
  Batch 4800/6019, Loss: 0.2349 (Main: 0.0967, Margin: 0.0001, Binary: 0.6907)
  Batch 4900/6019, Loss: 0.2279 (Main: 0.0870, Margin: 0.0001, Binary: 0.7044)
  Batch 5000/6019, Loss: 0.1549 (Main: 0.0554, Margin: 0.0000, Binary: 0.4972)
  Batch 5100/6019, Loss: 0.1737 (Main: 0.0584, Margin: 0.0002, Binary: 0.5762)
  Batch 5200/6019, Loss: 0.1291 (Main: 0.0422, Margin: 0.0000, Binary: 0.4343)
  Batch 5300/6019, Loss: 0.1421 (Main: 0.0446, Margin: 0.0000, Binary: 0.4880)
  Batch 5400/6019, Loss: 0.2069 (Main: 0.0738, Margin: 0.0002, Binary: 0.6652)
  Batch 5500/6019, Loss: 0.1896 (Main: 0.0651, Margin: 0.0004, Binary: 0.6221)
  Batch 5600/6019, Loss: 0.2187 (Main: 0.0818, Margin: 0.0000, Binary: 0.6843)
  Batch 5700/6019, Loss: 0.2272 (Main: 0.0881, Margin: 0.0003, Binary: 0.6950)
  Batch 5800/6019, Loss: 0.3505 (Main: 0.1846, Margin: 0.0004, Binary: 0.8295)
  Batch 5900/6019, Loss: 0.1745 (Main: 0.0608, Margin: 0.0001, Binary: 0.5686)
  Batch 6000/6019, Loss: 0.2321 (Main: 0.0837, Margin: 0.0001, Binary: 0.7419)
  Avg Losses - Total: 0.2091, Main: 0.0816, Margin: 0.0001, Binary: 0.6373
Train Loss: 0.2091
Val Loss: 0.3849, Val Macro F1: 0.8089
Per-class F1 scores:
  Class 0: 0.9296 (confusable with 1)
  Class 1: 0.6340 (confusable with 0)
  Class 2: 0.8111 (confusable with 3)
  Class 3: 0.6446 (confusable with 2)
  Class 4: 0.9466
  Class 5: 0.8874
Current learning rate: 0.000025
✓ Saved best model with Val F1: 0.8089

============================================================
Epoch 16/50
============================================================
  Batch 0/6019, Loss: 0.1669 (Main: 0.0547, Margin: 0.0000, Binary: 0.5611)
  Batch 100/6019, Loss: 0.1801 (Main: 0.0595, Margin: 0.0000, Binary: 0.6027)
  Batch 200/6019, Loss: 0.1540 (Main: 0.0546, Margin: 0.0000, Binary: 0.4969)
  Batch 300/6019, Loss: 0.1995 (Main: 0.0873, Margin: 0.0002, Binary: 0.5610)
  Batch 400/6019, Loss: 0.1659 (Main: 0.0587, Margin: 0.0000, Binary: 0.5360)
  Batch 500/6019, Loss: 0.1902 (Main: 0.0722, Margin: 0.0002, Binary: 0.5899)
  Batch 600/6019, Loss: 0.1291 (Main: 0.0399, Margin: 0.0000, Binary: 0.4462)
  Batch 700/6019, Loss: 0.1359 (Main: 0.0552, Margin: 0.0001, Binary: 0.4034)
  Batch 800/6019, Loss: 0.2343 (Main: 0.0892, Margin: 0.0000, Binary: 0.7254)
  Batch 900/6019, Loss: 0.1951 (Main: 0.0842, Margin: 0.0023, Binary: 0.5533)
  Batch 1000/6019, Loss: 0.1505 (Main: 0.0569, Margin: 0.0001, Binary: 0.4680)
  Batch 1100/6019, Loss: 0.2542 (Main: 0.1049, Margin: 0.0001, Binary: 0.7465)
  Batch 1200/6019, Loss: 0.1323 (Main: 0.0468, Margin: 0.0000, Binary: 0.4276)
  Batch 1300/6019, Loss: 0.2016 (Main: 0.0726, Margin: 0.0001, Binary: 0.6451)
  Batch 1400/6019, Loss: 0.1759 (Main: 0.0601, Margin: 0.0000, Binary: 0.5790)
  Batch 1500/6019, Loss: 0.2133 (Main: 0.0752, Margin: 0.0000, Binary: 0.6906)
  Batch 1600/6019, Loss: 0.1205 (Main: 0.0419, Margin: 0.0000, Binary: 0.3928)
  Batch 1700/6019, Loss: 0.1659 (Main: 0.0755, Margin: 0.0000, Binary: 0.4522)
  Batch 1800/6019, Loss: 0.1804 (Main: 0.0561, Margin: 0.0000, Binary: 0.6212)
  Batch 1900/6019, Loss: 0.2061 (Main: 0.0694, Margin: 0.0000, Binary: 0.6833)
  Batch 2000/6019, Loss: 0.1686 (Main: 0.0578, Margin: 0.0001, Binary: 0.5541)
  Batch 2100/6019, Loss: 0.1717 (Main: 0.0704, Margin: 0.0001, Binary: 0.5067)
  Batch 2200/6019, Loss: 0.2012 (Main: 0.0824, Margin: 0.0000, Binary: 0.5941)
  Batch 2300/6019, Loss: 0.2297 (Main: 0.1023, Margin: 0.0002, Binary: 0.6366)
  Batch 2400/6019, Loss: 0.1722 (Main: 0.0601, Margin: 0.0002, Binary: 0.5603)
  Batch 2500/6019, Loss: 0.2249 (Main: 0.0724, Margin: 0.0003, Binary: 0.7625)
  Batch 2600/6019, Loss: 0.2057 (Main: 0.0681, Margin: 0.0002, Binary: 0.6881)
  Batch 2700/6019, Loss: 0.2844 (Main: 0.1058, Margin: 0.0003, Binary: 0.8928)
  Batch 2800/6019, Loss: 0.1968 (Main: 0.0810, Margin: 0.0002, Binary: 0.5788)
  Batch 2900/6019, Loss: 0.2803 (Main: 0.1246, Margin: 0.0001, Binary: 0.7783)
  Batch 3000/6019, Loss: 0.2139 (Main: 0.0640, Margin: 0.0001, Binary: 0.7490)
  Batch 3100/6019, Loss: 0.1342 (Main: 0.0470, Margin: 0.0000, Binary: 0.4359)
  Batch 3200/6019, Loss: 0.2461 (Main: 0.0844, Margin: 0.0005, Binary: 0.8087)
  Batch 3300/6019, Loss: 0.1885 (Main: 0.0702, Margin: 0.0001, Binary: 0.5914)
  Batch 3400/6019, Loss: 0.2798 (Main: 0.0876, Margin: 0.0001, Binary: 0.9607)
  Batch 3500/6019, Loss: 0.2210 (Main: 0.0832, Margin: 0.0000, Binary: 0.6890)
  Batch 3600/6019, Loss: 0.1886 (Main: 0.0821, Margin: 0.0001, Binary: 0.5327)
  Batch 3700/6019, Loss: 0.1560 (Main: 0.0515, Margin: 0.0000, Binary: 0.5223)
  Batch 3800/6019, Loss: 0.1997 (Main: 0.0877, Margin: 0.0001, Binary: 0.5601)
  Batch 3900/6019, Loss: 0.1895 (Main: 0.0707, Margin: 0.0000, Binary: 0.5938)
  Batch 4000/6019, Loss: 0.1603 (Main: 0.0880, Margin: 0.0000, Binary: 0.3614)
  Batch 4100/6019, Loss: 0.1639 (Main: 0.0669, Margin: 0.0001, Binary: 0.4847)
  Batch 4200/6019, Loss: 0.1675 (Main: 0.0613, Margin: 0.0001, Binary: 0.5308)
  Batch 4300/6019, Loss: 0.1781 (Main: 0.0709, Margin: 0.0003, Binary: 0.5357)
  Batch 4400/6019, Loss: 0.2430 (Main: 0.0862, Margin: 0.0001, Binary: 0.7840)
  Batch 4500/6019, Loss: 0.3050 (Main: 0.1221, Margin: 0.0000, Binary: 0.9150)
  Batch 4600/6019, Loss: 0.1979 (Main: 0.0709, Margin: 0.0000, Binary: 0.6349)
  Batch 4700/6019, Loss: 0.2654 (Main: 0.1132, Margin: 0.0002, Binary: 0.7609)
  Batch 4800/6019, Loss: 0.1869 (Main: 0.0832, Margin: 0.0000, Binary: 0.5183)
  Batch 4900/6019, Loss: 0.1674 (Main: 0.0627, Margin: 0.0000, Binary: 0.5234)
  Batch 5000/6019, Loss: 0.2339 (Main: 0.0910, Margin: 0.0002, Binary: 0.7142)
  Batch 5100/6019, Loss: 0.2381 (Main: 0.0978, Margin: 0.0002, Binary: 0.7014)
  Batch 5200/6019, Loss: 0.1690 (Main: 0.0590, Margin: 0.0000, Binary: 0.5500)
  Batch 5300/6019, Loss: 0.2195 (Main: 0.0849, Margin: 0.0002, Binary: 0.6729)
  Batch 5400/6019, Loss: 0.3139 (Main: 0.0987, Margin: 0.0000, Binary: 1.0758)
  Batch 5500/6019, Loss: 0.1312 (Main: 0.0498, Margin: 0.0000, Binary: 0.4069)
  Batch 5600/6019, Loss: 0.2010 (Main: 0.0744, Margin: 0.0001, Binary: 0.6329)
  Batch 5700/6019, Loss: 0.1903 (Main: 0.0622, Margin: 0.0000, Binary: 0.6404)
  Batch 5800/6019, Loss: 0.2969 (Main: 0.1525, Margin: 0.0001, Binary: 0.7218)
  Batch 5900/6019, Loss: 0.2174 (Main: 0.0795, Margin: 0.0009, Binary: 0.6890)
  Batch 6000/6019, Loss: 0.2117 (Main: 0.0689, Margin: 0.0001, Binary: 0.7135)
  Avg Losses - Total: 0.2061, Main: 0.0799, Margin: 0.0001, Binary: 0.6313
Train Loss: 0.2061
Val Loss: 0.3725, Val Macro F1: 0.8182
Per-class F1 scores:
  Class 0: 0.9396 (confusable with 1)
  Class 1: 0.6619 (confusable with 0)
  Class 2: 0.8245 (confusable with 3)
  Class 3: 0.6300 (confusable with 2)
  Class 4: 0.9506
  Class 5: 0.9025
Current learning rate: 0.001000
✓ Saved best model with Val F1: 0.8182

============================================================
Epoch 17/50
============================================================
  Batch 0/6019, Loss: 0.1799 (Main: 0.0718, Margin: 0.0001, Binary: 0.5401)
  Batch 100/6019, Loss: 0.2362 (Main: 0.0981, Margin: 0.0001, Binary: 0.6906)
  Batch 200/6019, Loss: 0.2881 (Main: 0.1321, Margin: 0.0002, Binary: 0.7801)
  Batch 300/6019, Loss: 0.2471 (Main: 0.1064, Margin: 0.0003, Binary: 0.7033)
  Batch 400/6019, Loss: 0.1713 (Main: 0.0764, Margin: 0.0001, Binary: 0.4744)
  Batch 500/6019, Loss: 0.3657 (Main: 0.1369, Margin: 0.0004, Binary: 1.1440)
  Batch 600/6019, Loss: 0.2295 (Main: 0.0752, Margin: 0.0001, Binary: 0.7718)
  Batch 700/6019, Loss: 0.2153 (Main: 0.0823, Margin: 0.0007, Binary: 0.6650)
  Batch 800/6019, Loss: 0.2846 (Main: 0.1494, Margin: 0.0004, Binary: 0.6758)
  Batch 900/6019, Loss: 0.2077 (Main: 0.0935, Margin: 0.0005, Binary: 0.5709)
  Batch 1000/6019, Loss: 0.3241 (Main: 0.1219, Margin: 0.0005, Binary: 1.0111)
  Batch 1100/6019, Loss: 0.2503 (Main: 0.1196, Margin: 0.0002, Binary: 0.6538)
  Batch 1200/6019, Loss: 0.2269 (Main: 0.1091, Margin: 0.0002, Binary: 0.5891)
  Batch 1300/6019, Loss: 0.2151 (Main: 0.0672, Margin: 0.0002, Binary: 0.7396)
  Batch 1400/6019, Loss: 0.1617 (Main: 0.0537, Margin: 0.0000, Binary: 0.5400)
  Batch 1500/6019, Loss: 0.2272 (Main: 0.0881, Margin: 0.0007, Binary: 0.6953)
  Batch 1600/6019, Loss: 0.2345 (Main: 0.0884, Margin: 0.0003, Binary: 0.7305)
  Batch 1700/6019, Loss: 0.3017 (Main: 0.1154, Margin: 0.0001, Binary: 0.9312)
  Batch 1800/6019, Loss: 0.1611 (Main: 0.0702, Margin: 0.0013, Binary: 0.4537)
  Batch 1900/6019, Loss: 0.2169 (Main: 0.0755, Margin: 0.0009, Binary: 0.7066)
  Batch 2000/6019, Loss: 0.2183 (Main: 0.0824, Margin: 0.0011, Binary: 0.6792)
  Batch 2100/6019, Loss: 0.1691 (Main: 0.0823, Margin: 0.0003, Binary: 0.4338)
  Batch 2200/6019, Loss: 0.2775 (Main: 0.0918, Margin: 0.0002, Binary: 0.9282)
  Batch 2300/6019, Loss: 0.3060 (Main: 0.1849, Margin: 0.0000, Binary: 0.6057)
  Batch 2400/6019, Loss: 0.2872 (Main: 0.1214, Margin: 0.0003, Binary: 0.8289)
  Batch 2500/6019, Loss: 0.1853 (Main: 0.0563, Margin: 0.0002, Binary: 0.6448)
  Batch 2600/6019, Loss: 0.2293 (Main: 0.0882, Margin: 0.0005, Binary: 0.7051)
  Batch 2700/6019, Loss: 0.1980 (Main: 0.0857, Margin: 0.0005, Binary: 0.5615)
  Batch 2800/6019, Loss: 0.2532 (Main: 0.1373, Margin: 0.0007, Binary: 0.5793)
  Batch 2900/6019, Loss: 0.2048 (Main: 0.0808, Margin: 0.0009, Binary: 0.6199)
  Batch 3000/6019, Loss: 0.2058 (Main: 0.0877, Margin: 0.0002, Binary: 0.5905)
  Batch 3100/6019, Loss: 0.2368 (Main: 0.0886, Margin: 0.0002, Binary: 0.7411)
  Batch 3200/6019, Loss: 0.2765 (Main: 0.1047, Margin: 0.0009, Binary: 0.8585)
  Batch 3300/6019, Loss: 0.1994 (Main: 0.0767, Margin: 0.0001, Binary: 0.6132)
  Batch 3400/6019, Loss: 0.1753 (Main: 0.0701, Margin: 0.0001, Binary: 0.5259)
  Batch 3500/6019, Loss: 0.1964 (Main: 0.0901, Margin: 0.0000, Binary: 0.5316)
  Batch 3600/6019, Loss: 0.1955 (Main: 0.0792, Margin: 0.0012, Binary: 0.5810)
  Batch 3700/6019, Loss: 0.2346 (Main: 0.0727, Margin: 0.0003, Binary: 0.8095)
  Batch 3800/6019, Loss: 0.2038 (Main: 0.0720, Margin: 0.0007, Binary: 0.6582)
  Batch 3900/6019, Loss: 0.1944 (Main: 0.0742, Margin: 0.0001, Binary: 0.6008)
  Batch 4000/6019, Loss: 0.1321 (Main: 0.0522, Margin: 0.0001, Binary: 0.3995)
  Batch 4100/6019, Loss: 0.4092 (Main: 0.2870, Margin: 0.0001, Binary: 0.6109)
  Batch 4200/6019, Loss: 0.1966 (Main: 0.0822, Margin: 0.0002, Binary: 0.5721)
  Batch 4300/6019, Loss: 0.2321 (Main: 0.0754, Margin: 0.0013, Binary: 0.7828)
  Batch 4400/6019, Loss: 0.2482 (Main: 0.0878, Margin: 0.0006, Binary: 0.8019)
  Batch 4500/6019, Loss: 0.2017 (Main: 0.0814, Margin: 0.0007, Binary: 0.6008)
  Batch 4600/6019, Loss: 0.2505 (Main: 0.0916, Margin: 0.0001, Binary: 0.7942)
  Batch 4700/6019, Loss: 0.2054 (Main: 0.0746, Margin: 0.0002, Binary: 0.6540)
  Batch 4800/6019, Loss: 0.1868 (Main: 0.0714, Margin: 0.0001, Binary: 0.5769)
  Batch 4900/6019, Loss: 0.1794 (Main: 0.0630, Margin: 0.0002, Binary: 0.5818)
  Batch 5000/6019, Loss: 0.1979 (Main: 0.0775, Margin: 0.0000, Binary: 0.6021)
  Batch 5100/6019, Loss: 0.1784 (Main: 0.0693, Margin: 0.0002, Binary: 0.5457)
  Batch 5200/6019, Loss: 0.2851 (Main: 0.0998, Margin: 0.0002, Binary: 0.9266)
  Batch 5300/6019, Loss: 0.1840 (Main: 0.0563, Margin: 0.0000, Binary: 0.6382)
  Batch 5400/6019, Loss: 0.1687 (Main: 0.0588, Margin: 0.0000, Binary: 0.5497)
  Batch 5500/6019, Loss: 0.1989 (Main: 0.0985, Margin: 0.0004, Binary: 0.5017)
  Batch 5600/6019, Loss: 0.2187 (Main: 0.0888, Margin: 0.0001, Binary: 0.6491)
  Batch 5700/6019, Loss: 0.2046 (Main: 0.0705, Margin: 0.0005, Binary: 0.6703)
  Batch 5800/6019, Loss: 0.2329 (Main: 0.1085, Margin: 0.0001, Binary: 0.6218)
  Batch 5900/6019, Loss: 0.2033 (Main: 0.0782, Margin: 0.0009, Binary: 0.6252)
  Batch 6000/6019, Loss: 0.1999 (Main: 0.0737, Margin: 0.0000, Binary: 0.6309)
  Avg Losses - Total: 0.2314, Main: 0.0958, Margin: 0.0004, Binary: 0.6781
Train Loss: 0.2314
Val Loss: 0.4768, Val Macro F1: 0.7726
Per-class F1 scores:
  Class 0: 0.8789 (confusable with 1)
  Class 1: 0.5243 (confusable with 0)
  Class 2: 0.8144 (confusable with 3)
  Class 3: 0.6232 (confusable with 2)
  Class 4: 0.9405
  Class 5: 0.8544
Current learning rate: 0.000994

============================================================
Epoch 18/50
============================================================
  Batch 0/6019, Loss: 0.1842 (Main: 0.0663, Margin: 0.0003, Binary: 0.5892)
  Batch 100/6019, Loss: 0.2440 (Main: 0.0909, Margin: 0.0005, Binary: 0.7654)
  Batch 200/6019, Loss: 0.2485 (Main: 0.0964, Margin: 0.0002, Binary: 0.7604)
  Batch 300/6019, Loss: 0.2548 (Main: 0.1114, Margin: 0.0001, Binary: 0.7168)
  Batch 400/6019, Loss: 0.1953 (Main: 0.0699, Margin: 0.0001, Binary: 0.6267)
  Batch 500/6019, Loss: 0.2414 (Main: 0.0969, Margin: 0.0012, Binary: 0.7223)
  Batch 600/6019, Loss: 0.2594 (Main: 0.1149, Margin: 0.0016, Binary: 0.7221)
  Batch 700/6019, Loss: 0.2648 (Main: 0.1136, Margin: 0.0001, Binary: 0.7559)
  Batch 800/6019, Loss: 0.3025 (Main: 0.0973, Margin: 0.0003, Binary: 1.0255)
  Batch 900/6019, Loss: 0.2704 (Main: 0.1133, Margin: 0.0005, Binary: 0.7857)
  Batch 1000/6019, Loss: 0.3057 (Main: 0.1478, Margin: 0.0003, Binary: 0.7892)
  Batch 1100/6019, Loss: 0.1879 (Main: 0.0677, Margin: 0.0004, Binary: 0.6009)
  Batch 1200/6019, Loss: 0.1438 (Main: 0.0594, Margin: 0.0001, Binary: 0.4217)
  Batch 1300/6019, Loss: 0.1791 (Main: 0.0587, Margin: 0.0000, Binary: 0.6022)
  Batch 1400/6019, Loss: 0.2471 (Main: 0.1069, Margin: 0.0002, Binary: 0.7011)
  Batch 1500/6019, Loss: 0.2533 (Main: 0.0994, Margin: 0.0014, Binary: 0.7691)
  Batch 1600/6019, Loss: 0.2468 (Main: 0.1162, Margin: 0.0002, Binary: 0.6530)
  Batch 1700/6019, Loss: 0.2046 (Main: 0.0762, Margin: 0.0006, Binary: 0.6420)
  Batch 1800/6019, Loss: 0.1971 (Main: 0.0655, Margin: 0.0003, Binary: 0.6581)
  Batch 1900/6019, Loss: 0.2081 (Main: 0.0934, Margin: 0.0001, Binary: 0.5734)
  Batch 2000/6019, Loss: 0.2770 (Main: 0.1059, Margin: 0.0009, Binary: 0.8553)
  Batch 2100/6019, Loss: 0.2361 (Main: 0.0910, Margin: 0.0005, Binary: 0.7253)
  Batch 2200/6019, Loss: 0.2747 (Main: 0.1281, Margin: 0.0017, Binary: 0.7324)
  Batch 2300/6019, Loss: 0.2467 (Main: 0.0856, Margin: 0.0002, Binary: 0.8052)
  Batch 2400/6019, Loss: 0.1580 (Main: 0.0774, Margin: 0.0002, Binary: 0.4025)
  Batch 2500/6019, Loss: 0.2715 (Main: 0.0880, Margin: 0.0002, Binary: 0.9173)
  Batch 2600/6019, Loss: 0.1916 (Main: 0.0649, Margin: 0.0005, Binary: 0.6332)
  Batch 2700/6019, Loss: 0.2062 (Main: 0.0826, Margin: 0.0001, Binary: 0.6182)
  Batch 2800/6019, Loss: 0.2279 (Main: 0.1189, Margin: 0.0002, Binary: 0.5452)
  Batch 2900/6019, Loss: 0.2291 (Main: 0.1152, Margin: 0.0000, Binary: 0.5697)
  Batch 3000/6019, Loss: 0.1573 (Main: 0.0565, Margin: 0.0002, Binary: 0.5042)
  Batch 3100/6019, Loss: 0.2273 (Main: 0.0808, Margin: 0.0002, Binary: 0.7326)
  Batch 3200/6019, Loss: 0.3574 (Main: 0.2273, Margin: 0.0002, Binary: 0.6506)
  Batch 3300/6019, Loss: 0.1800 (Main: 0.0616, Margin: 0.0001, Binary: 0.5920)
  Batch 3400/6019, Loss: 0.2119 (Main: 0.1049, Margin: 0.0001, Binary: 0.5349)
  Batch 3500/6019, Loss: 0.1810 (Main: 0.0717, Margin: 0.0004, Binary: 0.5463)
  Batch 3600/6019, Loss: 0.3637 (Main: 0.2116, Margin: 0.0007, Binary: 0.7605)
  Batch 3700/6019, Loss: 0.1993 (Main: 0.0815, Margin: 0.0000, Binary: 0.5890)
  Batch 3800/6019, Loss: 0.1531 (Main: 0.0608, Margin: 0.0000, Binary: 0.4616)
  Batch 3900/6019, Loss: 0.2429 (Main: 0.0937, Margin: 0.0005, Binary: 0.7456)
  Batch 4000/6019, Loss: 0.2124 (Main: 0.0684, Margin: 0.0001, Binary: 0.7202)
  Batch 4100/6019, Loss: 0.2571 (Main: 0.1057, Margin: 0.0000, Binary: 0.7569)
  Batch 4200/6019, Loss: 0.1949 (Main: 0.0767, Margin: 0.0001, Binary: 0.5907)
  Batch 4300/6019, Loss: 0.2819 (Main: 0.1622, Margin: 0.0001, Binary: 0.5980)
  Batch 4400/6019, Loss: 0.1632 (Main: 0.0586, Margin: 0.0000, Binary: 0.5226)
  Batch 4500/6019, Loss: 0.2436 (Main: 0.0884, Margin: 0.0003, Binary: 0.7755)
  Batch 4600/6019, Loss: 0.2069 (Main: 0.0840, Margin: 0.0002, Binary: 0.6145)
  Batch 4700/6019, Loss: 0.1008 (Main: 0.0393, Margin: 0.0003, Binary: 0.3074)
  Batch 4800/6019, Loss: 0.1249 (Main: 0.0420, Margin: 0.0001, Binary: 0.4143)
  Batch 4900/6019, Loss: 0.1256 (Main: 0.0465, Margin: 0.0000, Binary: 0.3955)
  Batch 5000/6019, Loss: 0.2390 (Main: 0.0805, Margin: 0.0017, Binary: 0.7914)
  Batch 5100/6019, Loss: 0.2237 (Main: 0.0773, Margin: 0.0004, Binary: 0.7320)
  Batch 5200/6019, Loss: 0.2076 (Main: 0.0819, Margin: 0.0008, Binary: 0.6284)
  Batch 5300/6019, Loss: 0.2317 (Main: 0.0927, Margin: 0.0003, Binary: 0.6948)
  Batch 5400/6019, Loss: 0.2549 (Main: 0.1328, Margin: 0.0002, Binary: 0.6104)
  Batch 5500/6019, Loss: 0.3039 (Main: 0.1234, Margin: 0.0005, Binary: 0.9025)
  Batch 5600/6019, Loss: 0.2211 (Main: 0.0974, Margin: 0.0000, Binary: 0.6186)
  Batch 5700/6019, Loss: 0.2948 (Main: 0.1316, Margin: 0.0001, Binary: 0.8161)
  Batch 5800/6019, Loss: 0.2490 (Main: 0.1061, Margin: 0.0012, Binary: 0.7143)
  Batch 5900/6019, Loss: 0.2111 (Main: 0.0866, Margin: 0.0000, Binary: 0.6225)
  Batch 6000/6019, Loss: 0.2733 (Main: 0.0879, Margin: 0.0001, Binary: 0.9271)
  Avg Losses - Total: 0.2301, Main: 0.0948, Margin: 0.0004, Binary: 0.6762
Train Loss: 0.2301
Val Loss: 0.3989, Val Macro F1: 0.8142
Per-class F1 scores:
  Class 0: 0.9462 (confusable with 1)
  Class 1: 0.6801 (confusable with 0)
  Class 2: 0.7984 (confusable with 3)
  Class 3: 0.6369 (confusable with 2)
  Class 4: 0.9425
  Class 5: 0.8810
Current learning rate: 0.000976

============================================================
Epoch 19/50
============================================================
  Batch 0/6019, Loss: 0.3218 (Main: 0.2175, Margin: 0.0000, Binary: 0.5215)
  Batch 100/6019, Loss: 0.1983 (Main: 0.0696, Margin: 0.0002, Binary: 0.6438)
  Batch 200/6019, Loss: 0.1797 (Main: 0.0569, Margin: 0.0002, Binary: 0.6138)
  Batch 300/6019, Loss: 0.1477 (Main: 0.0506, Margin: 0.0002, Binary: 0.4854)
  Batch 400/6019, Loss: 0.1980 (Main: 0.0666, Margin: 0.0003, Binary: 0.6570)
  Batch 500/6019, Loss: 0.2524 (Main: 0.1078, Margin: 0.0025, Binary: 0.7215)
  Batch 600/6019, Loss: 0.2335 (Main: 0.1007, Margin: 0.0005, Binary: 0.6638)
  Batch 700/6019, Loss: 0.3406 (Main: 0.1763, Margin: 0.0003, Binary: 0.8212)
  Batch 800/6019, Loss: 0.2245 (Main: 0.0860, Margin: 0.0004, Binary: 0.6921)
  Batch 900/6019, Loss: 0.1408 (Main: 0.0431, Margin: 0.0002, Binary: 0.4884)
  Batch 1000/6019, Loss: 0.1791 (Main: 0.0650, Margin: 0.0001, Binary: 0.5705)
  Batch 1100/6019, Loss: 0.1568 (Main: 0.0573, Margin: 0.0004, Binary: 0.4975)
  Batch 1200/6019, Loss: 0.3701 (Main: 0.1755, Margin: 0.0003, Binary: 0.9725)
  Batch 1300/6019, Loss: 0.2688 (Main: 0.1046, Margin: 0.0002, Binary: 0.8209)
  Batch 1400/6019, Loss: 0.2590 (Main: 0.0995, Margin: 0.0000, Binary: 0.7975)
  Batch 1500/6019, Loss: 0.2505 (Main: 0.1140, Margin: 0.0004, Binary: 0.6826)
  Batch 1600/6019, Loss: 0.1945 (Main: 0.0660, Margin: 0.0000, Binary: 0.6423)
  Batch 1700/6019, Loss: 0.1815 (Main: 0.0637, Margin: 0.0001, Binary: 0.5889)
  Batch 1800/6019, Loss: 0.2397 (Main: 0.1101, Margin: 0.0001, Binary: 0.6483)
  Batch 1900/6019, Loss: 0.2021 (Main: 0.0887, Margin: 0.0001, Binary: 0.5670)
  Batch 2000/6019, Loss: 0.1304 (Main: 0.0475, Margin: 0.0002, Binary: 0.4143)
  Batch 2100/6019, Loss: 0.2223 (Main: 0.0862, Margin: 0.0001, Binary: 0.6801)
  Batch 2200/6019, Loss: 0.2573 (Main: 0.1218, Margin: 0.0005, Binary: 0.6773)
  Batch 2300/6019, Loss: 0.2273 (Main: 0.0990, Margin: 0.0001, Binary: 0.6417)
  Batch 2400/6019, Loss: 0.2097 (Main: 0.0681, Margin: 0.0006, Binary: 0.7078)
  Batch 2500/6019, Loss: 0.3428 (Main: 0.1650, Margin: 0.0002, Binary: 0.8893)
  Batch 2600/6019, Loss: 0.1964 (Main: 0.0802, Margin: 0.0000, Binary: 0.5808)
  Batch 2700/6019, Loss: 0.1774 (Main: 0.0734, Margin: 0.0000, Binary: 0.5200)
  Batch 2800/6019, Loss: 0.2262 (Main: 0.0710, Margin: 0.0002, Binary: 0.7761)
  Batch 2900/6019, Loss: 0.2988 (Main: 0.1562, Margin: 0.0001, Binary: 0.7129)
  Batch 3000/6019, Loss: 0.2542 (Main: 0.0926, Margin: 0.0001, Binary: 0.8082)
  Batch 3100/6019, Loss: 0.2207 (Main: 0.0863, Margin: 0.0007, Binary: 0.6717)
  Batch 3200/6019, Loss: 0.2409 (Main: 0.0896, Margin: 0.0006, Binary: 0.7561)
  Batch 3300/6019, Loss: 0.1502 (Main: 0.0636, Margin: 0.0004, Binary: 0.4327)
  Batch 3400/6019, Loss: 0.2121 (Main: 0.0963, Margin: 0.0006, Binary: 0.5788)
  Batch 3500/6019, Loss: 0.2257 (Main: 0.0888, Margin: 0.0000, Binary: 0.6846)
  Batch 3600/6019, Loss: 0.2937 (Main: 0.1830, Margin: 0.0006, Binary: 0.5534)
  Batch 3700/6019, Loss: 0.2016 (Main: 0.0869, Margin: 0.0002, Binary: 0.5731)
  Batch 3800/6019, Loss: 0.2125 (Main: 0.0817, Margin: 0.0003, Binary: 0.6542)
  Batch 3900/6019, Loss: 0.1830 (Main: 0.0729, Margin: 0.0003, Binary: 0.5500)
  Batch 4000/6019, Loss: 0.2150 (Main: 0.0766, Margin: 0.0004, Binary: 0.6915)
  Batch 4100/6019, Loss: 0.2115 (Main: 0.0738, Margin: 0.0009, Binary: 0.6885)
  Batch 4200/6019, Loss: 0.2532 (Main: 0.1115, Margin: 0.0000, Binary: 0.7087)
  Batch 4300/6019, Loss: 0.3134 (Main: 0.1690, Margin: 0.0005, Binary: 0.7213)
  Batch 4400/6019, Loss: 0.1892 (Main: 0.0827, Margin: 0.0005, Binary: 0.5319)
  Batch 4500/6019, Loss: 0.1791 (Main: 0.0699, Margin: 0.0009, Binary: 0.5458)
  Batch 4600/6019, Loss: 0.2603 (Main: 0.0994, Margin: 0.0005, Binary: 0.8041)
  Batch 4700/6019, Loss: 0.2926 (Main: 0.1310, Margin: 0.0003, Binary: 0.8078)
  Batch 4800/6019, Loss: 0.2230 (Main: 0.0802, Margin: 0.0000, Binary: 0.7141)
  Batch 4900/6019, Loss: 0.1897 (Main: 0.0726, Margin: 0.0000, Binary: 0.5855)
  Batch 5000/6019, Loss: 0.2766 (Main: 0.0980, Margin: 0.0005, Binary: 0.8927)
  Batch 5100/6019, Loss: 0.1940 (Main: 0.0630, Margin: 0.0002, Binary: 0.6547)
  Batch 5200/6019, Loss: 0.4399 (Main: 0.2275, Margin: 0.0017, Binary: 1.0613)
  Batch 5300/6019, Loss: 0.2681 (Main: 0.1093, Margin: 0.0000, Binary: 0.7939)
  Batch 5400/6019, Loss: 0.2690 (Main: 0.0849, Margin: 0.0005, Binary: 0.9204)
  Batch 5500/6019, Loss: 0.2062 (Main: 0.0801, Margin: 0.0004, Binary: 0.6304)
  Batch 5600/6019, Loss: 0.2738 (Main: 0.1099, Margin: 0.0009, Binary: 0.8190)
  Batch 5700/6019, Loss: 0.1539 (Main: 0.0573, Margin: 0.0000, Binary: 0.4830)
  Batch 5800/6019, Loss: 0.2439 (Main: 0.1076, Margin: 0.0005, Binary: 0.6813)
  Batch 5900/6019, Loss: 0.2468 (Main: 0.0941, Margin: 0.0000, Binary: 0.7638)
  Batch 6000/6019, Loss: 0.1577 (Main: 0.0606, Margin: 0.0003, Binary: 0.4855)
  Avg Losses - Total: 0.2276, Main: 0.0933, Margin: 0.0004, Binary: 0.6713
Train Loss: 0.2276
Val Loss: 0.4028, Val Macro F1: 0.8051
Per-class F1 scores:
  Class 0: 0.9315 (confusable with 1)
  Class 1: 0.6393 (confusable with 0)
  Class 2: 0.8180 (confusable with 3)
  Class 3: 0.6186 (confusable with 2)
  Class 4: 0.9248
  Class 5: 0.8984
Current learning rate: 0.000946

============================================================
Epoch 20/50
============================================================
  Batch 0/6019, Loss: 0.2041 (Main: 0.0707, Margin: 0.0000, Binary: 0.6667)
  Batch 100/6019, Loss: 0.3243 (Main: 0.2018, Margin: 0.0003, Binary: 0.6123)
  Batch 200/6019, Loss: 0.2036 (Main: 0.0848, Margin: 0.0004, Binary: 0.5935)
  Batch 300/6019, Loss: 0.2275 (Main: 0.0958, Margin: 0.0002, Binary: 0.6580)
  Batch 400/6019, Loss: 0.1727 (Main: 0.0644, Margin: 0.0001, Binary: 0.5417)
  Batch 500/6019, Loss: 0.3141 (Main: 0.1423, Margin: 0.0004, Binary: 0.8585)
  Batch 600/6019, Loss: 0.2550 (Main: 0.0812, Margin: 0.0001, Binary: 0.8687)
  Batch 700/6019, Loss: 0.2072 (Main: 0.0774, Margin: 0.0002, Binary: 0.6492)
  Batch 800/6019, Loss: 0.2173 (Main: 0.0690, Margin: 0.0002, Binary: 0.7409)
  Batch 900/6019, Loss: 0.1376 (Main: 0.0566, Margin: 0.0000, Binary: 0.4050)
  Batch 1000/6019, Loss: 0.1989 (Main: 0.0720, Margin: 0.0002, Binary: 0.6347)
  Batch 1100/6019, Loss: 0.1909 (Main: 0.0664, Margin: 0.0001, Binary: 0.6228)
  Batch 1200/6019, Loss: 0.1889 (Main: 0.0774, Margin: 0.0003, Binary: 0.5572)
  Batch 1300/6019, Loss: 0.1461 (Main: 0.0626, Margin: 0.0000, Binary: 0.4173)
  Batch 1400/6019, Loss: 0.2488 (Main: 0.0859, Margin: 0.0014, Binary: 0.8142)
  Batch 1500/6019, Loss: 0.2551 (Main: 0.0948, Margin: 0.0006, Binary: 0.8014)
  Batch 1600/6019, Loss: 0.1799 (Main: 0.0746, Margin: 0.0001, Binary: 0.5265)
  Batch 1700/6019, Loss: 0.1956 (Main: 0.0666, Margin: 0.0001, Binary: 0.6450)
  Batch 1800/6019, Loss: 0.2070 (Main: 0.0641, Margin: 0.0000, Binary: 0.7145)
  Batch 1900/6019, Loss: 0.2343 (Main: 0.0886, Margin: 0.0003, Binary: 0.7285)
  Batch 2000/6019, Loss: 0.1964 (Main: 0.0845, Margin: 0.0004, Binary: 0.5593)
  Batch 2100/6019, Loss: 0.2321 (Main: 0.1135, Margin: 0.0003, Binary: 0.5928)
  Batch 2200/6019, Loss: 0.2857 (Main: 0.1258, Margin: 0.0003, Binary: 0.7997)
  Batch 2300/6019, Loss: 0.1981 (Main: 0.0771, Margin: 0.0002, Binary: 0.6050)
  Batch 2400/6019, Loss: 0.1416 (Main: 0.0565, Margin: 0.0002, Binary: 0.4254)
  Batch 2500/6019, Loss: 0.2050 (Main: 0.0764, Margin: 0.0001, Binary: 0.6430)
  Batch 2600/6019, Loss: 0.1900 (Main: 0.0785, Margin: 0.0002, Binary: 0.5575)
  Batch 2700/6019, Loss: 0.2154 (Main: 0.0775, Margin: 0.0003, Binary: 0.6895)
  Batch 2800/6019, Loss: 0.2044 (Main: 0.0975, Margin: 0.0001, Binary: 0.5346)
  Batch 2900/6019, Loss: 0.2482 (Main: 0.1258, Margin: 0.0002, Binary: 0.6120)
  Batch 3000/6019, Loss: 0.2927 (Main: 0.1287, Margin: 0.0003, Binary: 0.8199)
  Batch 3100/6019, Loss: 0.2309 (Main: 0.0837, Margin: 0.0001, Binary: 0.7357)
  Batch 3200/6019, Loss: 0.2630 (Main: 0.1064, Margin: 0.0004, Binary: 0.7828)
  Batch 3300/6019, Loss: 0.1815 (Main: 0.0728, Margin: 0.0001, Binary: 0.5434)
  Batch 3400/6019, Loss: 0.2656 (Main: 0.1011, Margin: 0.0003, Binary: 0.8225)
  Batch 3500/6019, Loss: 0.2953 (Main: 0.1318, Margin: 0.0008, Binary: 0.8172)
  Batch 3600/6019, Loss: 0.1710 (Main: 0.0606, Margin: 0.0015, Binary: 0.5510)
  Batch 3700/6019, Loss: 0.1628 (Main: 0.0611, Margin: 0.0001, Binary: 0.5082)
  Batch 3800/6019, Loss: 0.3127 (Main: 0.1108, Margin: 0.0003, Binary: 1.0094)
  Batch 3900/6019, Loss: 0.1641 (Main: 0.0675, Margin: 0.0008, Binary: 0.4828)
  Batch 4000/6019, Loss: 0.3174 (Main: 0.1615, Margin: 0.0001, Binary: 0.7797)
  Batch 4100/6019, Loss: 0.1856 (Main: 0.0875, Margin: 0.0002, Binary: 0.4903)
  Batch 4200/6019, Loss: 0.2931 (Main: 0.1394, Margin: 0.0009, Binary: 0.7680)
  Batch 4300/6019, Loss: 0.3193 (Main: 0.1356, Margin: 0.0005, Binary: 0.9187)
  Batch 4400/6019, Loss: 0.2296 (Main: 0.0842, Margin: 0.0002, Binary: 0.7269)
  Batch 4500/6019, Loss: 0.1394 (Main: 0.0495, Margin: 0.0004, Binary: 0.4490)
  Batch 4600/6019, Loss: 0.2654 (Main: 0.1233, Margin: 0.0002, Binary: 0.7103)
  Batch 4700/6019, Loss: 0.1254 (Main: 0.0370, Margin: 0.0000, Binary: 0.4420)
  Batch 4800/6019, Loss: 0.2220 (Main: 0.0839, Margin: 0.0006, Binary: 0.6903)
  Batch 4900/6019, Loss: 0.2624 (Main: 0.0998, Margin: 0.0002, Binary: 0.8131)
  Batch 5000/6019, Loss: 0.1821 (Main: 0.0663, Margin: 0.0006, Binary: 0.5785)
  Batch 5100/6019, Loss: 0.2314 (Main: 0.1061, Margin: 0.0002, Binary: 0.6262)
  Batch 5200/6019, Loss: 0.1686 (Main: 0.0593, Margin: 0.0001, Binary: 0.5465)
  Batch 5300/6019, Loss: 0.2966 (Main: 0.1089, Margin: 0.0016, Binary: 0.9380)
  Batch 5400/6019, Loss: 0.2322 (Main: 0.0959, Margin: 0.0001, Binary: 0.6814)
  Batch 5500/6019, Loss: 0.2060 (Main: 0.0835, Margin: 0.0010, Binary: 0.6121)
  Batch 5600/6019, Loss: 0.1987 (Main: 0.0774, Margin: 0.0001, Binary: 0.6067)
  Batch 5700/6019, Loss: 0.2203 (Main: 0.1018, Margin: 0.0000, Binary: 0.5925)
  Batch 5800/6019, Loss: 0.2239 (Main: 0.0766, Margin: 0.0003, Binary: 0.7364)
  Batch 5900/6019, Loss: 0.2015 (Main: 0.0738, Margin: 0.0003, Binary: 0.6385)
  Batch 6000/6019, Loss: 0.1882 (Main: 0.0695, Margin: 0.0000, Binary: 0.5931)
  Avg Losses - Total: 0.2246, Main: 0.0912, Margin: 0.0004, Binary: 0.6668
Train Loss: 0.2246
Val Loss: 0.4600, Val Macro F1: 0.7888
Per-class F1 scores:
  Class 0: 0.8920 (confusable with 1)
  Class 1: 0.5528 (confusable with 0)
  Class 2: 0.8088 (confusable with 3)
  Class 3: 0.6394 (confusable with 2)
  Class 4: 0.9537
  Class 5: 0.8860
Current learning rate: 0.000905

============================================================
Epoch 21/50
============================================================
  Batch 0/6019, Loss: 0.1963 (Main: 0.0925, Margin: 0.0002, Binary: 0.5191)
  Batch 100/6019, Loss: 0.2007 (Main: 0.0625, Margin: 0.0001, Binary: 0.6912)
  Batch 200/6019, Loss: 0.2633 (Main: 0.0856, Margin: 0.0002, Binary: 0.8883)
  Batch 300/6019, Loss: 0.2100 (Main: 0.0967, Margin: 0.0001, Binary: 0.5665)
  Batch 400/6019, Loss: 0.1996 (Main: 0.0832, Margin: 0.0000, Binary: 0.5816)
  Batch 500/6019, Loss: 0.3068 (Main: 0.1867, Margin: 0.0004, Binary: 0.6004)
  Batch 600/6019, Loss: 0.2097 (Main: 0.0757, Margin: 0.0005, Binary: 0.6697)
  Batch 700/6019, Loss: 0.2061 (Main: 0.0712, Margin: 0.0000, Binary: 0.6742)
  Batch 800/6019, Loss: 0.2142 (Main: 0.0881, Margin: 0.0006, Binary: 0.6302)
  Batch 900/6019, Loss: 0.3633 (Main: 0.2273, Margin: 0.0008, Binary: 0.6795)
  Batch 1000/6019, Loss: 0.2590 (Main: 0.0978, Margin: 0.0003, Binary: 0.8056)
  Batch 1100/6019, Loss: 0.2105 (Main: 0.0819, Margin: 0.0002, Binary: 0.6427)
  Batch 1200/6019, Loss: 0.3027 (Main: 0.1172, Margin: 0.0002, Binary: 0.9271)
  Batch 1300/6019, Loss: 0.2595 (Main: 0.0953, Margin: 0.0002, Binary: 0.8210)
  Batch 1400/6019, Loss: 0.1975 (Main: 0.0678, Margin: 0.0001, Binary: 0.6481)
  Batch 1500/6019, Loss: 0.2024 (Main: 0.0781, Margin: 0.0002, Binary: 0.6215)
  Batch 1600/6019, Loss: 0.2665 (Main: 0.0963, Margin: 0.0003, Binary: 0.8504)
  Batch 1700/6019, Loss: 0.1725 (Main: 0.0736, Margin: 0.0000, Binary: 0.4948)
  Batch 1800/6019, Loss: 0.2635 (Main: 0.1025, Margin: 0.0002, Binary: 0.8051)
  Batch 1900/6019, Loss: 0.2490 (Main: 0.0860, Margin: 0.0002, Binary: 0.8151)
  Batch 2000/6019, Loss: 0.1834 (Main: 0.0658, Margin: 0.0000, Binary: 0.5881)
  Batch 2100/6019, Loss: 0.1880 (Main: 0.1039, Margin: 0.0002, Binary: 0.4204)
  Batch 2200/6019, Loss: 0.1888 (Main: 0.0706, Margin: 0.0000, Binary: 0.5909)
  Batch 2300/6019, Loss: 0.1618 (Main: 0.0561, Margin: 0.0002, Binary: 0.5281)
  Batch 2400/6019, Loss: 0.1947 (Main: 0.0887, Margin: 0.0003, Binary: 0.5297)
  Batch 2500/6019, Loss: 0.2097 (Main: 0.0760, Margin: 0.0002, Binary: 0.6685)
  Batch 2600/6019, Loss: 0.3248 (Main: 0.1951, Margin: 0.0002, Binary: 0.6484)
  Batch 2700/6019, Loss: 0.1757 (Main: 0.0789, Margin: 0.0002, Binary: 0.4842)
  Batch 2800/6019, Loss: 0.1976 (Main: 0.0672, Margin: 0.0002, Binary: 0.6517)
  Batch 2900/6019, Loss: 0.3142 (Main: 0.1189, Margin: 0.0005, Binary: 0.9762)
  Batch 3000/6019, Loss: 0.1823 (Main: 0.0683, Margin: 0.0005, Binary: 0.5696)
  Batch 3100/6019, Loss: 0.2003 (Main: 0.0631, Margin: 0.0005, Binary: 0.6861)
  Batch 3200/6019, Loss: 0.1601 (Main: 0.0557, Margin: 0.0000, Binary: 0.5222)
  Batch 3300/6019, Loss: 0.2864 (Main: 0.1227, Margin: 0.0003, Binary: 0.8183)
  Batch 3400/6019, Loss: 0.1246 (Main: 0.0393, Margin: 0.0000, Binary: 0.4264)
  Batch 3500/6019, Loss: 0.1954 (Main: 0.0840, Margin: 0.0001, Binary: 0.5569)
  Batch 3600/6019, Loss: 0.2224 (Main: 0.0824, Margin: 0.0001, Binary: 0.7002)
  Batch 3700/6019, Loss: 0.2629 (Main: 0.1333, Margin: 0.0002, Binary: 0.6484)
  Batch 3800/6019, Loss: 0.2731 (Main: 0.1045, Margin: 0.0009, Binary: 0.8426)
  Batch 3900/6019, Loss: 0.1744 (Main: 0.0717, Margin: 0.0003, Binary: 0.5132)
  Batch 4000/6019, Loss: 0.1899 (Main: 0.0736, Margin: 0.0020, Binary: 0.5804)
  Batch 4100/6019, Loss: 0.2741 (Main: 0.1338, Margin: 0.0011, Binary: 0.7006)
  Batch 4200/6019, Loss: 0.2682 (Main: 0.0941, Margin: 0.0003, Binary: 0.8702)
  Batch 4300/6019, Loss: 0.1829 (Main: 0.0674, Margin: 0.0001, Binary: 0.5775)
  Batch 4400/6019, Loss: 0.2574 (Main: 0.0988, Margin: 0.0009, Binary: 0.7923)
  Batch 4500/6019, Loss: 0.1889 (Main: 0.0679, Margin: 0.0007, Binary: 0.6046)
  Batch 4600/6019, Loss: 0.2239 (Main: 0.0755, Margin: 0.0004, Binary: 0.7418)
  Batch 4700/6019, Loss: 0.2824 (Main: 0.1357, Margin: 0.0002, Binary: 0.7336)
  Batch 4800/6019, Loss: 0.2509 (Main: 0.0964, Margin: 0.0001, Binary: 0.7724)
  Batch 4900/6019, Loss: 0.1981 (Main: 0.0852, Margin: 0.0007, Binary: 0.5641)
  Batch 5000/6019, Loss: 0.2042 (Main: 0.0669, Margin: 0.0001, Binary: 0.6862)
  Batch 5100/6019, Loss: 0.1363 (Main: 0.0489, Margin: 0.0000, Binary: 0.4370)
  Batch 5200/6019, Loss: 0.1978 (Main: 0.0739, Margin: 0.0002, Binary: 0.6196)
  Batch 5300/6019, Loss: 0.1516 (Main: 0.0679, Margin: 0.0001, Binary: 0.4185)
  Batch 5400/6019, Loss: 0.1789 (Main: 0.0809, Margin: 0.0000, Binary: 0.4898)
  Batch 5500/6019, Loss: 0.2849 (Main: 0.1109, Margin: 0.0011, Binary: 0.8695)
  Batch 5600/6019, Loss: 0.2301 (Main: 0.0762, Margin: 0.0002, Binary: 0.7693)
  Batch 5700/6019, Loss: 0.2752 (Main: 0.0883, Margin: 0.0003, Binary: 0.9342)
  Batch 5800/6019, Loss: 0.2263 (Main: 0.0705, Margin: 0.0000, Binary: 0.7791)
  Batch 5900/6019, Loss: 0.2586 (Main: 0.0919, Margin: 0.0000, Binary: 0.8331)
  Batch 6000/6019, Loss: 0.1831 (Main: 0.0695, Margin: 0.0013, Binary: 0.5674)
  Avg Losses - Total: 0.2227, Main: 0.0902, Margin: 0.0004, Binary: 0.6623
Train Loss: 0.2227
Val Loss: 0.4159, Val Macro F1: 0.7982
Per-class F1 scores:
  Class 0: 0.9213 (confusable with 1)
  Class 1: 0.6135 (confusable with 0)
  Class 2: 0.8142 (confusable with 3)
  Class 3: 0.6259 (confusable with 2)
  Class 4: 0.9397
  Class 5: 0.8746
Current learning rate: 0.000854

============================================================
Epoch 22/50
============================================================
  Batch 0/6019, Loss: 0.1898 (Main: 0.0851, Margin: 0.0001, Binary: 0.5235)
  Batch 100/6019, Loss: 0.3152 (Main: 0.1348, Margin: 0.0016, Binary: 0.9008)
  Batch 200/6019, Loss: 0.1988 (Main: 0.0645, Margin: 0.0001, Binary: 0.6713)
  Batch 300/6019, Loss: 0.2502 (Main: 0.0932, Margin: 0.0001, Binary: 0.7852)
  Batch 400/6019, Loss: 0.1699 (Main: 0.0700, Margin: 0.0005, Binary: 0.4995)
  Batch 500/6019, Loss: 0.2062 (Main: 0.0817, Margin: 0.0001, Binary: 0.6225)
  Batch 600/6019, Loss: 0.1753 (Main: 0.0636, Margin: 0.0004, Binary: 0.5584)
  Batch 700/6019, Loss: 0.2278 (Main: 0.0802, Margin: 0.0007, Binary: 0.7377)
  Batch 800/6019, Loss: 0.4950 (Main: 0.3433, Margin: 0.0012, Binary: 0.7583)
  Batch 900/6019, Loss: 0.2027 (Main: 0.0688, Margin: 0.0000, Binary: 0.6692)
  Batch 1000/6019, Loss: 0.1620 (Main: 0.0704, Margin: 0.0000, Binary: 0.4579)
  Batch 1100/6019, Loss: 0.4030 (Main: 0.2207, Margin: 0.0010, Binary: 0.9113)
  Batch 1200/6019, Loss: 0.2317 (Main: 0.0938, Margin: 0.0007, Binary: 0.6893)
  Batch 1300/6019, Loss: 0.2332 (Main: 0.0967, Margin: 0.0014, Binary: 0.6822)
  Batch 1400/6019, Loss: 0.2719 (Main: 0.1058, Margin: 0.0004, Binary: 0.8304)
  Batch 1500/6019, Loss: 0.1973 (Main: 0.0640, Margin: 0.0000, Binary: 0.6667)
  Batch 1600/6019, Loss: 0.1927 (Main: 0.0631, Margin: 0.0005, Binary: 0.6478)
  Batch 1700/6019, Loss: 0.1768 (Main: 0.0736, Margin: 0.0007, Binary: 0.5161)
  Batch 1800/6019, Loss: 0.2998 (Main: 0.1814, Margin: 0.0000, Binary: 0.5919)
  Batch 1900/6019, Loss: 0.2056 (Main: 0.0655, Margin: 0.0004, Binary: 0.7001)
  Batch 2000/6019, Loss: 0.1802 (Main: 0.0779, Margin: 0.0003, Binary: 0.5114)
  Batch 2100/6019, Loss: 0.1608 (Main: 0.0554, Margin: 0.0006, Binary: 0.5268)
  Batch 2200/6019, Loss: 0.2352 (Main: 0.0834, Margin: 0.0003, Binary: 0.7591)
  Batch 2300/6019, Loss: 0.2468 (Main: 0.1136, Margin: 0.0001, Binary: 0.6657)
  Batch 2400/6019, Loss: 0.1975 (Main: 0.0833, Margin: 0.0000, Binary: 0.5709)
  Batch 2500/6019, Loss: 0.2233 (Main: 0.0972, Margin: 0.0005, Binary: 0.6304)
  Batch 2600/6019, Loss: 0.1927 (Main: 0.0744, Margin: 0.0000, Binary: 0.5916)
  Batch 2700/6019, Loss: 0.1862 (Main: 0.0709, Margin: 0.0000, Binary: 0.5764)
  Batch 2800/6019, Loss: 0.2511 (Main: 0.0868, Margin: 0.0001, Binary: 0.8214)
  Batch 2900/6019, Loss: 0.2149 (Main: 0.0886, Margin: 0.0003, Binary: 0.6309)
  Batch 3000/6019, Loss: 0.2647 (Main: 0.1340, Margin: 0.0002, Binary: 0.6535)
  Batch 3100/6019, Loss: 0.1339 (Main: 0.0459, Margin: 0.0000, Binary: 0.4401)
  Batch 3200/6019, Loss: 0.2396 (Main: 0.1186, Margin: 0.0002, Binary: 0.6049)
  Batch 3300/6019, Loss: 0.1420 (Main: 0.0489, Margin: 0.0003, Binary: 0.4656)
  Batch 3400/6019, Loss: 0.2726 (Main: 0.1144, Margin: 0.0007, Binary: 0.7906)
  Batch 3500/6019, Loss: 0.1867 (Main: 0.0629, Margin: 0.0000, Binary: 0.6193)
  Batch 3600/6019, Loss: 0.1692 (Main: 0.0660, Margin: 0.0000, Binary: 0.5162)
  Batch 3700/6019, Loss: 0.2481 (Main: 0.0929, Margin: 0.0007, Binary: 0.7758)
  Batch 3800/6019, Loss: 0.3115 (Main: 0.1295, Margin: 0.0050, Binary: 0.9074)
  Batch 3900/6019, Loss: 0.2059 (Main: 0.0670, Margin: 0.0002, Binary: 0.6945)
  Batch 4000/6019, Loss: 0.2544 (Main: 0.1572, Margin: 0.0000, Binary: 0.4860)
  Batch 4100/6019, Loss: 0.1991 (Main: 0.0669, Margin: 0.0000, Binary: 0.6610)
  Batch 4200/6019, Loss: 0.3225 (Main: 0.1908, Margin: 0.0012, Binary: 0.6580)
  Batch 4300/6019, Loss: 0.2762 (Main: 0.1013, Margin: 0.0011, Binary: 0.8739)
  Batch 4400/6019, Loss: 0.2005 (Main: 0.0845, Margin: 0.0002, Binary: 0.5799)
  Batch 4500/6019, Loss: 0.2957 (Main: 0.1318, Margin: 0.0002, Binary: 0.8196)
  Batch 4600/6019, Loss: 0.1833 (Main: 0.0762, Margin: 0.0004, Binary: 0.5350)
  Batch 4700/6019, Loss: 0.1516 (Main: 0.0521, Margin: 0.0004, Binary: 0.4971)
  Batch 4800/6019, Loss: 0.1765 (Main: 0.0642, Margin: 0.0001, Binary: 0.5616)
  Batch 4900/6019, Loss: 0.2803 (Main: 0.1544, Margin: 0.0009, Binary: 0.6294)
  Batch 5000/6019, Loss: 0.2120 (Main: 0.0733, Margin: 0.0006, Binary: 0.6934)
  Batch 5100/6019, Loss: 0.1986 (Main: 0.0770, Margin: 0.0000, Binary: 0.6079)
  Batch 5200/6019, Loss: 0.2154 (Main: 0.0838, Margin: 0.0007, Binary: 0.6572)
  Batch 5300/6019, Loss: 0.1949 (Main: 0.0551, Margin: 0.0005, Binary: 0.6989)
  Batch 5400/6019, Loss: 0.2228 (Main: 0.0785, Margin: 0.0001, Binary: 0.7215)
  Batch 5500/6019, Loss: 0.2838 (Main: 0.1399, Margin: 0.0002, Binary: 0.7193)
  Batch 5600/6019, Loss: 0.1721 (Main: 0.0577, Margin: 0.0000, Binary: 0.5721)
  Batch 5700/6019, Loss: 0.1740 (Main: 0.0620, Margin: 0.0005, Binary: 0.5601)
  Batch 5800/6019, Loss: 0.2595 (Main: 0.0843, Margin: 0.0010, Binary: 0.8754)
  Batch 5900/6019, Loss: 0.2270 (Main: 0.1105, Margin: 0.0001, Binary: 0.5825)
  Batch 6000/6019, Loss: 0.2044 (Main: 0.0688, Margin: 0.0002, Binary: 0.6781)
  Avg Losses - Total: 0.2200, Main: 0.0883, Margin: 0.0003, Binary: 0.6586
Train Loss: 0.2200
Val Loss: 0.4012, Val Macro F1: 0.8005
Per-class F1 scores:
  Class 0: 0.9199 (confusable with 1)
  Class 1: 0.6101 (confusable with 0)
  Class 2: 0.8270 (confusable with 3)
  Class 3: 0.6063 (confusable with 2)
  Class 4: 0.9409
  Class 5: 0.8986
Current learning rate: 0.000794

============================================================
Epoch 23/50
============================================================
  Batch 0/6019, Loss: 0.1949 (Main: 0.0685, Margin: 0.0003, Binary: 0.6317)
  Batch 100/6019, Loss: 0.2369 (Main: 0.1063, Margin: 0.0014, Binary: 0.6521)
  Batch 200/6019, Loss: 0.1311 (Main: 0.0502, Margin: 0.0000, Binary: 0.4046)
  Batch 300/6019, Loss: 0.3189 (Main: 0.2005, Margin: 0.0003, Binary: 0.5922)
  Batch 400/6019, Loss: 0.2154 (Main: 0.0803, Margin: 0.0007, Binary: 0.6752)
  Batch 500/6019, Loss: 0.1580 (Main: 0.0496, Margin: 0.0000, Binary: 0.5417)
  Batch 600/6019, Loss: 0.2442 (Main: 0.0964, Margin: 0.0003, Binary: 0.7387)
  Batch 700/6019, Loss: 0.2277 (Main: 0.0817, Margin: 0.0003, Binary: 0.7296)
  Batch 800/6019, Loss: 0.2178 (Main: 0.0902, Margin: 0.0002, Binary: 0.6377)
  Batch 900/6019, Loss: 0.2119 (Main: 0.0904, Margin: 0.0000, Binary: 0.6071)
  Batch 1000/6019, Loss: 0.1436 (Main: 0.0668, Margin: 0.0000, Binary: 0.3838)
  Batch 1100/6019, Loss: 0.2054 (Main: 0.0839, Margin: 0.0001, Binary: 0.6072)
  Batch 1200/6019, Loss: 0.1700 (Main: 0.0581, Margin: 0.0003, Binary: 0.5591)
  Batch 1300/6019, Loss: 0.2451 (Main: 0.0892, Margin: 0.0003, Binary: 0.7790)
  Batch 1400/6019, Loss: 0.2116 (Main: 0.0864, Margin: 0.0000, Binary: 0.6262)
  Batch 1500/6019, Loss: 0.2601 (Main: 0.0951, Margin: 0.0000, Binary: 0.8252)
  Batch 1600/6019, Loss: 0.1820 (Main: 0.0582, Margin: 0.0002, Binary: 0.6187)
  Batch 1700/6019, Loss: 0.2271 (Main: 0.0754, Margin: 0.0001, Binary: 0.7584)
  Batch 1800/6019, Loss: 0.1452 (Main: 0.0523, Margin: 0.0001, Binary: 0.4645)
  Batch 1900/6019, Loss: 0.1554 (Main: 0.0558, Margin: 0.0001, Binary: 0.4982)
  Batch 2000/6019, Loss: 0.2173 (Main: 0.0712, Margin: 0.0003, Binary: 0.7304)
  Batch 2100/6019, Loss: 0.2428 (Main: 0.0915, Margin: 0.0000, Binary: 0.7562)
  Batch 2200/6019, Loss: 0.1702 (Main: 0.0609, Margin: 0.0003, Binary: 0.5462)
  Batch 2300/6019, Loss: 0.2888 (Main: 0.1536, Margin: 0.0002, Binary: 0.6760)
  Batch 2400/6019, Loss: 0.2226 (Main: 0.0748, Margin: 0.0000, Binary: 0.7394)
  Batch 2500/6019, Loss: 0.1884 (Main: 0.0653, Margin: 0.0000, Binary: 0.6154)
  Batch 2600/6019, Loss: 0.2187 (Main: 0.1012, Margin: 0.0008, Binary: 0.5869)
  Batch 2700/6019, Loss: 0.3381 (Main: 0.1316, Margin: 0.0006, Binary: 1.0318)
  Batch 2800/6019, Loss: 0.1780 (Main: 0.0706, Margin: 0.0001, Binary: 0.5366)
  Batch 2900/6019, Loss: 0.2208 (Main: 0.0898, Margin: 0.0002, Binary: 0.6546)
  Batch 3000/6019, Loss: 0.1923 (Main: 0.0550, Margin: 0.0002, Binary: 0.6862)
  Batch 3100/6019, Loss: 0.1811 (Main: 0.0758, Margin: 0.0001, Binary: 0.5266)
  Batch 3200/6019, Loss: 0.2240 (Main: 0.0875, Margin: 0.0007, Binary: 0.6818)
  Batch 3300/6019, Loss: 0.1697 (Main: 0.0654, Margin: 0.0000, Binary: 0.5216)
  Batch 3400/6019, Loss: 0.1883 (Main: 0.0695, Margin: 0.0001, Binary: 0.5939)
  Batch 3500/6019, Loss: 0.2819 (Main: 0.1222, Margin: 0.0004, Binary: 0.7981)
  Batch 3600/6019, Loss: 0.2798 (Main: 0.1262, Margin: 0.0004, Binary: 0.7680)
  Batch 3700/6019, Loss: 0.2128 (Main: 0.0804, Margin: 0.0002, Binary: 0.6618)
  Batch 3800/6019, Loss: 0.2546 (Main: 0.0994, Margin: 0.0005, Binary: 0.7757)
  Batch 3900/6019, Loss: 0.1656 (Main: 0.0532, Margin: 0.0001, Binary: 0.5619)
  Batch 4000/6019, Loss: 0.3098 (Main: 0.1452, Margin: 0.0018, Binary: 0.8219)
  Batch 4100/6019, Loss: 0.1711 (Main: 0.0657, Margin: 0.0006, Binary: 0.5265)
  Batch 4200/6019, Loss: 0.2126 (Main: 0.0853, Margin: 0.0002, Binary: 0.6367)
  Batch 4300/6019, Loss: 0.1624 (Main: 0.0407, Margin: 0.0001, Binary: 0.6087)
  Batch 4400/6019, Loss: 0.2677 (Main: 0.1123, Margin: 0.0003, Binary: 0.7765)
  Batch 4500/6019, Loss: 0.2896 (Main: 0.1589, Margin: 0.0003, Binary: 0.6533)
  Batch 4600/6019, Loss: 0.2117 (Main: 0.0816, Margin: 0.0000, Binary: 0.6506)
  Batch 4700/6019, Loss: 0.1648 (Main: 0.0506, Margin: 0.0008, Binary: 0.5706)
  Batch 4800/6019, Loss: 0.1551 (Main: 0.0494, Margin: 0.0000, Binary: 0.5283)
  Batch 4900/6019, Loss: 0.2171 (Main: 0.0540, Margin: 0.0000, Binary: 0.8159)
  Batch 5000/6019, Loss: 0.2581 (Main: 0.0955, Margin: 0.0005, Binary: 0.8128)
  Batch 5100/6019, Loss: 0.1674 (Main: 0.0681, Margin: 0.0003, Binary: 0.4963)
  Batch 5200/6019, Loss: 0.2954 (Main: 0.1178, Margin: 0.0016, Binary: 0.8874)
  Batch 5300/6019, Loss: 0.1973 (Main: 0.0691, Margin: 0.0001, Binary: 0.6411)
  Batch 5400/6019, Loss: 0.2350 (Main: 0.0852, Margin: 0.0002, Binary: 0.7491)
  Batch 5500/6019, Loss: 0.2318 (Main: 0.0649, Margin: 0.0000, Binary: 0.8343)
  Batch 5600/6019, Loss: 0.2736 (Main: 0.1069, Margin: 0.0000, Binary: 0.8334)
  Batch 5700/6019, Loss: 0.2972 (Main: 0.1631, Margin: 0.0001, Binary: 0.6701)
  Batch 5800/6019, Loss: 0.1995 (Main: 0.0744, Margin: 0.0003, Binary: 0.6252)
  Batch 5900/6019, Loss: 0.1871 (Main: 0.0621, Margin: 0.0001, Binary: 0.6245)
  Batch 6000/6019, Loss: 0.2078 (Main: 0.0758, Margin: 0.0004, Binary: 0.6599)
  Avg Losses - Total: 0.2173, Main: 0.0866, Margin: 0.0003, Binary: 0.6533
Train Loss: 0.2173
Val Loss: 0.4111, Val Macro F1: 0.8063
Per-class F1 scores:
  Class 0: 0.9341 (confusable with 1)
  Class 1: 0.6466 (confusable with 0)
  Class 2: 0.8281 (confusable with 3)
  Class 3: 0.5853 (confusable with 2)
  Class 4: 0.9590
  Class 5: 0.8846
Current learning rate: 0.000727

============================================================
Epoch 24/50
============================================================
  Batch 0/6019, Loss: 0.3283 (Main: 0.2102, Margin: 0.0002, Binary: 0.5903)
  Batch 100/6019, Loss: 0.1817 (Main: 0.0632, Margin: 0.0002, Binary: 0.5926)
  Batch 200/6019, Loss: 0.1941 (Main: 0.0697, Margin: 0.0004, Binary: 0.6217)
  Batch 300/6019, Loss: 0.2015 (Main: 0.0670, Margin: 0.0001, Binary: 0.6725)
  Batch 400/6019, Loss: 0.1637 (Main: 0.0594, Margin: 0.0002, Binary: 0.5215)
  Batch 500/6019, Loss: 0.1899 (Main: 0.0714, Margin: 0.0008, Binary: 0.5918)
  Batch 600/6019, Loss: 0.1773 (Main: 0.0536, Margin: 0.0003, Binary: 0.6186)
  Batch 700/6019, Loss: 0.2387 (Main: 0.1011, Margin: 0.0010, Binary: 0.6870)
  Batch 800/6019, Loss: 0.2932 (Main: 0.1434, Margin: 0.0001, Binary: 0.7488)
  Batch 900/6019, Loss: 0.1374 (Main: 0.0494, Margin: 0.0000, Binary: 0.4401)
  Batch 1000/6019, Loss: 0.1198 (Main: 0.0382, Margin: 0.0000, Binary: 0.4081)
  Batch 1100/6019, Loss: 0.2165 (Main: 0.0838, Margin: 0.0001, Binary: 0.6635)
  Batch 1200/6019, Loss: 0.2306 (Main: 0.0910, Margin: 0.0002, Binary: 0.6974)
  Batch 1300/6019, Loss: 0.3061 (Main: 0.1483, Margin: 0.0012, Binary: 0.7885)
  Batch 1400/6019, Loss: 0.2377 (Main: 0.0984, Margin: 0.0003, Binary: 0.6962)
  Batch 1500/6019, Loss: 0.2488 (Main: 0.1051, Margin: 0.0023, Binary: 0.7175)
  Batch 1600/6019, Loss: 0.1282 (Main: 0.0520, Margin: 0.0000, Binary: 0.3813)
  Batch 1700/6019, Loss: 0.2172 (Main: 0.0743, Margin: 0.0004, Binary: 0.7146)
  Batch 1800/6019, Loss: 0.1454 (Main: 0.0480, Margin: 0.0002, Binary: 0.4870)
  Batch 1900/6019, Loss: 0.1797 (Main: 0.0618, Margin: 0.0003, Binary: 0.5894)
  Batch 2000/6019, Loss: 0.2318 (Main: 0.0991, Margin: 0.0002, Binary: 0.6636)
  Batch 2100/6019, Loss: 0.1864 (Main: 0.1002, Margin: 0.0005, Binary: 0.4304)
  Batch 2200/6019, Loss: 0.1553 (Main: 0.0640, Margin: 0.0002, Binary: 0.4564)
  Batch 2300/6019, Loss: 0.1909 (Main: 0.0668, Margin: 0.0002, Binary: 0.6206)
  Batch 2400/6019, Loss: 0.2045 (Main: 0.0578, Margin: 0.0003, Binary: 0.7332)
  Batch 2500/6019, Loss: 0.1895 (Main: 0.0736, Margin: 0.0001, Binary: 0.5799)
  Batch 2600/6019, Loss: 0.1462 (Main: 0.0516, Margin: 0.0004, Binary: 0.4730)
  Batch 2700/6019, Loss: 0.1888 (Main: 0.0873, Margin: 0.0001, Binary: 0.5078)
  Batch 2800/6019, Loss: 0.2444 (Main: 0.0894, Margin: 0.0004, Binary: 0.7751)
  Batch 2900/6019, Loss: 0.1932 (Main: 0.0702, Margin: 0.0000, Binary: 0.6152)
  Batch 3000/6019, Loss: 0.2294 (Main: 0.0833, Margin: 0.0005, Binary: 0.7300)
  Batch 3100/6019, Loss: 0.1253 (Main: 0.0449, Margin: 0.0000, Binary: 0.4017)
  Batch 3200/6019, Loss: 0.2677 (Main: 0.1196, Margin: 0.0002, Binary: 0.7406)
  Batch 3300/6019, Loss: 0.2837 (Main: 0.1226, Margin: 0.0002, Binary: 0.8056)
  Batch 3400/6019, Loss: 0.2152 (Main: 0.0864, Margin: 0.0005, Binary: 0.6438)
  Batch 3500/6019, Loss: 0.2439 (Main: 0.1103, Margin: 0.0000, Binary: 0.6681)
  Batch 3600/6019, Loss: 0.2294 (Main: 0.1039, Margin: 0.0003, Binary: 0.6274)
  Batch 3700/6019, Loss: 0.1538 (Main: 0.0590, Margin: 0.0000, Binary: 0.4743)
  Batch 3800/6019, Loss: 0.2491 (Main: 0.1048, Margin: 0.0000, Binary: 0.7215)
  Batch 3900/6019, Loss: 0.2220 (Main: 0.0734, Margin: 0.0006, Binary: 0.7425)
  Batch 4000/6019, Loss: 0.1719 (Main: 0.0463, Margin: 0.0001, Binary: 0.6282)
  Batch 4100/6019, Loss: 0.2099 (Main: 0.0625, Margin: 0.0000, Binary: 0.7370)
  Batch 4200/6019, Loss: 0.1223 (Main: 0.0442, Margin: 0.0000, Binary: 0.3902)
  Batch 4300/6019, Loss: 0.1803 (Main: 0.0691, Margin: 0.0003, Binary: 0.5558)
  Batch 4400/6019, Loss: 0.1416 (Main: 0.0460, Margin: 0.0001, Binary: 0.4780)
  Batch 4500/6019, Loss: 0.2398 (Main: 0.1272, Margin: 0.0001, Binary: 0.5629)
  Batch 4600/6019, Loss: 0.2409 (Main: 0.0898, Margin: 0.0001, Binary: 0.7555)
  Batch 4700/6019, Loss: 0.2240 (Main: 0.0871, Margin: 0.0006, Binary: 0.6844)
  Batch 4800/6019, Loss: 0.3290 (Main: 0.1463, Margin: 0.0006, Binary: 0.9129)
  Batch 4900/6019, Loss: 0.1886 (Main: 0.0641, Margin: 0.0000, Binary: 0.6229)
  Batch 5000/6019, Loss: 0.3564 (Main: 0.2074, Margin: 0.0004, Binary: 0.7450)
  Batch 5100/6019, Loss: 0.1825 (Main: 0.0764, Margin: 0.0002, Binary: 0.5307)
  Batch 5200/6019, Loss: 0.1682 (Main: 0.0672, Margin: 0.0002, Binary: 0.5046)
  Batch 5300/6019, Loss: 0.2895 (Main: 0.1382, Margin: 0.0008, Binary: 0.7564)
  Batch 5400/6019, Loss: 0.2116 (Main: 0.0919, Margin: 0.0009, Binary: 0.5977)
  Batch 5500/6019, Loss: 0.2581 (Main: 0.0841, Margin: 0.0000, Binary: 0.8700)
  Batch 5600/6019, Loss: 0.1802 (Main: 0.0652, Margin: 0.0001, Binary: 0.5748)
  Batch 5700/6019, Loss: 0.2497 (Main: 0.1173, Margin: 0.0005, Binary: 0.6618)
  Batch 5800/6019, Loss: 0.1407 (Main: 0.0676, Margin: 0.0001, Binary: 0.3653)
  Batch 5900/6019, Loss: 0.2286 (Main: 0.0736, Margin: 0.0000, Binary: 0.7749)
  Batch 6000/6019, Loss: 0.2097 (Main: 0.0994, Margin: 0.0001, Binary: 0.5515)
  Avg Losses - Total: 0.2146, Main: 0.0849, Margin: 0.0003, Binary: 0.6481
Train Loss: 0.2146
Val Loss: 0.3845, Val Macro F1: 0.8178
Per-class F1 scores:
  Class 0: 0.9445 (confusable with 1)
  Class 1: 0.6789 (confusable with 0)
  Class 2: 0.7954 (confusable with 3)
  Class 3: 0.6456 (confusable with 2)
  Class 4: 0.9572
  Class 5: 0.8855
Current learning rate: 0.000655

============================================================
Epoch 25/50
============================================================
  Batch 0/6019, Loss: 0.2276 (Main: 0.0843, Margin: 0.0002, Binary: 0.7161)
  Batch 100/6019, Loss: 0.1775 (Main: 0.0681, Margin: 0.0002, Binary: 0.5469)
  Batch 200/6019, Loss: 0.1794 (Main: 0.0549, Margin: 0.0002, Binary: 0.6224)
  Batch 300/6019, Loss: 0.2285 (Main: 0.0964, Margin: 0.0004, Binary: 0.6601)
  Batch 400/6019, Loss: 0.2043 (Main: 0.0700, Margin: 0.0001, Binary: 0.6714)
  Batch 500/6019, Loss: 0.2968 (Main: 0.1217, Margin: 0.0016, Binary: 0.8747)
  Batch 600/6019, Loss: 0.2256 (Main: 0.1194, Margin: 0.0001, Binary: 0.5308)
  Batch 700/6019, Loss: 0.3416 (Main: 0.1454, Margin: 0.0008, Binary: 0.9807)
  Batch 800/6019, Loss: 0.2311 (Main: 0.0920, Margin: 0.0014, Binary: 0.6949)
  Batch 900/6019, Loss: 0.2110 (Main: 0.0991, Margin: 0.0002, Binary: 0.5596)
  Batch 1000/6019, Loss: 0.2088 (Main: 0.0668, Margin: 0.0003, Binary: 0.7098)
  Batch 1100/6019, Loss: 0.1901 (Main: 0.0748, Margin: 0.0002, Binary: 0.5760)
  Batch 1200/6019, Loss: 0.3055 (Main: 0.1527, Margin: 0.0018, Binary: 0.7631)
  Batch 1300/6019, Loss: 0.1835 (Main: 0.0711, Margin: 0.0001, Binary: 0.5618)
  Batch 1400/6019, Loss: 0.1722 (Main: 0.0532, Margin: 0.0001, Binary: 0.5950)
  Batch 1500/6019, Loss: 0.2240 (Main: 0.0799, Margin: 0.0000, Binary: 0.7209)
  Batch 1600/6019, Loss: 0.1521 (Main: 0.0480, Margin: 0.0001, Binary: 0.5208)
  Batch 1700/6019, Loss: 0.2595 (Main: 0.1409, Margin: 0.0002, Binary: 0.5928)
  Batch 1800/6019, Loss: 0.3331 (Main: 0.1795, Margin: 0.0009, Binary: 0.7678)
  Batch 1900/6019, Loss: 0.1910 (Main: 0.0770, Margin: 0.0003, Binary: 0.5696)
  Batch 2000/6019, Loss: 0.1893 (Main: 0.0618, Margin: 0.0002, Binary: 0.6374)
  Batch 2100/6019, Loss: 0.1907 (Main: 0.0701, Margin: 0.0000, Binary: 0.6031)
  Batch 2200/6019, Loss: 0.1420 (Main: 0.0549, Margin: 0.0003, Binary: 0.4352)
  Batch 2300/6019, Loss: 0.2010 (Main: 0.0755, Margin: 0.0000, Binary: 0.6276)
  Batch 2400/6019, Loss: 0.2101 (Main: 0.0659, Margin: 0.0002, Binary: 0.7212)
  Batch 2500/6019, Loss: 0.1731 (Main: 0.0663, Margin: 0.0000, Binary: 0.5340)
  Batch 2600/6019, Loss: 0.1225 (Main: 0.0465, Margin: 0.0000, Binary: 0.3803)
  Batch 2700/6019, Loss: 0.2164 (Main: 0.0718, Margin: 0.0000, Binary: 0.7228)
  Batch 2800/6019, Loss: 0.2033 (Main: 0.0788, Margin: 0.0003, Binary: 0.6221)
  Batch 2900/6019, Loss: 0.1751 (Main: 0.0688, Margin: 0.0005, Binary: 0.5312)
  Batch 3000/6019, Loss: 0.1711 (Main: 0.0601, Margin: 0.0002, Binary: 0.5551)
  Batch 3100/6019, Loss: 0.1657 (Main: 0.0584, Margin: 0.0001, Binary: 0.5364)
  Batch 3200/6019, Loss: 0.2035 (Main: 0.0766, Margin: 0.0000, Binary: 0.6341)
  Batch 3300/6019, Loss: 0.1511 (Main: 0.0553, Margin: 0.0000, Binary: 0.4789)
  Batch 3400/6019, Loss: 0.1942 (Main: 0.0660, Margin: 0.0000, Binary: 0.6412)
  Batch 3500/6019, Loss: 0.1443 (Main: 0.0635, Margin: 0.0000, Binary: 0.4038)
  Batch 3600/6019, Loss: 0.2136 (Main: 0.0849, Margin: 0.0005, Binary: 0.6432)
  Batch 3700/6019, Loss: 0.2400 (Main: 0.0664, Margin: 0.0003, Binary: 0.8679)
  Batch 3800/6019, Loss: 0.2961 (Main: 0.1418, Margin: 0.0006, Binary: 0.7714)
  Batch 3900/6019, Loss: 0.2060 (Main: 0.0698, Margin: 0.0001, Binary: 0.6811)
  Batch 4000/6019, Loss: 0.2164 (Main: 0.0902, Margin: 0.0017, Binary: 0.6301)
  Batch 4100/6019, Loss: 0.2091 (Main: 0.0834, Margin: 0.0005, Binary: 0.6282)
  Batch 4200/6019, Loss: 0.2412 (Main: 0.0853, Margin: 0.0018, Binary: 0.7788)
  Batch 4300/6019, Loss: 0.2467 (Main: 0.1171, Margin: 0.0001, Binary: 0.6480)
  Batch 4400/6019, Loss: 0.2327 (Main: 0.0814, Margin: 0.0002, Binary: 0.7567)
  Batch 4500/6019, Loss: 0.2007 (Main: 0.0619, Margin: 0.0007, Binary: 0.6939)
  Batch 4600/6019, Loss: 0.1717 (Main: 0.0589, Margin: 0.0001, Binary: 0.5639)
  Batch 4700/6019, Loss: 0.2356 (Main: 0.0764, Margin: 0.0000, Binary: 0.7956)
  Batch 4800/6019, Loss: 0.1725 (Main: 0.0570, Margin: 0.0001, Binary: 0.5775)
  Batch 4900/6019, Loss: 0.2725 (Main: 0.1011, Margin: 0.0002, Binary: 0.8568)
  Batch 5000/6019, Loss: 0.1892 (Main: 0.0816, Margin: 0.0004, Binary: 0.5377)
  Batch 5100/6019, Loss: 0.2144 (Main: 0.0809, Margin: 0.0005, Binary: 0.6672)
  Batch 5200/6019, Loss: 0.1943 (Main: 0.0685, Margin: 0.0003, Binary: 0.6288)
  Batch 5300/6019, Loss: 0.2805 (Main: 0.1481, Margin: 0.0002, Binary: 0.6620)
  Batch 5400/6019, Loss: 0.2788 (Main: 0.1346, Margin: 0.0009, Binary: 0.7205)
  Batch 5500/6019, Loss: 0.2158 (Main: 0.0617, Margin: 0.0003, Binary: 0.7706)
  Batch 5600/6019, Loss: 0.1752 (Main: 0.0633, Margin: 0.0005, Binary: 0.5590)
  Batch 5700/6019, Loss: 0.1694 (Main: 0.0470, Margin: 0.0000, Binary: 0.6117)
  Batch 5800/6019, Loss: 0.1942 (Main: 0.0678, Margin: 0.0002, Binary: 0.6321)
  Batch 5900/6019, Loss: 0.1645 (Main: 0.0692, Margin: 0.0000, Binary: 0.4763)
  Batch 6000/6019, Loss: 0.2413 (Main: 0.0871, Margin: 0.0006, Binary: 0.7711)
  Avg Losses - Total: 0.2119, Main: 0.0832, Margin: 0.0003, Binary: 0.6432
Train Loss: 0.2119
Val Loss: 0.3873, Val Macro F1: 0.8031
Per-class F1 scores:
  Class 0: 0.9253 (confusable with 1)
  Class 1: 0.6285 (confusable with 0)
  Class 2: 0.8175 (confusable with 3)
  Class 3: 0.6207 (confusable with 2)
  Class 4: 0.9420
  Class 5: 0.8845
Current learning rate: 0.000579

============================================================
Epoch 26/50
============================================================
  Batch 0/6019, Loss: 0.3195 (Main: 0.0874, Margin: 0.0001, Binary: 1.1602)
  Batch 100/6019, Loss: 0.2109 (Main: 0.0843, Margin: 0.0012, Binary: 0.6324)
  Batch 200/6019, Loss: 0.1795 (Main: 0.0494, Margin: 0.0000, Binary: 0.6501)
  Batch 300/6019, Loss: 0.2445 (Main: 0.1109, Margin: 0.0001, Binary: 0.6676)
  Batch 400/6019, Loss: 0.1677 (Main: 0.0592, Margin: 0.0000, Binary: 0.5426)
  Batch 500/6019, Loss: 0.1902 (Main: 0.0734, Margin: 0.0002, Binary: 0.5838)
  Batch 600/6019, Loss: 0.1826 (Main: 0.0503, Margin: 0.0001, Binary: 0.6614)
  Batch 700/6019, Loss: 0.1523 (Main: 0.0471, Margin: 0.0000, Binary: 0.5264)
  Batch 800/6019, Loss: 0.1961 (Main: 0.0685, Margin: 0.0006, Binary: 0.6375)
  Batch 900/6019, Loss: 0.1942 (Main: 0.0805, Margin: 0.0000, Binary: 0.5682)
  Batch 1000/6019, Loss: 0.1565 (Main: 0.0655, Margin: 0.0000, Binary: 0.4550)
  Batch 1100/6019, Loss: 0.1788 (Main: 0.0539, Margin: 0.0001, Binary: 0.6245)
  Batch 1200/6019, Loss: 0.2184 (Main: 0.0817, Margin: 0.0002, Binary: 0.6837)
  Batch 1300/6019, Loss: 0.2497 (Main: 0.1265, Margin: 0.0000, Binary: 0.6156)
  Batch 1400/6019, Loss: 0.1933 (Main: 0.0737, Margin: 0.0002, Binary: 0.5981)
  Batch 1500/6019, Loss: 0.1996 (Main: 0.0904, Margin: 0.0004, Binary: 0.5455)
  Batch 1600/6019, Loss: 0.1778 (Main: 0.0739, Margin: 0.0002, Binary: 0.5196)
  Batch 1700/6019, Loss: 0.2196 (Main: 0.0790, Margin: 0.0002, Binary: 0.7030)
  Batch 1800/6019, Loss: 0.1965 (Main: 0.0719, Margin: 0.0003, Binary: 0.6228)
  Batch 1900/6019, Loss: 0.2010 (Main: 0.0671, Margin: 0.0001, Binary: 0.6693)
  Batch 2000/6019, Loss: 0.1975 (Main: 0.0745, Margin: 0.0001, Binary: 0.6153)
  Batch 2100/6019, Loss: 0.2313 (Main: 0.0771, Margin: 0.0000, Binary: 0.7707)
  Batch 2200/6019, Loss: 0.2195 (Main: 0.0807, Margin: 0.0003, Binary: 0.6940)
  Batch 2300/6019, Loss: 0.1600 (Main: 0.0873, Margin: 0.0000, Binary: 0.3638)
  Batch 2400/6019, Loss: 0.2383 (Main: 0.1119, Margin: 0.0001, Binary: 0.6319)
  Batch 2500/6019, Loss: 0.1299 (Main: 0.0438, Margin: 0.0007, Binary: 0.4301)
  Batch 2600/6019, Loss: 0.1537 (Main: 0.0633, Margin: 0.0000, Binary: 0.4520)
  Batch 2700/6019, Loss: 0.2474 (Main: 0.1093, Margin: 0.0001, Binary: 0.6906)
  Batch 2800/6019, Loss: 0.1997 (Main: 0.0601, Margin: 0.0001, Binary: 0.6983)
  Batch 2900/6019, Loss: 0.2233 (Main: 0.0729, Margin: 0.0000, Binary: 0.7522)
  Batch 3000/6019, Loss: 0.1749 (Main: 0.0654, Margin: 0.0001, Binary: 0.5475)
  Batch 3100/6019, Loss: 0.3343 (Main: 0.1940, Margin: 0.0005, Binary: 0.7011)
  Batch 3200/6019, Loss: 0.2122 (Main: 0.0998, Margin: 0.0001, Binary: 0.5624)
  Batch 3300/6019, Loss: 0.1719 (Main: 0.0616, Margin: 0.0000, Binary: 0.5514)
  Batch 3400/6019, Loss: 0.2737 (Main: 0.1268, Margin: 0.0006, Binary: 0.7340)
  Batch 3500/6019, Loss: 0.1964 (Main: 0.0684, Margin: 0.0002, Binary: 0.6401)
  Batch 3600/6019, Loss: 0.1845 (Main: 0.0768, Margin: 0.0002, Binary: 0.5382)
  Batch 3700/6019, Loss: 0.2714 (Main: 0.0991, Margin: 0.0000, Binary: 0.8617)
  Batch 3800/6019, Loss: 0.2224 (Main: 0.0743, Margin: 0.0000, Binary: 0.7405)
  Batch 3900/6019, Loss: 0.4343 (Main: 0.2800, Margin: 0.0002, Binary: 0.7714)
  Batch 4000/6019, Loss: 0.2204 (Main: 0.0825, Margin: 0.0004, Binary: 0.6896)
  Batch 4100/6019, Loss: 0.2002 (Main: 0.0693, Margin: 0.0002, Binary: 0.6543)
  Batch 4200/6019, Loss: 0.2022 (Main: 0.0790, Margin: 0.0001, Binary: 0.6158)
  Batch 4300/6019, Loss: 0.2671 (Main: 0.0997, Margin: 0.0007, Binary: 0.8369)
  Batch 4400/6019, Loss: 0.1396 (Main: 0.0535, Margin: 0.0001, Binary: 0.4304)
  Batch 4500/6019, Loss: 0.1883 (Main: 0.1062, Margin: 0.0001, Binary: 0.4102)
  Batch 4600/6019, Loss: 0.1371 (Main: 0.0506, Margin: 0.0003, Binary: 0.4323)
  Batch 4700/6019, Loss: 0.2138 (Main: 0.0727, Margin: 0.0000, Binary: 0.7053)
  Batch 4800/6019, Loss: 0.1858 (Main: 0.0635, Margin: 0.0003, Binary: 0.6110)
  Batch 4900/6019, Loss: 0.1848 (Main: 0.0720, Margin: 0.0002, Binary: 0.5641)
  Batch 5000/6019, Loss: 0.2516 (Main: 0.0822, Margin: 0.0000, Binary: 0.8474)
  Batch 5100/6019, Loss: 0.2303 (Main: 0.0898, Margin: 0.0000, Binary: 0.7024)
  Batch 5200/6019, Loss: 0.1746 (Main: 0.0565, Margin: 0.0002, Binary: 0.5907)
  Batch 5300/6019, Loss: 0.2010 (Main: 0.0639, Margin: 0.0003, Binary: 0.6856)
  Batch 5400/6019, Loss: 0.1428 (Main: 0.0483, Margin: 0.0001, Binary: 0.4726)
  Batch 5500/6019, Loss: 0.2135 (Main: 0.0854, Margin: 0.0001, Binary: 0.6404)
  Batch 5600/6019, Loss: 0.2347 (Main: 0.0935, Margin: 0.0007, Binary: 0.7055)
  Batch 5700/6019, Loss: 0.2669 (Main: 0.0910, Margin: 0.0000, Binary: 0.8793)
  Batch 5800/6019, Loss: 0.2287 (Main: 0.0742, Margin: 0.0002, Binary: 0.7725)
  Batch 5900/6019, Loss: 0.2632 (Main: 0.0946, Margin: 0.0004, Binary: 0.8427)
  Batch 6000/6019, Loss: 0.2754 (Main: 0.1604, Margin: 0.0000, Binary: 0.5752)
  Avg Losses - Total: 0.2094, Main: 0.0816, Margin: 0.0002, Binary: 0.6389
Train Loss: 0.2094
Val Loss: 0.3560, Val Macro F1: 0.8216
Per-class F1 scores:
  Class 0: 0.9447 (confusable with 1)
  Class 1: 0.6823 (confusable with 0)
  Class 2: 0.7811 (confusable with 3)
  Class 3: 0.6521 (confusable with 2)
  Class 4: 0.9556
  Class 5: 0.9136
Current learning rate: 0.000501
✓ Saved best model with Val F1: 0.8216

============================================================
Epoch 27/50
============================================================
  Batch 0/6019, Loss: 0.2070 (Main: 0.0766, Margin: 0.0001, Binary: 0.6522)
  Batch 100/6019, Loss: 0.1828 (Main: 0.0584, Margin: 0.0002, Binary: 0.6218)
  Batch 200/6019, Loss: 0.2397 (Main: 0.0845, Margin: 0.0010, Binary: 0.7755)
  Batch 300/6019, Loss: 0.2417 (Main: 0.0794, Margin: 0.0005, Binary: 0.8112)
  Batch 400/6019, Loss: 0.2082 (Main: 0.1033, Margin: 0.0004, Binary: 0.5243)
  Batch 500/6019, Loss: 0.2762 (Main: 0.1027, Margin: 0.0009, Binary: 0.8668)
  Batch 600/6019, Loss: 0.2011 (Main: 0.0785, Margin: 0.0002, Binary: 0.6127)
  Batch 700/6019, Loss: 0.2597 (Main: 0.0840, Margin: 0.0005, Binary: 0.8781)
  Batch 800/6019, Loss: 0.2352 (Main: 0.0807, Margin: 0.0001, Binary: 0.7727)
  Batch 900/6019, Loss: 0.2989 (Main: 0.1187, Margin: 0.0001, Binary: 0.9006)
  Batch 1000/6019, Loss: 0.2298 (Main: 0.0744, Margin: 0.0005, Binary: 0.7770)
  Batch 1100/6019, Loss: 0.3413 (Main: 0.1972, Margin: 0.0006, Binary: 0.7201)
  Batch 1200/6019, Loss: 0.2055 (Main: 0.0733, Margin: 0.0006, Binary: 0.6608)
  Batch 1300/6019, Loss: 0.2797 (Main: 0.1093, Margin: 0.0010, Binary: 0.8512)
  Batch 1400/6019, Loss: 0.1712 (Main: 0.0609, Margin: 0.0000, Binary: 0.5518)
  Batch 1500/6019, Loss: 0.1526 (Main: 0.0482, Margin: 0.0000, Binary: 0.5218)
  Batch 1600/6019, Loss: 0.1818 (Main: 0.0596, Margin: 0.0001, Binary: 0.6113)
  Batch 1700/6019, Loss: 0.1756 (Main: 0.0715, Margin: 0.0000, Binary: 0.5205)
  Batch 1800/6019, Loss: 0.1602 (Main: 0.0577, Margin: 0.0000, Binary: 0.5123)
  Batch 1900/6019, Loss: 0.2572 (Main: 0.0964, Margin: 0.0002, Binary: 0.8036)
  Batch 2000/6019, Loss: 0.2202 (Main: 0.0759, Margin: 0.0008, Binary: 0.7211)
  Batch 2100/6019, Loss: 0.2464 (Main: 0.0834, Margin: 0.0001, Binary: 0.8153)
  Batch 2200/6019, Loss: 0.1946 (Main: 0.0636, Margin: 0.0000, Binary: 0.6552)
  Batch 2300/6019, Loss: 0.1502 (Main: 0.0572, Margin: 0.0004, Binary: 0.4644)
  Batch 2400/6019, Loss: 0.2153 (Main: 0.0774, Margin: 0.0002, Binary: 0.6896)
  Batch 2500/6019, Loss: 0.2211 (Main: 0.0681, Margin: 0.0005, Binary: 0.7650)
  Batch 2600/6019, Loss: 0.2222 (Main: 0.0892, Margin: 0.0002, Binary: 0.6650)
  Batch 2700/6019, Loss: 0.2484 (Main: 0.0829, Margin: 0.0000, Binary: 0.8276)
  Batch 2800/6019, Loss: 0.2096 (Main: 0.0735, Margin: 0.0012, Binary: 0.6798)
  Batch 2900/6019, Loss: 0.3046 (Main: 0.1875, Margin: 0.0003, Binary: 0.5853)
  Batch 3000/6019, Loss: 0.2117 (Main: 0.0690, Margin: 0.0002, Binary: 0.7138)
  Batch 3100/6019, Loss: 0.2512 (Main: 0.0805, Margin: 0.0002, Binary: 0.8533)
  Batch 3200/6019, Loss: 0.2464 (Main: 0.1077, Margin: 0.0001, Binary: 0.6937)
  Batch 3300/6019, Loss: 0.1190 (Main: 0.0484, Margin: 0.0000, Binary: 0.3531)
  Batch 3400/6019, Loss: 0.2035 (Main: 0.0704, Margin: 0.0002, Binary: 0.6657)
  Batch 3500/6019, Loss: 0.1848 (Main: 0.0635, Margin: 0.0001, Binary: 0.6066)
  Batch 3600/6019, Loss: 0.2246 (Main: 0.0731, Margin: 0.0000, Binary: 0.7576)
  Batch 3700/6019, Loss: 0.2398 (Main: 0.1006, Margin: 0.0006, Binary: 0.6954)
  Batch 3800/6019, Loss: 0.2144 (Main: 0.0786, Margin: 0.0000, Binary: 0.6791)
  Batch 3900/6019, Loss: 0.2213 (Main: 0.0722, Margin: 0.0001, Binary: 0.7453)
  Batch 4000/6019, Loss: 0.1399 (Main: 0.0443, Margin: 0.0000, Binary: 0.4783)
  Batch 4100/6019, Loss: 0.1633 (Main: 0.0743, Margin: 0.0004, Binary: 0.4447)
  Batch 4200/6019, Loss: 0.2284 (Main: 0.0930, Margin: 0.0001, Binary: 0.6769)
  Batch 4300/6019, Loss: 0.1915 (Main: 0.0667, Margin: 0.0001, Binary: 0.6241)
  Batch 4400/6019, Loss: 0.2305 (Main: 0.0880, Margin: 0.0008, Binary: 0.7121)
  Batch 4500/6019, Loss: 0.1189 (Main: 0.0379, Margin: 0.0000, Binary: 0.4049)
  Batch 4600/6019, Loss: 0.1824 (Main: 0.0636, Margin: 0.0000, Binary: 0.5936)
  Batch 4700/6019, Loss: 0.2929 (Main: 0.1336, Margin: 0.0000, Binary: 0.7963)
  Batch 4800/6019, Loss: 0.2531 (Main: 0.1004, Margin: 0.0014, Binary: 0.7629)
  Batch 4900/6019, Loss: 0.2535 (Main: 0.1378, Margin: 0.0001, Binary: 0.5785)
  Batch 5000/6019, Loss: 0.3823 (Main: 0.1196, Margin: 0.0000, Binary: 1.3136)
  Batch 5100/6019, Loss: 0.2141 (Main: 0.0727, Margin: 0.0003, Binary: 0.7071)
  Batch 5200/6019, Loss: 0.2729 (Main: 0.0999, Margin: 0.0006, Binary: 0.8644)
  Batch 5300/6019, Loss: 0.1616 (Main: 0.0566, Margin: 0.0000, Binary: 0.5248)
  Batch 5400/6019, Loss: 0.1998 (Main: 0.0658, Margin: 0.0002, Binary: 0.6698)
  Batch 5500/6019, Loss: 0.1760 (Main: 0.0678, Margin: 0.0000, Binary: 0.5411)
  Batch 5600/6019, Loss: 0.1903 (Main: 0.0547, Margin: 0.0001, Binary: 0.6777)
  Batch 5700/6019, Loss: 0.1767 (Main: 0.0597, Margin: 0.0000, Binary: 0.5852)
  Batch 5800/6019, Loss: 0.1913 (Main: 0.0729, Margin: 0.0003, Binary: 0.5918)
  Batch 5900/6019, Loss: 0.1717 (Main: 0.0628, Margin: 0.0001, Binary: 0.5443)
  Batch 6000/6019, Loss: 0.1640 (Main: 0.0599, Margin: 0.0002, Binary: 0.5203)
  Avg Losses - Total: 0.2060, Main: 0.0797, Margin: 0.0002, Binary: 0.6315
Train Loss: 0.2060
Val Loss: 0.3464, Val Macro F1: 0.8248
Per-class F1 scores:
  Class 0: 0.9530 (confusable with 1)
  Class 1: 0.7118 (confusable with 0)
  Class 2: 0.7917 (confusable with 3)
  Class 3: 0.6509 (confusable with 2)
  Class 4: 0.9459
  Class 5: 0.8957
Current learning rate: 0.000422
✓ Saved best model with Val F1: 0.8248

============================================================
Epoch 28/50
============================================================
  Batch 0/6019, Loss: 0.1743 (Main: 0.0546, Margin: 0.0000, Binary: 0.5983)
  Batch 100/6019, Loss: 0.2192 (Main: 0.1310, Margin: 0.0000, Binary: 0.4406)
  Batch 200/6019, Loss: 0.1707 (Main: 0.0613, Margin: 0.0000, Binary: 0.5466)
  Batch 300/6019, Loss: 0.1345 (Main: 0.0463, Margin: 0.0000, Binary: 0.4407)
  Batch 400/6019, Loss: 0.2068 (Main: 0.0874, Margin: 0.0001, Binary: 0.5973)
  Batch 500/6019, Loss: 0.1618 (Main: 0.0519, Margin: 0.0001, Binary: 0.5494)
  Batch 600/6019, Loss: 0.1202 (Main: 0.0359, Margin: 0.0000, Binary: 0.4216)
  Batch 700/6019, Loss: 0.1567 (Main: 0.0634, Margin: 0.0001, Binary: 0.4666)
  Batch 800/6019, Loss: 0.2150 (Main: 0.0983, Margin: 0.0000, Binary: 0.5835)
  Batch 900/6019, Loss: 0.2595 (Main: 0.0950, Margin: 0.0001, Binary: 0.8223)
  Batch 1000/6019, Loss: 0.1582 (Main: 0.0544, Margin: 0.0001, Binary: 0.5189)
  Batch 1100/6019, Loss: 0.1725 (Main: 0.0648, Margin: 0.0000, Binary: 0.5387)
  Batch 1200/6019, Loss: 0.1831 (Main: 0.0600, Margin: 0.0000, Binary: 0.6155)
  Batch 1300/6019, Loss: 0.2400 (Main: 0.0695, Margin: 0.0002, Binary: 0.8521)
  Batch 1400/6019, Loss: 0.1702 (Main: 0.0491, Margin: 0.0000, Binary: 0.6055)
  Batch 1500/6019, Loss: 0.2896 (Main: 0.1197, Margin: 0.0002, Binary: 0.8495)
  Batch 1600/6019, Loss: 0.2346 (Main: 0.0816, Margin: 0.0012, Binary: 0.7646)
  Batch 1700/6019, Loss: 0.1865 (Main: 0.0730, Margin: 0.0001, Binary: 0.5671)
  Batch 1800/6019, Loss: 0.1700 (Main: 0.0570, Margin: 0.0001, Binary: 0.5652)
  Batch 1900/6019, Loss: 0.1442 (Main: 0.0504, Margin: 0.0000, Binary: 0.4688)
  Batch 2000/6019, Loss: 0.2350 (Main: 0.0681, Margin: 0.0001, Binary: 0.8343)
  Batch 2100/6019, Loss: 0.1717 (Main: 0.0602, Margin: 0.0000, Binary: 0.5577)
  Batch 2200/6019, Loss: 0.2895 (Main: 0.1270, Margin: 0.0030, Binary: 0.8106)
  Batch 2300/6019, Loss: 0.2585 (Main: 0.1204, Margin: 0.0001, Binary: 0.6908)
  Batch 2400/6019, Loss: 0.1464 (Main: 0.0468, Margin: 0.0000, Binary: 0.4977)
  Batch 2500/6019, Loss: 0.1863 (Main: 0.0690, Margin: 0.0001, Binary: 0.5869)
  Batch 2600/6019, Loss: 0.2645 (Main: 0.1138, Margin: 0.0003, Binary: 0.7530)
  Batch 2700/6019, Loss: 0.1685 (Main: 0.0705, Margin: 0.0003, Binary: 0.4899)
  Batch 2800/6019, Loss: 0.1843 (Main: 0.0765, Margin: 0.0000, Binary: 0.5386)
  Batch 2900/6019, Loss: 0.1764 (Main: 0.0617, Margin: 0.0000, Binary: 0.5737)
  Batch 3000/6019, Loss: 0.2509 (Main: 0.0870, Margin: 0.0001, Binary: 0.8191)
  Batch 3100/6019, Loss: 0.1828 (Main: 0.0760, Margin: 0.0001, Binary: 0.5340)
  Batch 3200/6019, Loss: 0.2092 (Main: 0.0804, Margin: 0.0001, Binary: 0.6442)
  Batch 3300/6019, Loss: 0.1621 (Main: 0.0535, Margin: 0.0001, Binary: 0.5428)
  Batch 3400/6019, Loss: 0.1134 (Main: 0.0376, Margin: 0.0000, Binary: 0.3792)
  Batch 3500/6019, Loss: 0.2521 (Main: 0.1063, Margin: 0.0004, Binary: 0.7289)
  Batch 3600/6019, Loss: 0.2304 (Main: 0.0937, Margin: 0.0008, Binary: 0.6830)
  Batch 3700/6019, Loss: 0.1720 (Main: 0.0560, Margin: 0.0000, Binary: 0.5800)
  Batch 3800/6019, Loss: 0.1738 (Main: 0.0625, Margin: 0.0002, Binary: 0.5561)
  Batch 3900/6019, Loss: 0.2169 (Main: 0.0802, Margin: 0.0002, Binary: 0.6837)
  Batch 4000/6019, Loss: 0.2014 (Main: 0.0743, Margin: 0.0008, Binary: 0.6350)
  Batch 4100/6019, Loss: 0.1914 (Main: 0.0649, Margin: 0.0000, Binary: 0.6326)
  Batch 4200/6019, Loss: 0.1581 (Main: 0.0572, Margin: 0.0001, Binary: 0.5045)
  Batch 4300/6019, Loss: 0.2078 (Main: 0.0694, Margin: 0.0000, Binary: 0.6920)
  Batch 4400/6019, Loss: 0.1870 (Main: 0.0569, Margin: 0.0000, Binary: 0.6503)
  Batch 4500/6019, Loss: 0.1545 (Main: 0.0491, Margin: 0.0000, Binary: 0.5266)
  Batch 4600/6019, Loss: 0.2599 (Main: 0.1025, Margin: 0.0006, Binary: 0.7867)
  Batch 4700/6019, Loss: 0.1630 (Main: 0.0646, Margin: 0.0002, Binary: 0.4920)
  Batch 4800/6019, Loss: 0.1736 (Main: 0.0631, Margin: 0.0001, Binary: 0.5526)
  Batch 4900/6019, Loss: 0.1816 (Main: 0.0661, Margin: 0.0000, Binary: 0.5777)
  Batch 5000/6019, Loss: 0.3248 (Main: 0.2137, Margin: 0.0000, Binary: 0.5555)
  Batch 5100/6019, Loss: 0.2368 (Main: 0.0739, Margin: 0.0002, Binary: 0.8145)
  Batch 5200/6019, Loss: 0.2148 (Main: 0.0854, Margin: 0.0008, Binary: 0.6466)
  Batch 5300/6019, Loss: 0.1875 (Main: 0.0831, Margin: 0.0001, Binary: 0.5220)
  Batch 5400/6019, Loss: 0.1668 (Main: 0.0617, Margin: 0.0001, Binary: 0.5252)
  Batch 5500/6019, Loss: 0.2175 (Main: 0.0699, Margin: 0.0002, Binary: 0.7378)
  Batch 5600/6019, Loss: 0.2458 (Main: 0.0992, Margin: 0.0001, Binary: 0.7330)
  Batch 5700/6019, Loss: 0.1707 (Main: 0.0578, Margin: 0.0000, Binary: 0.5644)
  Batch 5800/6019, Loss: 0.2209 (Main: 0.0822, Margin: 0.0001, Binary: 0.6937)
  Batch 5900/6019, Loss: 0.2586 (Main: 0.0949, Margin: 0.0007, Binary: 0.8181)
  Batch 6000/6019, Loss: 0.2049 (Main: 0.0582, Margin: 0.0001, Binary: 0.7336)
  Avg Losses - Total: 0.2028, Main: 0.0775, Margin: 0.0002, Binary: 0.6264
Train Loss: 0.2028
Val Loss: 0.3668, Val Macro F1: 0.8234
Per-class F1 scores:
  Class 0: 0.9442 (confusable with 1)
  Class 1: 0.6813 (confusable with 0)
  Class 2: 0.8276 (confusable with 3)
  Class 3: 0.6244 (confusable with 2)
  Class 4: 0.9489
  Class 5: 0.9139
Current learning rate: 0.000346

============================================================
Epoch 29/50
============================================================
  Batch 0/6019, Loss: 0.2634 (Main: 0.0965, Margin: 0.0001, Binary: 0.8343)
  Batch 100/6019, Loss: 0.2036 (Main: 0.0617, Margin: 0.0000, Binary: 0.7095)
  Batch 200/6019, Loss: 0.1729 (Main: 0.0625, Margin: 0.0000, Binary: 0.5522)
  Batch 300/6019, Loss: 0.1503 (Main: 0.0553, Margin: 0.0000, Binary: 0.4750)
  Batch 400/6019, Loss: 0.2160 (Main: 0.0899, Margin: 0.0000, Binary: 0.6308)
  Batch 500/6019, Loss: 0.2939 (Main: 0.1282, Margin: 0.0001, Binary: 0.8283)
  Batch 600/6019, Loss: 0.1836 (Main: 0.0551, Margin: 0.0003, Binary: 0.6423)
  Batch 700/6019, Loss: 0.2113 (Main: 0.0762, Margin: 0.0002, Binary: 0.6756)
  Batch 800/6019, Loss: 0.1712 (Main: 0.0548, Margin: 0.0001, Binary: 0.5817)
  Batch 900/6019, Loss: 0.1790 (Main: 0.0645, Margin: 0.0002, Binary: 0.5726)
  Batch 1000/6019, Loss: 0.1606 (Main: 0.0609, Margin: 0.0000, Binary: 0.4981)
  Batch 1100/6019, Loss: 0.2218 (Main: 0.0937, Margin: 0.0000, Binary: 0.6409)
  Batch 1200/6019, Loss: 0.1637 (Main: 0.0674, Margin: 0.0000, Binary: 0.4813)
  Batch 1300/6019, Loss: 0.2110 (Main: 0.0705, Margin: 0.0001, Binary: 0.7028)
  Batch 1400/6019, Loss: 0.2793 (Main: 0.1225, Margin: 0.0008, Binary: 0.7836)
  Batch 1500/6019, Loss: 0.1963 (Main: 0.0766, Margin: 0.0002, Binary: 0.5981)
  Batch 1600/6019, Loss: 0.1430 (Main: 0.0474, Margin: 0.0000, Binary: 0.4780)
  Batch 1700/6019, Loss: 0.2462 (Main: 0.1455, Margin: 0.0002, Binary: 0.5034)
  Batch 1800/6019, Loss: 0.1329 (Main: 0.0462, Margin: 0.0001, Binary: 0.4334)
  Batch 1900/6019, Loss: 0.2257 (Main: 0.0903, Margin: 0.0000, Binary: 0.6767)
  Batch 2000/6019, Loss: 0.1897 (Main: 0.0920, Margin: 0.0001, Binary: 0.4888)
  Batch 2100/6019, Loss: 0.1545 (Main: 0.0508, Margin: 0.0000, Binary: 0.5185)
  Batch 2200/6019, Loss: 0.1458 (Main: 0.0478, Margin: 0.0000, Binary: 0.4901)
  Batch 2300/6019, Loss: 0.2509 (Main: 0.0966, Margin: 0.0004, Binary: 0.7716)
  Batch 2400/6019, Loss: 0.1507 (Main: 0.0511, Margin: 0.0001, Binary: 0.4980)
  Batch 2500/6019, Loss: 0.3263 (Main: 0.2176, Margin: 0.0000, Binary: 0.5435)
  Batch 2600/6019, Loss: 0.2772 (Main: 0.1071, Margin: 0.0003, Binary: 0.8501)
  Batch 2700/6019, Loss: 0.3051 (Main: 0.1589, Margin: 0.0001, Binary: 0.7310)
  Batch 2800/6019, Loss: 0.2281 (Main: 0.0834, Margin: 0.0003, Binary: 0.7233)
  Batch 2900/6019, Loss: 0.2141 (Main: 0.0976, Margin: 0.0004, Binary: 0.5827)
  Batch 3000/6019, Loss: 0.2826 (Main: 0.1285, Margin: 0.0002, Binary: 0.7702)
  Batch 3100/6019, Loss: 0.2754 (Main: 0.1015, Margin: 0.0002, Binary: 0.8695)
  Batch 3200/6019, Loss: 0.2466 (Main: 0.1007, Margin: 0.0002, Binary: 0.7294)
  Batch 3300/6019, Loss: 0.1393 (Main: 0.0477, Margin: 0.0000, Binary: 0.4579)
  Batch 3400/6019, Loss: 0.1362 (Main: 0.0475, Margin: 0.0001, Binary: 0.4435)
  Batch 3500/6019, Loss: 0.2972 (Main: 0.1691, Margin: 0.0020, Binary: 0.6391)
  Batch 3600/6019, Loss: 0.2034 (Main: 0.0720, Margin: 0.0001, Binary: 0.6569)
  Batch 3700/6019, Loss: 0.2181 (Main: 0.0775, Margin: 0.0002, Binary: 0.7025)
  Batch 3800/6019, Loss: 0.1871 (Main: 0.0562, Margin: 0.0000, Binary: 0.6545)
  Batch 3900/6019, Loss: 0.2636 (Main: 0.1102, Margin: 0.0001, Binary: 0.7669)
  Batch 4000/6019, Loss: 0.2310 (Main: 0.1003, Margin: 0.0000, Binary: 0.6535)
  Batch 4100/6019, Loss: 0.2394 (Main: 0.1000, Margin: 0.0000, Binary: 0.6969)
  Batch 4200/6019, Loss: 0.1542 (Main: 0.0685, Margin: 0.0000, Binary: 0.4284)
  Batch 4300/6019, Loss: 0.2594 (Main: 0.1171, Margin: 0.0002, Binary: 0.7113)
  Batch 4400/6019, Loss: 0.1714 (Main: 0.0580, Margin: 0.0001, Binary: 0.5667)
  Batch 4500/6019, Loss: 0.2573 (Main: 0.1132, Margin: 0.0003, Binary: 0.7203)
  Batch 4600/6019, Loss: 0.1588 (Main: 0.0531, Margin: 0.0000, Binary: 0.5288)
  Batch 4700/6019, Loss: 0.1762 (Main: 0.0610, Margin: 0.0001, Binary: 0.5763)
  Batch 4800/6019, Loss: 0.2516 (Main: 0.0922, Margin: 0.0004, Binary: 0.7967)
  Batch 4900/6019, Loss: 0.1452 (Main: 0.0556, Margin: 0.0001, Binary: 0.4479)
  Batch 5000/6019, Loss: 0.1535 (Main: 0.0444, Margin: 0.0000, Binary: 0.5455)
  Batch 5100/6019, Loss: 0.2072 (Main: 0.0657, Margin: 0.0000, Binary: 0.7074)
  Batch 5200/6019, Loss: 0.1985 (Main: 0.0828, Margin: 0.0002, Binary: 0.5782)
  Batch 5300/6019, Loss: 0.2550 (Main: 0.0801, Margin: 0.0003, Binary: 0.8746)
  Batch 5400/6019, Loss: 0.2946 (Main: 0.1051, Margin: 0.0002, Binary: 0.9474)
  Batch 5500/6019, Loss: 0.2264 (Main: 0.1224, Margin: 0.0006, Binary: 0.5198)
  Batch 5600/6019, Loss: 0.1464 (Main: 0.0502, Margin: 0.0000, Binary: 0.4812)
  Batch 5700/6019, Loss: 0.1816 (Main: 0.0583, Margin: 0.0002, Binary: 0.6165)
  Batch 5800/6019, Loss: 0.2201 (Main: 0.0747, Margin: 0.0002, Binary: 0.7268)
  Batch 5900/6019, Loss: 0.1113 (Main: 0.0469, Margin: 0.0000, Binary: 0.3218)
  Batch 6000/6019, Loss: 0.2004 (Main: 0.0769, Margin: 0.0000, Binary: 0.6173)
  Avg Losses - Total: 0.2012, Main: 0.0768, Margin: 0.0002, Binary: 0.6218
Train Loss: 0.2012
Val Loss: 0.3763, Val Macro F1: 0.8111
Per-class F1 scores:
  Class 0: 0.9284 (confusable with 1)
  Class 1: 0.6369 (confusable with 0)
  Class 2: 0.8227 (confusable with 3)
  Class 3: 0.6251 (confusable with 2)
  Class 4: 0.9539
  Class 5: 0.8997
Current learning rate: 0.000274

============================================================
Epoch 30/50
============================================================
  Batch 0/6019, Loss: 0.2916 (Main: 0.1180, Margin: 0.0008, Binary: 0.8675)
  Batch 100/6019, Loss: 0.1822 (Main: 0.0627, Margin: 0.0001, Binary: 0.5973)
  Batch 200/6019, Loss: 0.1690 (Main: 0.0496, Margin: 0.0001, Binary: 0.5973)
  Batch 300/6019, Loss: 0.2143 (Main: 0.1039, Margin: 0.0001, Binary: 0.5521)
  Batch 400/6019, Loss: 0.1546 (Main: 0.0655, Margin: 0.0000, Binary: 0.4452)
  Batch 500/6019, Loss: 0.1745 (Main: 0.0589, Margin: 0.0001, Binary: 0.5779)
  Batch 600/6019, Loss: 0.2173 (Main: 0.0696, Margin: 0.0000, Binary: 0.7387)
  Batch 700/6019, Loss: 0.2294 (Main: 0.0870, Margin: 0.0002, Binary: 0.7121)
  Batch 800/6019, Loss: 0.1896 (Main: 0.0616, Margin: 0.0001, Binary: 0.6400)
  Batch 900/6019, Loss: 0.3253 (Main: 0.1386, Margin: 0.0001, Binary: 0.9338)
  Batch 1000/6019, Loss: 0.1681 (Main: 0.0557, Margin: 0.0000, Binary: 0.5621)
  Batch 1100/6019, Loss: 0.1721 (Main: 0.0569, Margin: 0.0001, Binary: 0.5758)
  Batch 1200/6019, Loss: 0.2304 (Main: 0.0818, Margin: 0.0001, Binary: 0.7426)
  Batch 1300/6019, Loss: 0.2577 (Main: 0.0946, Margin: 0.0001, Binary: 0.8152)
  Batch 1400/6019, Loss: 0.1426 (Main: 0.0522, Margin: 0.0000, Binary: 0.4522)
  Batch 1500/6019, Loss: 0.1825 (Main: 0.0626, Margin: 0.0000, Binary: 0.5991)
  Batch 1600/6019, Loss: 0.1651 (Main: 0.0682, Margin: 0.0001, Binary: 0.4844)
  Batch 1700/6019, Loss: 0.2246 (Main: 0.0724, Margin: 0.0000, Binary: 0.7613)
  Batch 1800/6019, Loss: 0.1641 (Main: 0.0665, Margin: 0.0000, Binary: 0.4880)
  Batch 1900/6019, Loss: 0.1346 (Main: 0.0569, Margin: 0.0000, Binary: 0.3886)
  Batch 2000/6019, Loss: 0.2316 (Main: 0.0854, Margin: 0.0000, Binary: 0.7310)
  Batch 2100/6019, Loss: 0.2490 (Main: 0.0777, Margin: 0.0009, Binary: 0.8562)
  Batch 2200/6019, Loss: 0.1481 (Main: 0.0552, Margin: 0.0001, Binary: 0.4646)
  Batch 2300/6019, Loss: 0.1427 (Main: 0.0496, Margin: 0.0002, Binary: 0.4652)
  Batch 2400/6019, Loss: 0.2199 (Main: 0.1078, Margin: 0.0002, Binary: 0.5600)
  Batch 2500/6019, Loss: 0.1424 (Main: 0.0497, Margin: 0.0001, Binary: 0.4637)
  Batch 2600/6019, Loss: 0.1681 (Main: 0.0732, Margin: 0.0000, Binary: 0.4744)
  Batch 2700/6019, Loss: 0.2478 (Main: 0.0776, Margin: 0.0003, Binary: 0.8509)
  Batch 2800/6019, Loss: 0.2425 (Main: 0.0720, Margin: 0.0002, Binary: 0.8527)
  Batch 2900/6019, Loss: 0.1739 (Main: 0.0561, Margin: 0.0003, Binary: 0.5889)
  Batch 3000/6019, Loss: 0.1721 (Main: 0.0530, Margin: 0.0000, Binary: 0.5954)
  Batch 3100/6019, Loss: 0.1891 (Main: 0.0607, Margin: 0.0001, Binary: 0.6421)
  Batch 3200/6019, Loss: 0.1631 (Main: 0.0593, Margin: 0.0000, Binary: 0.5187)
  Batch 3300/6019, Loss: 0.2056 (Main: 0.0689, Margin: 0.0003, Binary: 0.6833)
  Batch 3400/6019, Loss: 0.2016 (Main: 0.0800, Margin: 0.0001, Binary: 0.6077)
  Batch 3500/6019, Loss: 0.1900 (Main: 0.0639, Margin: 0.0002, Binary: 0.6303)
  Batch 3600/6019, Loss: 0.2954 (Main: 0.1369, Margin: 0.0034, Binary: 0.7908)
  Batch 3700/6019, Loss: 0.2107 (Main: 0.0666, Margin: 0.0000, Binary: 0.7207)
  Batch 3800/6019, Loss: 0.2078 (Main: 0.0706, Margin: 0.0000, Binary: 0.6859)
  Batch 3900/6019, Loss: 0.1358 (Main: 0.0477, Margin: 0.0000, Binary: 0.4406)
  Batch 4000/6019, Loss: 0.1885 (Main: 0.0765, Margin: 0.0001, Binary: 0.5596)
  Batch 4100/6019, Loss: 0.1655 (Main: 0.0558, Margin: 0.0000, Binary: 0.5483)
  Batch 4200/6019, Loss: 0.1426 (Main: 0.0468, Margin: 0.0000, Binary: 0.4788)
  Batch 4300/6019, Loss: 0.1596 (Main: 0.0535, Margin: 0.0003, Binary: 0.5304)
  Batch 4400/6019, Loss: 0.3007 (Main: 0.0988, Margin: 0.0000, Binary: 1.0093)
  Batch 4500/6019, Loss: 0.1393 (Main: 0.0478, Margin: 0.0000, Binary: 0.4579)
  Batch 4600/6019, Loss: 0.1756 (Main: 0.0571, Margin: 0.0001, Binary: 0.5922)
  Batch 4700/6019, Loss: 0.2931 (Main: 0.1314, Margin: 0.0010, Binary: 0.8079)
  Batch 4800/6019, Loss: 0.2298 (Main: 0.0875, Margin: 0.0001, Binary: 0.7114)
  Batch 4900/6019, Loss: 0.2179 (Main: 0.1056, Margin: 0.0001, Binary: 0.5614)
  Batch 5000/6019, Loss: 0.1966 (Main: 0.0611, Margin: 0.0001, Binary: 0.6776)
  Batch 5100/6019, Loss: 0.1452 (Main: 0.0469, Margin: 0.0003, Binary: 0.4912)
  Batch 5200/6019, Loss: 0.1821 (Main: 0.0601, Margin: 0.0001, Binary: 0.6099)
  Batch 5300/6019, Loss: 0.1967 (Main: 0.0775, Margin: 0.0001, Binary: 0.5961)
  Batch 5400/6019, Loss: 0.2385 (Main: 0.1058, Margin: 0.0000, Binary: 0.6635)
  Batch 5500/6019, Loss: 0.2231 (Main: 0.1056, Margin: 0.0002, Binary: 0.5873)
  Batch 5600/6019, Loss: 0.2024 (Main: 0.0750, Margin: 0.0001, Binary: 0.6372)
  Batch 5700/6019, Loss: 0.1984 (Main: 0.0925, Margin: 0.0001, Binary: 0.5292)
  Batch 5800/6019, Loss: 0.1953 (Main: 0.0717, Margin: 0.0000, Binary: 0.6177)
  Batch 5900/6019, Loss: 0.1963 (Main: 0.0665, Margin: 0.0000, Binary: 0.6492)
  Batch 6000/6019, Loss: 0.2781 (Main: 0.1264, Margin: 0.0002, Binary: 0.7583)
  Avg Losses - Total: 0.1973, Main: 0.0744, Margin: 0.0001, Binary: 0.6146
Train Loss: 0.1973
Val Loss: 0.3526, Val Macro F1: 0.8202
Per-class F1 scores:
  Class 0: 0.9453 (confusable with 1)
  Class 1: 0.6862 (confusable with 0)
  Class 2: 0.8276 (confusable with 3)
  Class 3: 0.6146 (confusable with 2)
  Class 4: 0.9574
  Class 5: 0.8903
Current learning rate: 0.000207

============================================================
Epoch 31/50
============================================================
  Batch 0/6019, Loss: 0.2188 (Main: 0.0769, Margin: 0.0000, Binary: 0.7094)
  Batch 100/6019, Loss: 0.1806 (Main: 0.0485, Margin: 0.0000, Binary: 0.6605)
  Batch 200/6019, Loss: 0.1954 (Main: 0.0591, Margin: 0.0000, Binary: 0.6818)
  Batch 300/6019, Loss: 0.2224 (Main: 0.0780, Margin: 0.0001, Binary: 0.7221)
  Batch 400/6019, Loss: 0.2517 (Main: 0.1015, Margin: 0.0002, Binary: 0.7511)
  Batch 500/6019, Loss: 0.1443 (Main: 0.0444, Margin: 0.0004, Binary: 0.4991)
  Batch 600/6019, Loss: 0.1499 (Main: 0.0608, Margin: 0.0000, Binary: 0.4454)
  Batch 700/6019, Loss: 0.1781 (Main: 0.0599, Margin: 0.0000, Binary: 0.5911)
  Batch 800/6019, Loss: 0.1307 (Main: 0.0513, Margin: 0.0000, Binary: 0.3970)
  Batch 900/6019, Loss: 0.2022 (Main: 0.0670, Margin: 0.0001, Binary: 0.6763)
  Batch 1000/6019, Loss: 0.1070 (Main: 0.0325, Margin: 0.0000, Binary: 0.3724)
  Batch 1100/6019, Loss: 0.2057 (Main: 0.0683, Margin: 0.0000, Binary: 0.6867)
  Batch 1200/6019, Loss: 0.1748 (Main: 0.0919, Margin: 0.0000, Binary: 0.4145)
  Batch 1300/6019, Loss: 0.2877 (Main: 0.1044, Margin: 0.0008, Binary: 0.9162)
  Batch 1400/6019, Loss: 0.1770 (Main: 0.0625, Margin: 0.0000, Binary: 0.5725)
  Batch 1500/6019, Loss: 0.2171 (Main: 0.0970, Margin: 0.0000, Binary: 0.6002)
  Batch 1600/6019, Loss: 0.2341 (Main: 0.0952, Margin: 0.0001, Binary: 0.6948)
  Batch 1700/6019, Loss: 0.1236 (Main: 0.0317, Margin: 0.0000, Binary: 0.4595)
  Batch 1800/6019, Loss: 0.1169 (Main: 0.0339, Margin: 0.0000, Binary: 0.4149)
  Batch 1900/6019, Loss: 0.1630 (Main: 0.0624, Margin: 0.0002, Binary: 0.5029)
  Batch 2000/6019, Loss: 0.2253 (Main: 0.0948, Margin: 0.0000, Binary: 0.6526)
  Batch 2100/6019, Loss: 0.1422 (Main: 0.0481, Margin: 0.0000, Binary: 0.4709)
  Batch 2200/6019, Loss: 0.1461 (Main: 0.0599, Margin: 0.0004, Binary: 0.4310)
  Batch 2300/6019, Loss: 0.2276 (Main: 0.0950, Margin: 0.0001, Binary: 0.6631)
  Batch 2400/6019, Loss: 0.4244 (Main: 0.2464, Margin: 0.0001, Binary: 0.8902)
  Batch 2500/6019, Loss: 0.2063 (Main: 0.0699, Margin: 0.0001, Binary: 0.6820)
  Batch 2600/6019, Loss: 0.1860 (Main: 0.0708, Margin: 0.0003, Binary: 0.5760)
  Batch 2700/6019, Loss: 0.2268 (Main: 0.0683, Margin: 0.0001, Binary: 0.7925)
  Batch 2800/6019, Loss: 0.2159 (Main: 0.0870, Margin: 0.0002, Binary: 0.6443)
  Batch 2900/6019, Loss: 0.1755 (Main: 0.0638, Margin: 0.0003, Binary: 0.5582)
  Batch 3000/6019, Loss: 0.1858 (Main: 0.0639, Margin: 0.0000, Binary: 0.6099)
  Batch 3100/6019, Loss: 0.2062 (Main: 0.0853, Margin: 0.0001, Binary: 0.6045)
  Batch 3200/6019, Loss: 0.2011 (Main: 0.0814, Margin: 0.0000, Binary: 0.5983)
  Batch 3300/6019, Loss: 0.2714 (Main: 0.0912, Margin: 0.0000, Binary: 0.9011)
  Batch 3400/6019, Loss: 0.1637 (Main: 0.0574, Margin: 0.0000, Binary: 0.5318)
  Batch 3500/6019, Loss: 0.3829 (Main: 0.2138, Margin: 0.0002, Binary: 0.8454)
  Batch 3600/6019, Loss: 0.1768 (Main: 0.0589, Margin: 0.0000, Binary: 0.5894)
  Batch 3700/6019, Loss: 0.1460 (Main: 0.0482, Margin: 0.0000, Binary: 0.4890)
  Batch 3800/6019, Loss: 0.1757 (Main: 0.0653, Margin: 0.0000, Binary: 0.5524)
  Batch 3900/6019, Loss: 0.2412 (Main: 0.0816, Margin: 0.0002, Binary: 0.7980)
  Batch 4000/6019, Loss: 0.1748 (Main: 0.0545, Margin: 0.0001, Binary: 0.6014)
  Batch 4100/6019, Loss: 0.0968 (Main: 0.0347, Margin: 0.0000, Binary: 0.3106)
  Batch 4200/6019, Loss: 0.1846 (Main: 0.0595, Margin: 0.0000, Binary: 0.6252)
  Batch 4300/6019, Loss: 0.1557 (Main: 0.0515, Margin: 0.0000, Binary: 0.5206)
  Batch 4400/6019, Loss: 0.1342 (Main: 0.0428, Margin: 0.0002, Binary: 0.4570)
  Batch 4500/6019, Loss: 0.1562 (Main: 0.0572, Margin: 0.0002, Binary: 0.4949)
  Batch 4600/6019, Loss: 0.2009 (Main: 0.0735, Margin: 0.0001, Binary: 0.6373)
  Batch 4700/6019, Loss: 0.2129 (Main: 0.0785, Margin: 0.0000, Binary: 0.6716)
  Batch 4800/6019, Loss: 0.1774 (Main: 0.0606, Margin: 0.0003, Binary: 0.5836)
  Batch 4900/6019, Loss: 0.2246 (Main: 0.0778, Margin: 0.0003, Binary: 0.7341)
  Batch 5000/6019, Loss: 0.1591 (Main: 0.0624, Margin: 0.0000, Binary: 0.4833)
  Batch 5100/6019, Loss: 0.1116 (Main: 0.0382, Margin: 0.0001, Binary: 0.3667)
  Batch 5200/6019, Loss: 0.1542 (Main: 0.0511, Margin: 0.0000, Binary: 0.5154)
  Batch 5300/6019, Loss: 0.1456 (Main: 0.0584, Margin: 0.0000, Binary: 0.4357)
  Batch 5400/6019, Loss: 0.1866 (Main: 0.0668, Margin: 0.0001, Binary: 0.5985)
  Batch 5500/6019, Loss: 0.1843 (Main: 0.0729, Margin: 0.0006, Binary: 0.5568)
  Batch 5600/6019, Loss: 0.2176 (Main: 0.0720, Margin: 0.0000, Binary: 0.7281)
  Batch 5700/6019, Loss: 0.2740 (Main: 0.1465, Margin: 0.0001, Binary: 0.6377)
  Batch 5800/6019, Loss: 0.1783 (Main: 0.0531, Margin: 0.0001, Binary: 0.6260)
  Batch 5900/6019, Loss: 0.1763 (Main: 0.0709, Margin: 0.0000, Binary: 0.5271)
  Batch 6000/6019, Loss: 0.2266 (Main: 0.0869, Margin: 0.0004, Binary: 0.6981)
  Avg Losses - Total: 0.1949, Main: 0.0728, Margin: 0.0001, Binary: 0.6106
Train Loss: 0.1949
Val Loss: 0.3851, Val Macro F1: 0.8165
Per-class F1 scores:
  Class 0: 0.9330 (confusable with 1)
  Class 1: 0.6465 (confusable with 0)
  Class 2: 0.8088 (confusable with 3)
  Class 3: 0.6545 (confusable with 2)
  Class 4: 0.9479
  Class 5: 0.9082
Current learning rate: 0.000147

============================================================
Epoch 32/50
============================================================
  Batch 0/6019, Loss: 0.2107 (Main: 0.0592, Margin: 0.0003, Binary: 0.7576)
  Batch 100/6019, Loss: 0.1525 (Main: 0.0538, Margin: 0.0000, Binary: 0.4932)
  Batch 200/6019, Loss: 0.2129 (Main: 0.1179, Margin: 0.0000, Binary: 0.4750)
  Batch 300/6019, Loss: 0.1736 (Main: 0.0770, Margin: 0.0000, Binary: 0.4828)
  Batch 400/6019, Loss: 0.3305 (Main: 0.1391, Margin: 0.0008, Binary: 0.9565)
  Batch 500/6019, Loss: 0.2215 (Main: 0.0824, Margin: 0.0001, Binary: 0.6954)
  Batch 600/6019, Loss: 0.2393 (Main: 0.0863, Margin: 0.0015, Binary: 0.7644)
  Batch 700/6019, Loss: 0.2496 (Main: 0.0920, Margin: 0.0002, Binary: 0.7881)
  Batch 800/6019, Loss: 0.1362 (Main: 0.0438, Margin: 0.0001, Binary: 0.4619)
  Batch 900/6019, Loss: 0.1269 (Main: 0.0398, Margin: 0.0000, Binary: 0.4354)
  Batch 1000/6019, Loss: 0.1414 (Main: 0.0479, Margin: 0.0000, Binary: 0.4676)
  Batch 1100/6019, Loss: 0.1582 (Main: 0.0788, Margin: 0.0000, Binary: 0.3968)
  Batch 1200/6019, Loss: 0.2047 (Main: 0.0667, Margin: 0.0000, Binary: 0.6897)
  Batch 1300/6019, Loss: 0.1684 (Main: 0.0568, Margin: 0.0000, Binary: 0.5578)
  Batch 1400/6019, Loss: 0.1322 (Main: 0.0505, Margin: 0.0001, Binary: 0.4082)
  Batch 1500/6019, Loss: 0.2366 (Main: 0.0849, Margin: 0.0000, Binary: 0.7587)
  Batch 1600/6019, Loss: 0.1667 (Main: 0.0533, Margin: 0.0000, Binary: 0.5670)
  Batch 1700/6019, Loss: 0.3261 (Main: 0.1581, Margin: 0.0003, Binary: 0.8397)
  Batch 1800/6019, Loss: 0.1712 (Main: 0.0601, Margin: 0.0000, Binary: 0.5554)
  Batch 1900/6019, Loss: 0.1589 (Main: 0.0517, Margin: 0.0000, Binary: 0.5359)
  Batch 2000/6019, Loss: 0.1713 (Main: 0.0567, Margin: 0.0000, Binary: 0.5731)
  Batch 2100/6019, Loss: 0.2230 (Main: 0.0643, Margin: 0.0002, Binary: 0.7934)
  Batch 2200/6019, Loss: 0.2131 (Main: 0.0744, Margin: 0.0004, Binary: 0.6931)
  Batch 2300/6019, Loss: 0.1964 (Main: 0.0724, Margin: 0.0000, Binary: 0.6201)
  Batch 2400/6019, Loss: 0.1535 (Main: 0.0516, Margin: 0.0000, Binary: 0.5092)
  Batch 2500/6019, Loss: 0.1883 (Main: 0.0605, Margin: 0.0000, Binary: 0.6389)
  Batch 2600/6019, Loss: 0.1852 (Main: 0.0549, Margin: 0.0000, Binary: 0.6518)
  Batch 2700/6019, Loss: 0.1670 (Main: 0.0519, Margin: 0.0000, Binary: 0.5756)
  Batch 2800/6019, Loss: 0.2335 (Main: 0.0805, Margin: 0.0000, Binary: 0.7649)
  Batch 2900/6019, Loss: 0.1533 (Main: 0.0510, Margin: 0.0001, Binary: 0.5117)
  Batch 3000/6019, Loss: 0.1610 (Main: 0.0537, Margin: 0.0001, Binary: 0.5369)
  Batch 3100/6019, Loss: 0.1295 (Main: 0.0469, Margin: 0.0000, Binary: 0.4127)
  Batch 3200/6019, Loss: 0.2374 (Main: 0.1316, Margin: 0.0004, Binary: 0.5290)
  Batch 3300/6019, Loss: 0.1808 (Main: 0.0546, Margin: 0.0001, Binary: 0.6307)
  Batch 3400/6019, Loss: 0.1606 (Main: 0.0583, Margin: 0.0002, Binary: 0.5116)
  Batch 3500/6019, Loss: 0.1772 (Main: 0.0682, Margin: 0.0002, Binary: 0.5449)
  Batch 3600/6019, Loss: 0.1486 (Main: 0.0486, Margin: 0.0001, Binary: 0.4999)
  Batch 3700/6019, Loss: 0.1895 (Main: 0.0609, Margin: 0.0001, Binary: 0.6426)
  Batch 3800/6019, Loss: 0.2324 (Main: 0.0837, Margin: 0.0000, Binary: 0.7434)
  Batch 3900/6019, Loss: 0.2204 (Main: 0.0753, Margin: 0.0002, Binary: 0.7256)
  Batch 4000/6019, Loss: 0.1996 (Main: 0.0669, Margin: 0.0002, Binary: 0.6636)
  Batch 4100/6019, Loss: 0.2378 (Main: 0.0762, Margin: 0.0000, Binary: 0.8082)
  Batch 4200/6019, Loss: 0.1373 (Main: 0.0520, Margin: 0.0001, Binary: 0.4266)
  Batch 4300/6019, Loss: 0.1613 (Main: 0.0567, Margin: 0.0000, Binary: 0.5231)
  Batch 4400/6019, Loss: 0.1633 (Main: 0.0527, Margin: 0.0000, Binary: 0.5528)
  Batch 4500/6019, Loss: 0.1696 (Main: 0.0696, Margin: 0.0000, Binary: 0.5001)
  Batch 4600/6019, Loss: 0.1383 (Main: 0.0464, Margin: 0.0000, Binary: 0.4599)
  Batch 4700/6019, Loss: 0.1622 (Main: 0.0472, Margin: 0.0001, Binary: 0.5747)
  Batch 4800/6019, Loss: 0.1544 (Main: 0.0548, Margin: 0.0000, Binary: 0.4980)
  Batch 4900/6019, Loss: 0.1454 (Main: 0.0478, Margin: 0.0000, Binary: 0.4882)
  Batch 5000/6019, Loss: 0.1206 (Main: 0.0414, Margin: 0.0000, Binary: 0.3958)
  Batch 5100/6019, Loss: 0.1591 (Main: 0.0544, Margin: 0.0002, Binary: 0.5237)
  Batch 5200/6019, Loss: 0.1429 (Main: 0.0455, Margin: 0.0000, Binary: 0.4873)
  Batch 5300/6019, Loss: 0.2239 (Main: 0.0598, Margin: 0.0001, Binary: 0.8202)
  Batch 5400/6019, Loss: 0.1892 (Main: 0.0607, Margin: 0.0000, Binary: 0.6423)
  Batch 5500/6019, Loss: 0.2230 (Main: 0.0756, Margin: 0.0004, Binary: 0.7365)
  Batch 5600/6019, Loss: 0.2183 (Main: 0.0727, Margin: 0.0002, Binary: 0.7277)
  Batch 5700/6019, Loss: 0.1569 (Main: 0.0503, Margin: 0.0000, Binary: 0.5332)
  Batch 5800/6019, Loss: 0.2148 (Main: 0.0838, Margin: 0.0002, Binary: 0.6548)
  Batch 5900/6019, Loss: 0.1541 (Main: 0.0511, Margin: 0.0000, Binary: 0.5150)
  Batch 6000/6019, Loss: 0.2908 (Main: 0.1278, Margin: 0.0001, Binary: 0.8151)
  Avg Losses - Total: 0.1933, Main: 0.0719, Margin: 0.0001, Binary: 0.6066
Train Loss: 0.1933
Val Loss: 0.3354, Val Macro F1: 0.8254
Per-class F1 scores:
  Class 0: 0.9485 (confusable with 1)
  Class 1: 0.6944 (confusable with 0)
  Class 2: 0.8311 (confusable with 3)
  Class 3: 0.6205 (confusable with 2)
  Class 4: 0.9515
  Class 5: 0.9061
Current learning rate: 0.000096
✓ Saved best model with Val F1: 0.8254

============================================================
Epoch 33/50
============================================================
  Batch 0/6019, Loss: 0.2284 (Main: 0.1020, Margin: 0.0003, Binary: 0.6318)
  Batch 100/6019, Loss: 0.1851 (Main: 0.0610, Margin: 0.0000, Binary: 0.6204)
  Batch 200/6019, Loss: 0.2084 (Main: 0.0643, Margin: 0.0000, Binary: 0.7205)
  Batch 300/6019, Loss: 0.2544 (Main: 0.1157, Margin: 0.0001, Binary: 0.6935)
  Batch 400/6019, Loss: 0.2882 (Main: 0.1155, Margin: 0.0002, Binary: 0.8638)
  Batch 500/6019, Loss: 0.1754 (Main: 0.0509, Margin: 0.0000, Binary: 0.6223)
  Batch 600/6019, Loss: 0.1903 (Main: 0.0698, Margin: 0.0000, Binary: 0.6028)
  Batch 700/6019, Loss: 0.1957 (Main: 0.0673, Margin: 0.0000, Binary: 0.6419)
  Batch 800/6019, Loss: 0.1907 (Main: 0.0745, Margin: 0.0001, Binary: 0.5807)
  Batch 900/6019, Loss: 0.1958 (Main: 0.0688, Margin: 0.0000, Binary: 0.6350)
  Batch 1000/6019, Loss: 0.1694 (Main: 0.0676, Margin: 0.0000, Binary: 0.5090)
  Batch 1100/6019, Loss: 0.1416 (Main: 0.0549, Margin: 0.0000, Binary: 0.4336)
  Batch 1200/6019, Loss: 0.2483 (Main: 0.0896, Margin: 0.0002, Binary: 0.7934)
  Batch 1300/6019, Loss: 0.1684 (Main: 0.0447, Margin: 0.0000, Binary: 0.6186)
  Batch 1400/6019, Loss: 0.1259 (Main: 0.0450, Margin: 0.0000, Binary: 0.4046)
  Batch 1500/6019, Loss: 0.1958 (Main: 0.0623, Margin: 0.0005, Binary: 0.6671)
  Batch 1600/6019, Loss: 0.2274 (Main: 0.0874, Margin: 0.0002, Binary: 0.7003)
  Batch 1700/6019, Loss: 0.2620 (Main: 0.1100, Margin: 0.0002, Binary: 0.7601)
  Batch 1800/6019, Loss: 0.1490 (Main: 0.0519, Margin: 0.0000, Binary: 0.4857)
  Batch 1900/6019, Loss: 0.1824 (Main: 0.0631, Margin: 0.0000, Binary: 0.5964)
  Batch 2000/6019, Loss: 0.1836 (Main: 0.0613, Margin: 0.0001, Binary: 0.6115)
  Batch 2100/6019, Loss: 0.2079 (Main: 0.0888, Margin: 0.0000, Binary: 0.5952)
  Batch 2200/6019, Loss: 0.1376 (Main: 0.0468, Margin: 0.0000, Binary: 0.4538)
  Batch 2300/6019, Loss: 0.1816 (Main: 0.0651, Margin: 0.0001, Binary: 0.5824)
  Batch 2400/6019, Loss: 0.1843 (Main: 0.0747, Margin: 0.0002, Binary: 0.5481)
  Batch 2500/6019, Loss: 0.1799 (Main: 0.0549, Margin: 0.0000, Binary: 0.6249)
  Batch 2600/6019, Loss: 0.1641 (Main: 0.0522, Margin: 0.0000, Binary: 0.5592)
  Batch 2700/6019, Loss: 0.1268 (Main: 0.0373, Margin: 0.0000, Binary: 0.4471)
  Batch 2800/6019, Loss: 0.1636 (Main: 0.0637, Margin: 0.0000, Binary: 0.4995)
  Batch 2900/6019, Loss: 0.2059 (Main: 0.0761, Margin: 0.0000, Binary: 0.6488)
  Batch 3000/6019, Loss: 0.1647 (Main: 0.0538, Margin: 0.0000, Binary: 0.5545)
  Batch 3100/6019, Loss: 0.2288 (Main: 0.0807, Margin: 0.0001, Binary: 0.7404)
  Batch 3200/6019, Loss: 0.1881 (Main: 0.0639, Margin: 0.0001, Binary: 0.6213)
  Batch 3300/6019, Loss: 0.1281 (Main: 0.0409, Margin: 0.0000, Binary: 0.4361)
  Batch 3400/6019, Loss: 0.1175 (Main: 0.0400, Margin: 0.0000, Binary: 0.3876)
  Batch 3500/6019, Loss: 0.1903 (Main: 0.0787, Margin: 0.0000, Binary: 0.5579)
  Batch 3600/6019, Loss: 0.1359 (Main: 0.0520, Margin: 0.0001, Binary: 0.4196)
  Batch 3700/6019, Loss: 0.1843 (Main: 0.0672, Margin: 0.0000, Binary: 0.5855)
  Batch 3800/6019, Loss: 0.2207 (Main: 0.0961, Margin: 0.0002, Binary: 0.6231)
  Batch 3900/6019, Loss: 0.1352 (Main: 0.0604, Margin: 0.0000, Binary: 0.3738)
  Batch 4000/6019, Loss: 0.1360 (Main: 0.0504, Margin: 0.0000, Binary: 0.4283)
  Batch 4100/6019, Loss: 0.2103 (Main: 0.0705, Margin: 0.0000, Binary: 0.6991)
  Batch 4200/6019, Loss: 0.1468 (Main: 0.0545, Margin: 0.0000, Binary: 0.4616)
  Batch 4300/6019, Loss: 0.2130 (Main: 0.0661, Margin: 0.0000, Binary: 0.7347)
  Batch 4400/6019, Loss: 0.1645 (Main: 0.0582, Margin: 0.0000, Binary: 0.5316)
  Batch 4500/6019, Loss: 0.1964 (Main: 0.0629, Margin: 0.0001, Binary: 0.6676)
  Batch 4600/6019, Loss: 0.1864 (Main: 0.0511, Margin: 0.0000, Binary: 0.6764)
  Batch 4700/6019, Loss: 0.2055 (Main: 0.0772, Margin: 0.0003, Binary: 0.6418)
  Batch 4800/6019, Loss: 0.1528 (Main: 0.0496, Margin: 0.0001, Binary: 0.5163)
  Batch 4900/6019, Loss: 0.1689 (Main: 0.0681, Margin: 0.0000, Binary: 0.5041)
  Batch 5000/6019, Loss: 0.1752 (Main: 0.0692, Margin: 0.0000, Binary: 0.5301)
  Batch 5100/6019, Loss: 0.1806 (Main: 0.0640, Margin: 0.0002, Binary: 0.5830)
  Batch 5200/6019, Loss: 0.1755 (Main: 0.0566, Margin: 0.0000, Binary: 0.5944)
  Batch 5300/6019, Loss: 0.2531 (Main: 0.1032, Margin: 0.0000, Binary: 0.7497)
  Batch 5400/6019, Loss: 0.1600 (Main: 0.0608, Margin: 0.0000, Binary: 0.4960)
  Batch 5500/6019, Loss: 0.1638 (Main: 0.0569, Margin: 0.0000, Binary: 0.5343)
  Batch 5600/6019, Loss: 0.1762 (Main: 0.0572, Margin: 0.0001, Binary: 0.5950)
  Batch 5700/6019, Loss: 0.1755 (Main: 0.0631, Margin: 0.0002, Binary: 0.5619)
  Batch 5800/6019, Loss: 0.1872 (Main: 0.0606, Margin: 0.0000, Binary: 0.6328)
  Batch 5900/6019, Loss: 0.2202 (Main: 0.0832, Margin: 0.0000, Binary: 0.6847)
  Batch 6000/6019, Loss: 0.1586 (Main: 0.0668, Margin: 0.0000, Binary: 0.4591)
  Avg Losses - Total: 0.1911, Main: 0.0707, Margin: 0.0001, Binary: 0.6017
Train Loss: 0.1911
Val Loss: 0.3437, Val Macro F1: 0.8258
Per-class F1 scores:
  Class 0: 0.9455 (confusable with 1)
  Class 1: 0.6863 (confusable with 0)
  Class 2: 0.8319 (confusable with 3)
  Class 3: 0.6141 (confusable with 2)
  Class 4: 0.9558
  Class 5: 0.9210
Current learning rate: 0.000055
✓ Saved best model with Val F1: 0.8258

============================================================
Epoch 34/50
============================================================
  Batch 0/6019, Loss: 0.2030 (Main: 0.0690, Margin: 0.0000, Binary: 0.6698)
  Batch 100/6019, Loss: 0.1563 (Main: 0.0556, Margin: 0.0001, Binary: 0.5035)
  Batch 200/6019, Loss: 0.2690 (Main: 0.1042, Margin: 0.0005, Binary: 0.8240)
  Batch 300/6019, Loss: 0.2700 (Main: 0.0939, Margin: 0.0006, Binary: 0.8802)
  Batch 400/6019, Loss: 0.1797 (Main: 0.0553, Margin: 0.0001, Binary: 0.6218)
  Batch 500/6019, Loss: 0.1409 (Main: 0.0522, Margin: 0.0000, Binary: 0.4435)
  Batch 600/6019, Loss: 0.1798 (Main: 0.0647, Margin: 0.0000, Binary: 0.5755)
  Batch 700/6019, Loss: 0.1582 (Main: 0.0503, Margin: 0.0000, Binary: 0.5396)
  Batch 800/6019, Loss: 0.1219 (Main: 0.0424, Margin: 0.0000, Binary: 0.3976)
  Batch 900/6019, Loss: 0.1280 (Main: 0.0376, Margin: 0.0001, Binary: 0.4521)
  Batch 1000/6019, Loss: 0.1585 (Main: 0.0619, Margin: 0.0001, Binary: 0.4829)
  Batch 1100/6019, Loss: 0.1287 (Main: 0.0480, Margin: 0.0002, Binary: 0.4036)
  Batch 1200/6019, Loss: 0.2149 (Main: 0.0680, Margin: 0.0001, Binary: 0.7347)
  Batch 1300/6019, Loss: 0.1397 (Main: 0.0493, Margin: 0.0001, Binary: 0.4518)
  Batch 1400/6019, Loss: 0.1404 (Main: 0.0503, Margin: 0.0000, Binary: 0.4505)
  Batch 1500/6019, Loss: 0.2055 (Main: 0.0737, Margin: 0.0000, Binary: 0.6591)
  Batch 1600/6019, Loss: 0.1731 (Main: 0.0526, Margin: 0.0001, Binary: 0.6024)
  Batch 1700/6019, Loss: 0.2047 (Main: 0.0611, Margin: 0.0002, Binary: 0.7183)
  Batch 1800/6019, Loss: 0.1547 (Main: 0.0570, Margin: 0.0001, Binary: 0.4887)
  Batch 1900/6019, Loss: 0.1557 (Main: 0.0604, Margin: 0.0000, Binary: 0.4764)
  Batch 2000/6019, Loss: 0.1510 (Main: 0.0566, Margin: 0.0001, Binary: 0.4720)
  Batch 2100/6019, Loss: 0.1707 (Main: 0.0561, Margin: 0.0001, Binary: 0.5730)
  Batch 2200/6019, Loss: 0.2863 (Main: 0.1018, Margin: 0.0003, Binary: 0.9222)
  Batch 2300/6019, Loss: 0.1843 (Main: 0.0774, Margin: 0.0002, Binary: 0.5342)
  Batch 2400/6019, Loss: 0.1694 (Main: 0.0630, Margin: 0.0000, Binary: 0.5321)
  Batch 2500/6019, Loss: 0.2403 (Main: 0.0894, Margin: 0.0000, Binary: 0.7547)
  Batch 2600/6019, Loss: 0.1340 (Main: 0.0439, Margin: 0.0000, Binary: 0.4506)
  Batch 2700/6019, Loss: 0.1940 (Main: 0.0819, Margin: 0.0001, Binary: 0.5604)
  Batch 2800/6019, Loss: 0.2076 (Main: 0.0753, Margin: 0.0000, Binary: 0.6615)
  Batch 2900/6019, Loss: 0.1845 (Main: 0.0531, Margin: 0.0002, Binary: 0.6567)
  Batch 3000/6019, Loss: 0.1707 (Main: 0.0742, Margin: 0.0002, Binary: 0.4825)
  Batch 3100/6019, Loss: 0.1645 (Main: 0.0561, Margin: 0.0000, Binary: 0.5420)
  Batch 3200/6019, Loss: 0.1996 (Main: 0.0639, Margin: 0.0001, Binary: 0.6784)
  Batch 3300/6019, Loss: 0.2205 (Main: 0.0900, Margin: 0.0002, Binary: 0.6524)
  Batch 3400/6019, Loss: 0.2649 (Main: 0.1403, Margin: 0.0005, Binary: 0.6225)
  Batch 3500/6019, Loss: 0.1744 (Main: 0.0576, Margin: 0.0000, Binary: 0.5839)
  Batch 3600/6019, Loss: 0.2335 (Main: 0.0774, Margin: 0.0001, Binary: 0.7807)
  Batch 3700/6019, Loss: 0.1809 (Main: 0.0614, Margin: 0.0000, Binary: 0.5975)
  Batch 3800/6019, Loss: 0.2834 (Main: 0.1010, Margin: 0.0001, Binary: 0.9120)
  Batch 3900/6019, Loss: 0.2428 (Main: 0.0871, Margin: 0.0002, Binary: 0.7784)
  Batch 4000/6019, Loss: 0.1361 (Main: 0.0428, Margin: 0.0000, Binary: 0.4665)
  Batch 4100/6019, Loss: 0.1789 (Main: 0.0554, Margin: 0.0000, Binary: 0.6175)
  Batch 4200/6019, Loss: 0.2175 (Main: 0.0678, Margin: 0.0000, Binary: 0.7487)
  Batch 4300/6019, Loss: 0.1702 (Main: 0.0563, Margin: 0.0000, Binary: 0.5695)
  Batch 4400/6019, Loss: 0.2099 (Main: 0.0776, Margin: 0.0000, Binary: 0.6618)
  Batch 4500/6019, Loss: 0.1594 (Main: 0.0675, Margin: 0.0000, Binary: 0.4590)
  Batch 4600/6019, Loss: 0.2616 (Main: 0.1030, Margin: 0.0002, Binary: 0.7931)
  Batch 4700/6019, Loss: 0.2126 (Main: 0.0675, Margin: 0.0001, Binary: 0.7253)
  Batch 4800/6019, Loss: 0.1275 (Main: 0.0447, Margin: 0.0001, Binary: 0.4140)
  Batch 4900/6019, Loss: 0.1816 (Main: 0.0633, Margin: 0.0000, Binary: 0.5914)
  Batch 5000/6019, Loss: 0.1821 (Main: 0.0562, Margin: 0.0000, Binary: 0.6297)
  Batch 5100/6019, Loss: 0.1751 (Main: 0.0577, Margin: 0.0000, Binary: 0.5872)
  Batch 5200/6019, Loss: 0.1733 (Main: 0.0610, Margin: 0.0002, Binary: 0.5611)
  Batch 5300/6019, Loss: 0.1740 (Main: 0.0774, Margin: 0.0001, Binary: 0.4829)
  Batch 5400/6019, Loss: 0.1796 (Main: 0.0719, Margin: 0.0000, Binary: 0.5389)
  Batch 5500/6019, Loss: 0.2125 (Main: 0.0779, Margin: 0.0000, Binary: 0.6727)
  Batch 5600/6019, Loss: 0.1150 (Main: 0.0378, Margin: 0.0000, Binary: 0.3859)
  Batch 5700/6019, Loss: 0.2429 (Main: 0.0803, Margin: 0.0001, Binary: 0.8129)
  Batch 5800/6019, Loss: 0.1664 (Main: 0.0588, Margin: 0.0001, Binary: 0.5381)
  Batch 5900/6019, Loss: 0.0995 (Main: 0.0378, Margin: 0.0000, Binary: 0.3087)
  Batch 6000/6019, Loss: 0.2836 (Main: 0.0896, Margin: 0.0001, Binary: 0.9700)
  Avg Losses - Total: 0.1898, Main: 0.0702, Margin: 0.0001, Binary: 0.5980
Train Loss: 0.1898
Val Loss: 0.3521, Val Macro F1: 0.8196
Per-class F1 scores:
  Class 0: 0.9357 (confusable with 1)
  Class 1: 0.6582 (confusable with 0)
  Class 2: 0.8333 (confusable with 3)
  Class 3: 0.6094 (confusable with 2)
  Class 4: 0.9638
  Class 5: 0.9174
Current learning rate: 0.000025

============================================================
Epoch 35/50
============================================================
  Batch 0/6019, Loss: 0.1855 (Main: 0.0663, Margin: 0.0000, Binary: 0.5959)
  Batch 100/6019, Loss: 0.1778 (Main: 0.0728, Margin: 0.0000, Binary: 0.5249)
  Batch 200/6019, Loss: 0.1866 (Main: 0.0923, Margin: 0.0000, Binary: 0.4715)
  Batch 300/6019, Loss: 0.1672 (Main: 0.0594, Margin: 0.0000, Binary: 0.5387)
  Batch 400/6019, Loss: 0.1334 (Main: 0.0458, Margin: 0.0000, Binary: 0.4380)
  Batch 500/6019, Loss: 0.1732 (Main: 0.0680, Margin: 0.0000, Binary: 0.5260)
  Batch 600/6019, Loss: 0.1952 (Main: 0.0694, Margin: 0.0001, Binary: 0.6291)
  Batch 700/6019, Loss: 0.1798 (Main: 0.0561, Margin: 0.0000, Binary: 0.6184)
  Batch 800/6019, Loss: 0.1495 (Main: 0.0580, Margin: 0.0000, Binary: 0.4575)
  Batch 900/6019, Loss: 0.1460 (Main: 0.0564, Margin: 0.0000, Binary: 0.4480)
  Batch 1000/6019, Loss: 0.2427 (Main: 0.0818, Margin: 0.0001, Binary: 0.8046)
  Batch 1100/6019, Loss: 0.2161 (Main: 0.0654, Margin: 0.0000, Binary: 0.7538)
  Batch 1200/6019, Loss: 0.1651 (Main: 0.0546, Margin: 0.0001, Binary: 0.5521)
  Batch 1300/6019, Loss: 0.2350 (Main: 0.0870, Margin: 0.0006, Binary: 0.7398)
  Batch 1400/6019, Loss: 0.1937 (Main: 0.0718, Margin: 0.0001, Binary: 0.6097)
  Batch 1500/6019, Loss: 0.1904 (Main: 0.0664, Margin: 0.0002, Binary: 0.6198)
  Batch 1600/6019, Loss: 0.1995 (Main: 0.0668, Margin: 0.0000, Binary: 0.6636)
  Batch 1700/6019, Loss: 0.2236 (Main: 0.0779, Margin: 0.0002, Binary: 0.7285)
  Batch 1800/6019, Loss: 0.1676 (Main: 0.0648, Margin: 0.0000, Binary: 0.5142)
  Batch 1900/6019, Loss: 0.1681 (Main: 0.0635, Margin: 0.0000, Binary: 0.5229)
  Batch 2000/6019, Loss: 0.1753 (Main: 0.0654, Margin: 0.0001, Binary: 0.5493)
  Batch 2100/6019, Loss: 0.1541 (Main: 0.0477, Margin: 0.0000, Binary: 0.5320)
  Batch 2200/6019, Loss: 0.1605 (Main: 0.0525, Margin: 0.0003, Binary: 0.5397)
  Batch 2300/6019, Loss: 0.2173 (Main: 0.0786, Margin: 0.0004, Binary: 0.6935)
  Batch 2400/6019, Loss: 0.1906 (Main: 0.0623, Margin: 0.0000, Binary: 0.6411)
  Batch 2500/6019, Loss: 0.2332 (Main: 0.0718, Margin: 0.0000, Binary: 0.8070)
  Batch 2600/6019, Loss: 0.1759 (Main: 0.0557, Margin: 0.0000, Binary: 0.6007)
  Batch 2700/6019, Loss: 0.1670 (Main: 0.0572, Margin: 0.0001, Binary: 0.5487)
  Batch 2800/6019, Loss: 0.1360 (Main: 0.0454, Margin: 0.0000, Binary: 0.4531)
  Batch 2900/6019, Loss: 0.2346 (Main: 0.0984, Margin: 0.0008, Binary: 0.6803)
  Batch 3000/6019, Loss: 0.2625 (Main: 0.1099, Margin: 0.0000, Binary: 0.7632)
  Batch 3100/6019, Loss: 0.2125 (Main: 0.0932, Margin: 0.0000, Binary: 0.5967)
  Batch 3200/6019, Loss: 0.2269 (Main: 0.1008, Margin: 0.0004, Binary: 0.6303)
  Batch 3300/6019, Loss: 0.1458 (Main: 0.0451, Margin: 0.0000, Binary: 0.5033)
  Batch 3400/6019, Loss: 0.2156 (Main: 0.0737, Margin: 0.0001, Binary: 0.7093)
  Batch 3500/6019, Loss: 0.2498 (Main: 0.0854, Margin: 0.0001, Binary: 0.8219)
  Batch 3600/6019, Loss: 0.1398 (Main: 0.0466, Margin: 0.0000, Binary: 0.4657)
  Batch 3700/6019, Loss: 0.1998 (Main: 0.0764, Margin: 0.0000, Binary: 0.6171)
  Batch 3800/6019, Loss: 0.2890 (Main: 0.1503, Margin: 0.0001, Binary: 0.6934)
  Batch 3900/6019, Loss: 0.2433 (Main: 0.0893, Margin: 0.0000, Binary: 0.7702)
  Batch 4000/6019, Loss: 0.1403 (Main: 0.0540, Margin: 0.0001, Binary: 0.4318)
  Batch 4100/6019, Loss: 0.1526 (Main: 0.0592, Margin: 0.0000, Binary: 0.4666)
  Batch 4200/6019, Loss: 0.2309 (Main: 0.1210, Margin: 0.0001, Binary: 0.5494)
  Batch 4300/6019, Loss: 0.1304 (Main: 0.0426, Margin: 0.0000, Binary: 0.4386)
  Batch 4400/6019, Loss: 0.1642 (Main: 0.0550, Margin: 0.0000, Binary: 0.5460)
  Batch 4500/6019, Loss: 0.1944 (Main: 0.0638, Margin: 0.0001, Binary: 0.6530)
  Batch 4600/6019, Loss: 0.1836 (Main: 0.0597, Margin: 0.0000, Binary: 0.6195)
  Batch 4700/6019, Loss: 0.1882 (Main: 0.0632, Margin: 0.0000, Binary: 0.6249)
  Batch 4800/6019, Loss: 0.1523 (Main: 0.0521, Margin: 0.0001, Binary: 0.5010)
  Batch 4900/6019, Loss: 0.1654 (Main: 0.0597, Margin: 0.0000, Binary: 0.5286)
  Batch 5000/6019, Loss: 0.1787 (Main: 0.0836, Margin: 0.0000, Binary: 0.4754)
  Batch 5100/6019, Loss: 0.1679 (Main: 0.0659, Margin: 0.0000, Binary: 0.5104)
  Batch 5200/6019, Loss: 0.1618 (Main: 0.0562, Margin: 0.0000, Binary: 0.5278)
  Batch 5300/6019, Loss: 0.1487 (Main: 0.0513, Margin: 0.0000, Binary: 0.4873)
  Batch 5400/6019, Loss: 0.2174 (Main: 0.0763, Margin: 0.0001, Binary: 0.7053)
  Batch 5500/6019, Loss: 0.2169 (Main: 0.0846, Margin: 0.0002, Binary: 0.6615)
  Batch 5600/6019, Loss: 0.2287 (Main: 0.0868, Margin: 0.0006, Binary: 0.7094)
  Batch 5700/6019, Loss: 0.2881 (Main: 0.1600, Margin: 0.0000, Binary: 0.6403)
  Batch 5800/6019, Loss: 0.2092 (Main: 0.0728, Margin: 0.0002, Binary: 0.6815)
  Batch 5900/6019, Loss: 0.1621 (Main: 0.0438, Margin: 0.0000, Binary: 0.5919)
  Batch 6000/6019, Loss: 0.2696 (Main: 0.0806, Margin: 0.0000, Binary: 0.9453)
  Avg Losses - Total: 0.1886, Main: 0.0693, Margin: 0.0001, Binary: 0.5965
Train Loss: 0.1886
Val Loss: 0.3362, Val Macro F1: 0.8301
Per-class F1 scores:
  Class 0: 0.9478 (confusable with 1)
  Class 1: 0.6950 (confusable with 0)
  Class 2: 0.8318 (confusable with 3)
  Class 3: 0.6232 (confusable with 2)
  Class 4: 0.9610
  Class 5: 0.9217
Current learning rate: 0.000007
✓ Saved best model with Val F1: 0.8301

============================================================
Epoch 36/50
============================================================
  Batch 0/6019, Loss: 0.2881 (Main: 0.1722, Margin: 0.0000, Binary: 0.5793)
  Batch 100/6019, Loss: 0.1840 (Main: 0.0521, Margin: 0.0000, Binary: 0.6594)
  Batch 200/6019, Loss: 0.1222 (Main: 0.0394, Margin: 0.0000, Binary: 0.4143)
  Batch 300/6019, Loss: 0.1719 (Main: 0.0611, Margin: 0.0000, Binary: 0.5537)
  Batch 400/6019, Loss: 0.1607 (Main: 0.0587, Margin: 0.0000, Binary: 0.5101)
  Batch 500/6019, Loss: 0.2578 (Main: 0.1097, Margin: 0.0001, Binary: 0.7404)
  Batch 600/6019, Loss: 0.1632 (Main: 0.0440, Margin: 0.0000, Binary: 0.5958)
  Batch 700/6019, Loss: 0.1837 (Main: 0.0631, Margin: 0.0001, Binary: 0.6029)
  Batch 800/6019, Loss: 0.1874 (Main: 0.0896, Margin: 0.0000, Binary: 0.4891)
  Batch 900/6019, Loss: 0.1659 (Main: 0.0529, Margin: 0.0000, Binary: 0.5653)
  Batch 1000/6019, Loss: 0.1763 (Main: 0.0851, Margin: 0.0002, Binary: 0.4561)
  Batch 1100/6019, Loss: 0.1716 (Main: 0.0571, Margin: 0.0000, Binary: 0.5726)
  Batch 1200/6019, Loss: 0.2295 (Main: 0.1038, Margin: 0.0001, Binary: 0.6281)
  Batch 1300/6019, Loss: 0.2018 (Main: 0.0952, Margin: 0.0000, Binary: 0.5328)
  Batch 1400/6019, Loss: 0.2098 (Main: 0.0835, Margin: 0.0003, Binary: 0.6316)
  Batch 1500/6019, Loss: 0.1683 (Main: 0.0504, Margin: 0.0000, Binary: 0.5900)
  Batch 1600/6019, Loss: 0.1778 (Main: 0.0661, Margin: 0.0000, Binary: 0.5589)
  Batch 1700/6019, Loss: 0.2152 (Main: 0.0731, Margin: 0.0003, Binary: 0.7101)
  Batch 1800/6019, Loss: 0.2191 (Main: 0.0800, Margin: 0.0000, Binary: 0.6953)
  Batch 1900/6019, Loss: 0.2169 (Main: 0.0738, Margin: 0.0000, Binary: 0.7158)
  Batch 2000/6019, Loss: 0.1990 (Main: 0.0679, Margin: 0.0001, Binary: 0.6557)
  Batch 2100/6019, Loss: 0.2912 (Main: 0.1008, Margin: 0.0001, Binary: 0.9522)
  Batch 2200/6019, Loss: 0.2094 (Main: 0.0663, Margin: 0.0000, Binary: 0.7153)
  Batch 2300/6019, Loss: 0.2283 (Main: 0.0801, Margin: 0.0000, Binary: 0.7410)
  Batch 2400/6019, Loss: 0.1889 (Main: 0.0858, Margin: 0.0001, Binary: 0.5153)
  Batch 2500/6019, Loss: 0.2190 (Main: 0.0496, Margin: 0.0001, Binary: 0.8470)
  Batch 2600/6019, Loss: 0.2291 (Main: 0.0679, Margin: 0.0000, Binary: 0.8057)
  Batch 2700/6019, Loss: 0.2055 (Main: 0.0970, Margin: 0.0001, Binary: 0.5421)
  Batch 2800/6019, Loss: 0.2381 (Main: 0.0763, Margin: 0.0000, Binary: 0.8086)
  Batch 2900/6019, Loss: 0.1704 (Main: 0.0629, Margin: 0.0000, Binary: 0.5375)
  Batch 3000/6019, Loss: 0.2053 (Main: 0.0844, Margin: 0.0002, Binary: 0.6043)
  Batch 3100/6019, Loss: 0.1406 (Main: 0.0732, Margin: 0.0002, Binary: 0.3368)
  Batch 3200/6019, Loss: 0.2716 (Main: 0.1157, Margin: 0.0001, Binary: 0.7796)
  Batch 3300/6019, Loss: 0.2050 (Main: 0.0822, Margin: 0.0001, Binary: 0.6138)
  Batch 3400/6019, Loss: 0.2530 (Main: 0.1543, Margin: 0.0001, Binary: 0.4932)
  Batch 3500/6019, Loss: 0.1675 (Main: 0.0636, Margin: 0.0002, Binary: 0.5195)
  Batch 3600/6019, Loss: 0.1948 (Main: 0.0539, Margin: 0.0000, Binary: 0.7043)
  Batch 3700/6019, Loss: 0.1895 (Main: 0.0755, Margin: 0.0000, Binary: 0.5701)
  Batch 3800/6019, Loss: 0.2015 (Main: 0.0692, Margin: 0.0000, Binary: 0.6618)
  Batch 3900/6019, Loss: 0.3149 (Main: 0.1771, Margin: 0.0002, Binary: 0.6887)
  Batch 4000/6019, Loss: 0.2096 (Main: 0.0736, Margin: 0.0000, Binary: 0.6803)
  Batch 4100/6019, Loss: 0.1094 (Main: 0.0368, Margin: 0.0000, Binary: 0.3631)
  Batch 4200/6019, Loss: 0.1538 (Main: 0.0589, Margin: 0.0001, Binary: 0.4744)
  Batch 4300/6019, Loss: 0.1884 (Main: 0.0665, Margin: 0.0001, Binary: 0.6095)
  Batch 4400/6019, Loss: 0.1826 (Main: 0.0643, Margin: 0.0000, Binary: 0.5913)
  Batch 4500/6019, Loss: 0.1256 (Main: 0.0477, Margin: 0.0000, Binary: 0.3895)
  Batch 4600/6019, Loss: 0.2328 (Main: 0.0839, Margin: 0.0000, Binary: 0.7445)
  Batch 4700/6019, Loss: 0.2053 (Main: 0.0709, Margin: 0.0002, Binary: 0.6719)
  Batch 4800/6019, Loss: 0.2336 (Main: 0.0697, Margin: 0.0001, Binary: 0.8194)
  Batch 4900/6019, Loss: 0.3399 (Main: 0.1277, Margin: 0.0016, Binary: 1.0603)
  Batch 5000/6019, Loss: 0.1696 (Main: 0.0812, Margin: 0.0001, Binary: 0.4418)
  Batch 5100/6019, Loss: 0.2209 (Main: 0.0807, Margin: 0.0000, Binary: 0.7008)
  Batch 5200/6019, Loss: 0.2201 (Main: 0.0816, Margin: 0.0003, Binary: 0.6923)
  Batch 5300/6019, Loss: 0.1537 (Main: 0.0502, Margin: 0.0000, Binary: 0.5174)
  Batch 5400/6019, Loss: 0.1628 (Main: 0.0496, Margin: 0.0000, Binary: 0.5663)
  Batch 5500/6019, Loss: 0.1487 (Main: 0.0525, Margin: 0.0000, Binary: 0.4811)
  Batch 5600/6019, Loss: 0.1634 (Main: 0.0535, Margin: 0.0000, Binary: 0.5494)
  Batch 5700/6019, Loss: 0.1391 (Main: 0.0481, Margin: 0.0000, Binary: 0.4554)
  Batch 5800/6019, Loss: 0.1519 (Main: 0.0508, Margin: 0.0001, Binary: 0.5054)
  Batch 5900/6019, Loss: 0.1598 (Main: 0.0606, Margin: 0.0000, Binary: 0.4959)
  Batch 6000/6019, Loss: 0.2007 (Main: 0.0661, Margin: 0.0000, Binary: 0.6732)
  Avg Losses - Total: 0.1879, Main: 0.0690, Margin: 0.0001, Binary: 0.5946
Train Loss: 0.1879
Val Loss: 0.3431, Val Macro F1: 0.8262
Per-class F1 scores:
  Class 0: 0.9428 (confusable with 1)
  Class 1: 0.6796 (confusable with 0)
  Class 2: 0.8324 (confusable with 3)
  Class 3: 0.6221 (confusable with 2)
  Class 4: 0.9628
  Class 5: 0.9173
Current learning rate: 0.001000

============================================================
Epoch 37/50
============================================================
slurmstepd: error: *** JOB 4488035 ON gr025 CANCELLED AT 2026-01-21T22:04:05 DUE TO TIME LIMIT ***
