Using device: cuda
GPU: NVIDIA A100-SXM4-80GB
GPU Memory: 84.99 GB
Mode 0: Standard training
Checkpoint directory: model/STM/Conformer_Balanced_corpora_categories/standard/ckpt/2026-01-18_09-05

============================================================
Loading and preparing data...
============================================================
Loaded: /vast-ac8888/MusicSpeech-STM/STM_output/corpSTMnpy/BibleTTS-akuapem-twi_STMall.npy, shape: (23592, 2420)
Loaded: /vast-ac8888/MusicSpeech-STM/STM_output/corpSTMnpy/BibleTTS-asante-twi_STMall.npy, shape: (20768, 2420)
Loaded: /vast-ac8888/MusicSpeech-STM/STM_output/corpSTMnpy/BibleTTS-ewe_STMall.npy, shape: (22138, 2420)
Loaded: /vast-ac8888/MusicSpeech-STM/STM_output/corpSTMnpy/BibleTTS-hausa_STMall.npy, shape: (29002, 2420)
Loaded: /vast-ac8888/MusicSpeech-STM/STM_output/corpSTMnpy/BibleTTS-lingala_STMall.npy, shape: (11219, 2420)
Loaded: /vast-ac8888/MusicSpeech-STM/STM_output/corpSTMnpy/BibleTTS-yoruba_STMall.npy, shape: (6629, 2420)
Loaded: /vast-ac8888/MusicSpeech-STM/STM_output/corpSTMnpy/Buckeye_STMall.npy, shape: (255, 2420)
Loaded: /vast-ac8888/MusicSpeech-STM/STM_output/corpSTMnpy/EUROM_STMall.npy, shape: (6623, 2420)
Loaded: /vast-ac8888/MusicSpeech-STM/STM_output/corpSTMnpy/HiltonMoser2022_speech_STMall.npy, shape: (785, 2420)
Loaded: /vast-ac8888/MusicSpeech-STM/STM_output/corpSTMnpy/LibriSpeech_STMall.npy, shape: (27144, 2420)
Loaded: /vast-ac8888/MusicSpeech-STM/STM_output/corpSTMnpy/MediaSpeech-AR_STMall.npy, shape: (2505, 2420)
Loaded: /vast-ac8888/MusicSpeech-STM/STM_output/corpSTMnpy/MediaSpeech-ES_STMall.npy, shape: (2507, 2420)
Loaded: /vast-ac8888/MusicSpeech-STM/STM_output/corpSTMnpy/MediaSpeech-FR_STMall.npy, shape: (2498, 2420)
Loaded: /vast-ac8888/MusicSpeech-STM/STM_output/corpSTMnpy/MediaSpeech-TR_STMall.npy, shape: (2512, 2420)
Loaded: /vast-ac8888/MusicSpeech-STM/STM_output/corpSTMnpy/MozillaCommonVoice-ab_STMall.npy, shape: (7558, 2420)
Loaded: /vast-ac8888/MusicSpeech-STM/STM_output/corpSTMnpy/MozillaCommonVoice-ar_STMall.npy, shape: (8080, 2420)
Loaded: /vast-ac8888/MusicSpeech-STM/STM_output/corpSTMnpy/MozillaCommonVoice-ba_STMall.npy, shape: (7964, 2420)
Loaded: /vast-ac8888/MusicSpeech-STM/STM_output/corpSTMnpy/MozillaCommonVoice-be_STMall.npy, shape: (8595, 2420)
Loaded: /vast-ac8888/MusicSpeech-STM/STM_output/corpSTMnpy/MozillaCommonVoice-bg_STMall.npy, shape: (7130, 2420)
Loaded: /vast-ac8888/MusicSpeech-STM/STM_output/corpSTMnpy/MozillaCommonVoice-bn_STMall.npy, shape: (8149, 2420)
Loaded: /vast-ac8888/MusicSpeech-STM/STM_output/corpSTMnpy/MozillaCommonVoice-br_STMall.npy, shape: (1454, 2420)
Loaded: /vast-ac8888/MusicSpeech-STM/STM_output/corpSTMnpy/MozillaCommonVoice-ca_STMall.npy, shape: (8237, 2420)
Loaded: /vast-ac8888/MusicSpeech-STM/STM_output/corpSTMnpy/MozillaCommonVoice-ckb_STMall.npy, shape: (7490, 2420)
Loaded: /vast-ac8888/MusicSpeech-STM/STM_output/corpSTMnpy/MozillaCommonVoice-cnh_STMall.npy, shape: (656, 2420)
Loaded: /vast-ac8888/MusicSpeech-STM/STM_output/corpSTMnpy/MozillaCommonVoice-cs_STMall.npy, shape: (8622, 2420)
Loaded: /vast-ac8888/MusicSpeech-STM/STM_output/corpSTMnpy/MozillaCommonVoice-cv_STMall.npy, shape: (8755, 2420)
Loaded: /vast-ac8888/MusicSpeech-STM/STM_output/corpSTMnpy/MozillaCommonVoice-cy_STMall.npy, shape: (7640, 2420)
Loaded: /vast-ac8888/MusicSpeech-STM/STM_output/corpSTMnpy/MozillaCommonVoice-da_STMall.npy, shape: (3878, 2420)
Loaded: /vast-ac8888/MusicSpeech-STM/STM_output/corpSTMnpy/MozillaCommonVoice-de_STMall.npy, shape: (8979, 2420)
Loaded: /vast-ac8888/MusicSpeech-STM/STM_output/corpSTMnpy/MozillaCommonVoice-dv_STMall.npy, shape: (9113, 2420)
Loaded: /vast-ac8888/MusicSpeech-STM/STM_output/corpSTMnpy/MozillaCommonVoice-el_STMall.npy, shape: (6422, 2420)
Loaded: /vast-ac8888/MusicSpeech-STM/STM_output/corpSTMnpy/MozillaCommonVoice-en_STMall.npy, shape: (8607, 2420)
Loaded: /vast-ac8888/MusicSpeech-STM/STM_output/corpSTMnpy/MozillaCommonVoice-eo_STMall.npy, shape: (9327, 2420)
Loaded: /vast-ac8888/MusicSpeech-STM/STM_output/corpSTMnpy/MozillaCommonVoice-es_STMall.npy, shape: (8742, 2420)
Loaded: /vast-ac8888/MusicSpeech-STM/STM_output/corpSTMnpy/MozillaCommonVoice-et_STMall.npy, shape: (9653, 2420)
Loaded: /vast-ac8888/MusicSpeech-STM/STM_output/corpSTMnpy/MozillaCommonVoice-eu_STMall.npy, shape: (7983, 2420)
Loaded: /vast-ac8888/MusicSpeech-STM/STM_output/corpSTMnpy/MozillaCommonVoice-fa_STMall.npy, shape: (8629, 2420)
Loaded: /vast-ac8888/MusicSpeech-STM/STM_output/corpSTMnpy/MozillaCommonVoice-fi_STMall.npy, shape: (3982, 2420)
Loaded: /vast-ac8888/MusicSpeech-STM/STM_output/corpSTMnpy/MozillaCommonVoice-fr_STMall.npy, shape: (8912, 2420)
Loaded: /vast-ac8888/MusicSpeech-STM/STM_output/corpSTMnpy/MozillaCommonVoice-fy-NL_STMall.npy, shape: (6694, 2420)
Loaded: /vast-ac8888/MusicSpeech-STM/STM_output/corpSTMnpy/MozillaCommonVoice-ga-IE_STMall.npy, shape: (1323, 2420)
Loaded: /vast-ac8888/MusicSpeech-STM/STM_output/corpSTMnpy/MozillaCommonVoice-gl_STMall.npy, shape: (8623, 2420)
Loaded: /vast-ac8888/MusicSpeech-STM/STM_output/corpSTMnpy/MozillaCommonVoice-gn_STMall.npy, shape: (1014, 2420)
Loaded: /vast-ac8888/MusicSpeech-STM/STM_output/corpSTMnpy/MozillaCommonVoice-hi_STMall.npy, shape: (5438, 2420)
Loaded: /vast-ac8888/MusicSpeech-STM/STM_output/corpSTMnpy/MozillaCommonVoice-hu_STMall.npy, shape: (8319, 2420)
Loaded: /vast-ac8888/MusicSpeech-STM/STM_output/corpSTMnpy/MozillaCommonVoice-hy-AM_STMall.npy, shape: (6980, 2420)
Loaded: /vast-ac8888/MusicSpeech-STM/STM_output/corpSTMnpy/MozillaCommonVoice-id_STMall.npy, shape: (8468, 2420)
Loaded: /vast-ac8888/MusicSpeech-STM/STM_output/corpSTMnpy/MozillaCommonVoice-ig_STMall.npy, shape: (9, 2420)
Loaded: /vast-ac8888/MusicSpeech-STM/STM_output/corpSTMnpy/MozillaCommonVoice-it_STMall.npy, shape: (9083, 2420)
Loaded: /vast-ac8888/MusicSpeech-STM/STM_output/corpSTMnpy/MozillaCommonVoice-ja_STMall.npy, shape: (8606, 2420)
Loaded: /vast-ac8888/MusicSpeech-STM/STM_output/corpSTMnpy/MozillaCommonVoice-ka_STMall.npy, shape: (9409, 2420)
Loaded: /vast-ac8888/MusicSpeech-STM/STM_output/corpSTMnpy/MozillaCommonVoice-kab_STMall.npy, shape: (7172, 2420)
Loaded: /vast-ac8888/MusicSpeech-STM/STM_output/corpSTMnpy/MozillaCommonVoice-kk_STMall.npy, shape: (867, 2420)
Loaded: /vast-ac8888/MusicSpeech-STM/STM_output/corpSTMnpy/MozillaCommonVoice-kmr_STMall.npy, shape: (6603, 2420)
Loaded: /vast-ac8888/MusicSpeech-STM/STM_output/corpSTMnpy/MozillaCommonVoice-ky_STMall.npy, shape: (7998, 2420)
Loaded: /vast-ac8888/MusicSpeech-STM/STM_output/corpSTMnpy/MozillaCommonVoice-lg_STMall.npy, shape: (8169, 2420)
Loaded: /vast-ac8888/MusicSpeech-STM/STM_output/corpSTMnpy/MozillaCommonVoice-lt_STMall.npy, shape: (9073, 2420)
Loaded: /vast-ac8888/MusicSpeech-STM/STM_output/corpSTMnpy/MozillaCommonVoice-ltg_STMall.npy, shape: (2299, 2420)
Loaded: /vast-ac8888/MusicSpeech-STM/STM_output/corpSTMnpy/MozillaCommonVoice-lv_STMall.npy, shape: (7666, 2420)
Loaded: /vast-ac8888/MusicSpeech-STM/STM_output/corpSTMnpy/MozillaCommonVoice-mhr_STMall.npy, shape: (8336, 2420)
Loaded: /vast-ac8888/MusicSpeech-STM/STM_output/corpSTMnpy/MozillaCommonVoice-ml_STMall.npy, shape: (813, 2420)
Loaded: /vast-ac8888/MusicSpeech-STM/STM_output/corpSTMnpy/MozillaCommonVoice-mn_STMall.npy, shape: (5968, 2420)
Loaded: /vast-ac8888/MusicSpeech-STM/STM_output/corpSTMnpy/MozillaCommonVoice-mt_STMall.npy, shape: (3632, 2420)
Loaded: /vast-ac8888/MusicSpeech-STM/STM_output/corpSTMnpy/MozillaCommonVoice-nan-tw_STMall.npy, shape: (181, 2420)
Loaded: /vast-ac8888/MusicSpeech-STM/STM_output/corpSTMnpy/MozillaCommonVoice-nl_STMall.npy, shape: (8834, 2420)
Loaded: /vast-ac8888/MusicSpeech-STM/STM_output/corpSTMnpy/MozillaCommonVoice-oc_STMall.npy, shape: (681, 2420)
Loaded: /vast-ac8888/MusicSpeech-STM/STM_output/corpSTMnpy/MozillaCommonVoice-or_STMall.npy, shape: (1941, 2420)
Loaded: /vast-ac8888/MusicSpeech-STM/STM_output/corpSTMnpy/MozillaCommonVoice-pl_STMall.npy, shape: (8817, 2420)
Loaded: /vast-ac8888/MusicSpeech-STM/STM_output/corpSTMnpy/MozillaCommonVoice-pt_STMall.npy, shape: (8413, 2420)
Loaded: /vast-ac8888/MusicSpeech-STM/STM_output/corpSTMnpy/MozillaCommonVoice-ro_STMall.npy, shape: (6666, 2420)
Loaded: /vast-ac8888/MusicSpeech-STM/STM_output/corpSTMnpy/MozillaCommonVoice-ru_STMall.npy, shape: (9260, 2420)
Loaded: /vast-ac8888/MusicSpeech-STM/STM_output/corpSTMnpy/MozillaCommonVoice-rw_STMall.npy, shape: (9148, 2420)
Loaded: /vast-ac8888/MusicSpeech-STM/STM_output/corpSTMnpy/MozillaCommonVoice-sr_STMall.npy, shape: (391, 2420)
Loaded: /vast-ac8888/MusicSpeech-STM/STM_output/corpSTMnpy/MozillaCommonVoice-sv-SE_STMall.npy, shape: (8288, 2420)
Loaded: /vast-ac8888/MusicSpeech-STM/STM_output/corpSTMnpy/MozillaCommonVoice-sw_STMall.npy, shape: (9192, 2420)
Loaded: /vast-ac8888/MusicSpeech-STM/STM_output/corpSTMnpy/MozillaCommonVoice-ta_STMall.npy, shape: (9474, 2420)
Loaded: /vast-ac8888/MusicSpeech-STM/STM_output/corpSTMnpy/MozillaCommonVoice-th_STMall.npy, shape: (8044, 2420)
Loaded: /vast-ac8888/MusicSpeech-STM/STM_output/corpSTMnpy/MozillaCommonVoice-tr_STMall.npy, shape: (7953, 2420)
Loaded: /vast-ac8888/MusicSpeech-STM/STM_output/corpSTMnpy/MozillaCommonVoice-tt_STMall.npy, shape: (7454, 2420)
Loaded: /vast-ac8888/MusicSpeech-STM/STM_output/corpSTMnpy/MozillaCommonVoice-ug_STMall.npy, shape: (7899, 2420)
Loaded: /vast-ac8888/MusicSpeech-STM/STM_output/corpSTMnpy/MozillaCommonVoice-uk_STMall.npy, shape: (8819, 2420)
Loaded: /vast-ac8888/MusicSpeech-STM/STM_output/corpSTMnpy/MozillaCommonVoice-ur_STMall.npy, shape: (8970, 2420)
Loaded: /vast-ac8888/MusicSpeech-STM/STM_output/corpSTMnpy/MozillaCommonVoice-uz_STMall.npy, shape: (7911, 2420)
Loaded: /vast-ac8888/MusicSpeech-STM/STM_output/corpSTMnpy/MozillaCommonVoice-vi_STMall.npy, shape: (1859, 2420)
Loaded: /vast-ac8888/MusicSpeech-STM/STM_output/corpSTMnpy/MozillaCommonVoice-yo_STMall.npy, shape: (2511, 2420)
Loaded: /vast-ac8888/MusicSpeech-STM/STM_output/corpSTMnpy/MozillaCommonVoice-yue_STMall.npy, shape: (6156, 2420)
Loaded: /vast-ac8888/MusicSpeech-STM/STM_output/corpSTMnpy/MozillaCommonVoice-zh-CN_STMall.npy, shape: (8715, 2420)
Loaded: /vast-ac8888/MusicSpeech-STM/STM_output/corpSTMnpy/MozillaCommonVoice-zh-TW_STMall.npy, shape: (7286, 2420)
Loaded: /vast-ac8888/MusicSpeech-STM/STM_output/corpSTMnpy/SpeechClarity_STMall.npy, shape: (555, 2420)
Loaded: /vast-ac8888/MusicSpeech-STM/STM_output/corpSTMnpy/TAT-Vol2_STMall.npy, shape: (793, 2420)
Loaded: /vast-ac8888/MusicSpeech-STM/STM_output/corpSTMnpy/TIMIT_STMall.npy, shape: (479, 2420)
Loaded: /vast-ac8888/MusicSpeech-STM/STM_output/corpSTMnpy/TTS_Javanese_STMall.npy, shape: (3068, 2420)
Loaded: /vast-ac8888/MusicSpeech-STM/STM_output/corpSTMnpy/primewords_chinese_STMall.npy, shape: (47166, 2420)
Loaded: /vast-ac8888/MusicSpeech-STM/STM_output/corpSTMnpy/room_reader_STMall.npy, shape: (146, 2420)
Loaded: /vast-ac8888/MusicSpeech-STM/STM_output/corpSTMnpy/thchs30_STMall.npy, shape: (13327, 2420)
Loaded: /vast-ac8888/MusicSpeech-STM/STM_output/corpSTMnpy/zeroth_korean_STMall.npy, shape: (22255, 2420)
Loaded: /vast-ac8888/MusicSpeech-STM/STM_output/corpSTMnpy/Albouy2020Science_STMall.npy, shape: (123, 2420)
Loaded: /vast-ac8888/MusicSpeech-STM/STM_output/corpSTMnpy/GarlandEncyclopedia_STMall.npy, shape: (296, 2420)
Loaded: /vast-ac8888/MusicSpeech-STM/STM_output/corpSTMnpy/HiltonMoser2022_song_STMall.npy, shape: (803, 2420)
Loaded: /vast-ac8888/MusicSpeech-STM/STM_output/corpSTMnpy/IRMAS_STMall.npy, shape: (2838, 2420)
Loaded: /vast-ac8888/MusicSpeech-STM/STM_output/corpSTMnpy/MTG-Jamendo_STMall.npy, shape: (55699, 2420)
Loaded: /vast-ac8888/MusicSpeech-STM/STM_output/corpSTMnpy/MagnaTagATune_STMall.npy, shape: (25859, 2420)
Loaded: /vast-ac8888/MusicSpeech-STM/STM_output/corpSTMnpy/NHS2_STMall.npy, shape: (1007, 2420)
Loaded: /vast-ac8888/MusicSpeech-STM/STM_output/corpSTMnpy/fma_large_STMall.npy, shape: (106257, 2420)
Loaded: /vast-ac8888/MusicSpeech-STM/STM_output/corpSTMnpy/ismir04_genre_STMall.npy, shape: (2185, 2420)
Loaded: /vast-ac8888/MusicSpeech-STM/STM_output/corpSTMnpy/MacaulayLibrary_STMall.npy, shape: (34565, 2420)
Loaded: /vast-ac8888/MusicSpeech-STM/STM_output/corpSTMnpy/SONYC_STMall.npy, shape: (10798, 2420)
Total samples: 978378
Train samples: 770393
Val samples: 102010
Test samples: 105975
Feature dimension (flattened): 2420
Expected 2D shape: (20, 121)
Train dataset shape: torch.Size([770393, 20, 121])
Val dataset shape: torch.Size([102010, 20, 121])
Test dataset shape: torch.Size([105975, 20, 121])

DataLoaders created with batch_size=128

============================================================
Creating Balanced Conformer model...
============================================================
Total parameters: 1,555,270
Trainable parameters: 1,555,270
Class weights: [ 0.25810108  1.59982598  1.260134    2.39827475 13.40280097  4.64388706]
Class distribution: [497475  80258 101893  53538   9580  27649]

Starting balanced Conformer training for 50 epochs...
Starting from epoch 1

============================================================
Epoch 1/50
============================================================
  Batch 0/6019, Loss: 1.0897
  Batch 100/6019, Loss: 1.1309
  Batch 200/6019, Loss: 0.6560
  Batch 300/6019, Loss: 0.5312
  Batch 400/6019, Loss: 0.8365
  Batch 500/6019, Loss: 0.5316
  Batch 600/6019, Loss: 0.6954
  Batch 700/6019, Loss: 0.5068
  Batch 800/6019, Loss: 0.5620
  Batch 900/6019, Loss: 0.4369
  Batch 1000/6019, Loss: 0.4042
  Batch 1100/6019, Loss: 0.4840
  Batch 1200/6019, Loss: 0.5346
  Batch 1300/6019, Loss: 0.5742
  Batch 1400/6019, Loss: 0.6143
  Batch 1500/6019, Loss: 0.4535
  Batch 1600/6019, Loss: 0.4430
  Batch 1700/6019, Loss: 0.3870
  Batch 1800/6019, Loss: 0.6049
  Batch 1900/6019, Loss: 0.3749
  Batch 2000/6019, Loss: 0.5449
  Batch 2100/6019, Loss: 0.4124
  Batch 2200/6019, Loss: 0.5888
  Batch 2300/6019, Loss: 0.5735
  Batch 2400/6019, Loss: 0.4253
  Batch 2500/6019, Loss: 0.4499
  Batch 2600/6019, Loss: 0.4522
  Batch 2700/6019, Loss: 0.4391
  Batch 2800/6019, Loss: 0.4039
  Batch 2900/6019, Loss: 0.4450
  Batch 3000/6019, Loss: 0.4318
  Batch 3100/6019, Loss: 0.4702
  Batch 3200/6019, Loss: 0.6514
  Batch 3300/6019, Loss: 0.4088
  Batch 3400/6019, Loss: 0.5347
  Batch 3500/6019, Loss: 0.3968
  Batch 3600/6019, Loss: 0.4535
  Batch 3700/6019, Loss: 0.4797
  Batch 3800/6019, Loss: 0.4650
  Batch 3900/6019, Loss: 0.4751
  Batch 4000/6019, Loss: 0.3873
  Batch 4100/6019, Loss: 0.3983
  Batch 4200/6019, Loss: 0.5132
  Batch 4300/6019, Loss: 0.4148
  Batch 4400/6019, Loss: 0.3956
  Batch 4500/6019, Loss: 0.4783
  Batch 4600/6019, Loss: 0.5047
  Batch 4700/6019, Loss: 0.4452
  Batch 4800/6019, Loss: 0.5771
  Batch 4900/6019, Loss: 0.4725
  Batch 5000/6019, Loss: 0.5402
  Batch 5100/6019, Loss: 0.5097
  Batch 5200/6019, Loss: 0.4087
  Batch 5300/6019, Loss: 0.4187
  Batch 5400/6019, Loss: 0.3971
  Batch 5500/6019, Loss: 0.4460
  Batch 5600/6019, Loss: 0.4961
  Batch 5700/6019, Loss: 0.5504
  Batch 5800/6019, Loss: 0.4287
  Batch 5900/6019, Loss: 0.4675
  Batch 6000/6019, Loss: 0.4512
Train Loss: 0.4986
Val Loss: 0.8266, Val Macro F1: 0.6313
Per-class F1 scores:
  speech:non-tonal: 0.6285
  speech:tonal: 0.2648
  music:vocal: 0.8042
  music:non-vocal: 0.4143
  env:urban: 0.8367
  env:wildlife: 0.8393
Current learning rate: 0.000020
✓ Saved best model with Val F1: 0.6313

============================================================
Epoch 2/50
============================================================
  Batch 0/6019, Loss: 0.4000
  Batch 100/6019, Loss: 0.4070
  Batch 200/6019, Loss: 0.3947
  Batch 300/6019, Loss: 0.5219
  Batch 400/6019, Loss: 0.3826
  Batch 500/6019, Loss: 0.4294
  Batch 600/6019, Loss: 0.3450
  Batch 700/6019, Loss: 0.3231
  Batch 800/6019, Loss: 0.5278
  Batch 900/6019, Loss: 0.4307
  Batch 1000/6019, Loss: 0.4544
  Batch 1100/6019, Loss: 0.3630
  Batch 1200/6019, Loss: 0.4889
  Batch 1300/6019, Loss: 0.4171
  Batch 1400/6019, Loss: 0.4381
  Batch 1500/6019, Loss: 0.5392
  Batch 1600/6019, Loss: 0.4365
  Batch 1700/6019, Loss: 0.3649
  Batch 1800/6019, Loss: 0.4290
  Batch 1900/6019, Loss: 0.3826
  Batch 2000/6019, Loss: 0.3448
  Batch 2100/6019, Loss: 0.4907
  Batch 2200/6019, Loss: 0.4415
  Batch 2300/6019, Loss: 0.3363
  Batch 2400/6019, Loss: 0.5239
  Batch 2500/6019, Loss: 0.4049
  Batch 2600/6019, Loss: 0.4419
  Batch 2700/6019, Loss: 0.3319
  Batch 2800/6019, Loss: 0.3733
  Batch 2900/6019, Loss: 0.3731
  Batch 3000/6019, Loss: 0.4309
  Batch 3100/6019, Loss: 0.4127
  Batch 3200/6019, Loss: 0.4780
  Batch 3300/6019, Loss: 0.4304
  Batch 3400/6019, Loss: 0.3739
  Batch 3500/6019, Loss: 0.4934
  Batch 3600/6019, Loss: 0.3946
  Batch 3700/6019, Loss: 0.4215
  Batch 3800/6019, Loss: 0.4674
  Batch 3900/6019, Loss: 0.4343
  Batch 4000/6019, Loss: 0.5540
  Batch 4100/6019, Loss: 0.4631
  Batch 4200/6019, Loss: 0.5897
  Batch 4300/6019, Loss: 0.4834
  Batch 4400/6019, Loss: 0.4625
  Batch 4500/6019, Loss: 0.4390
  Batch 4600/6019, Loss: 0.5748
  Batch 4700/6019, Loss: 0.4182
  Batch 4800/6019, Loss: 0.3528
  Batch 4900/6019, Loss: 0.4202
  Batch 5000/6019, Loss: 0.4336
  Batch 5100/6019, Loss: 0.4513
  Batch 5200/6019, Loss: 0.4223
  Batch 5300/6019, Loss: 0.4324
  Batch 5400/6019, Loss: 0.4647
  Batch 5500/6019, Loss: 0.3927
  Batch 5600/6019, Loss: 0.4195
  Batch 5700/6019, Loss: 0.5720
  Batch 5800/6019, Loss: 0.4277
  Batch 5900/6019, Loss: 0.3863
  Batch 6000/6019, Loss: 0.4361
Train Loss: 0.4442
Val Loss: 0.8578, Val Macro F1: 0.4747
Per-class F1 scores:
  speech:non-tonal: 0.7431
  speech:tonal: 0.3286
  music:vocal: 0.7769
  music:non-vocal: 0.1351
  env:urban: 0.1586
  env:wildlife: 0.7061
Current learning rate: 0.000040

============================================================
Epoch 3/50
============================================================
  Batch 0/6019, Loss: 0.3575
  Batch 100/6019, Loss: 0.4147
  Batch 200/6019, Loss: 0.4473
  Batch 300/6019, Loss: 0.4276
  Batch 400/6019, Loss: 0.4362
  Batch 500/6019, Loss: 0.3533
  Batch 600/6019, Loss: 0.3677
  Batch 700/6019, Loss: 0.4941
  Batch 800/6019, Loss: 0.4278
  Batch 900/6019, Loss: 0.4240
  Batch 1000/6019, Loss: 0.4736
  Batch 1100/6019, Loss: 0.4713
  Batch 1200/6019, Loss: 0.5320
  Batch 1300/6019, Loss: 0.4630
  Batch 1400/6019, Loss: 0.5065
  Batch 1500/6019, Loss: 0.3149
  Batch 1600/6019, Loss: 0.3255
  Batch 1700/6019, Loss: 0.4005
  Batch 1800/6019, Loss: 0.4396
  Batch 1900/6019, Loss: 0.4209
  Batch 2000/6019, Loss: 0.3597
  Batch 2100/6019, Loss: 0.3495
  Batch 2200/6019, Loss: 0.4215
  Batch 2300/6019, Loss: 0.3712
  Batch 2400/6019, Loss: 0.3778
  Batch 2500/6019, Loss: 0.4163
  Batch 2600/6019, Loss: 0.4570
  Batch 2700/6019, Loss: 0.5735
  Batch 2800/6019, Loss: 0.3292
  Batch 2900/6019, Loss: 0.5347
  Batch 3000/6019, Loss: 0.3716
  Batch 3100/6019, Loss: 0.3994
  Batch 3200/6019, Loss: 0.4968
  Batch 3300/6019, Loss: 0.4680
  Batch 3400/6019, Loss: 0.4490
  Batch 3500/6019, Loss: 0.3896
  Batch 3600/6019, Loss: 0.4135
  Batch 3700/6019, Loss: 0.4079
  Batch 3800/6019, Loss: 0.5172
  Batch 3900/6019, Loss: 0.3894
  Batch 4000/6019, Loss: 0.5260
  Batch 4100/6019, Loss: 0.4116
  Batch 4200/6019, Loss: 0.4011
  Batch 4300/6019, Loss: 0.3629
  Batch 4400/6019, Loss: 0.5638
  Batch 4500/6019, Loss: 0.4620
  Batch 4600/6019, Loss: 0.4200
  Batch 4700/6019, Loss: 0.4249
  Batch 4800/6019, Loss: 0.4232
  Batch 4900/6019, Loss: 0.3931
  Batch 5000/6019, Loss: 0.3887
  Batch 5100/6019, Loss: 0.5031
  Batch 5200/6019, Loss: 0.4595
  Batch 5300/6019, Loss: 0.4074
  Batch 5400/6019, Loss: 0.3705
  Batch 5500/6019, Loss: 0.4880
  Batch 5600/6019, Loss: 0.3209
  Batch 5700/6019, Loss: 0.4605
  Batch 5800/6019, Loss: 0.4140
  Batch 5900/6019, Loss: 0.4378
  Batch 6000/6019, Loss: 0.4680
Train Loss: 0.4284
Val Loss: 0.7210, Val Macro F1: 0.5641
Per-class F1 scores:
  speech:non-tonal: 0.8768
  speech:tonal: 0.4517
  music:vocal: 0.7887
  music:non-vocal: 0.3022
  env:urban: 0.2101
  env:wildlife: 0.7549
Current learning rate: 0.000060

============================================================
Epoch 4/50
============================================================
  Batch 0/6019, Loss: 0.3158
  Batch 100/6019, Loss: 0.3665
  Batch 200/6019, Loss: 0.4080
  Batch 300/6019, Loss: 0.3160
  Batch 400/6019, Loss: 0.3962
  Batch 500/6019, Loss: 0.6083
  Batch 600/6019, Loss: 0.3474
  Batch 700/6019, Loss: 0.4565
  Batch 800/6019, Loss: 0.3239
  Batch 900/6019, Loss: 0.3449
  Batch 1000/6019, Loss: 0.3510
  Batch 1100/6019, Loss: 0.4153
  Batch 1200/6019, Loss: 0.5533
  Batch 1300/6019, Loss: 0.4093
  Batch 1400/6019, Loss: 0.4468
  Batch 1500/6019, Loss: 0.4172
  Batch 1600/6019, Loss: 0.4546
  Batch 1700/6019, Loss: 0.3986
  Batch 1800/6019, Loss: 0.3499
  Batch 1900/6019, Loss: 0.4241
  Batch 2000/6019, Loss: 0.4886
  Batch 2100/6019, Loss: 0.3981
  Batch 2200/6019, Loss: 0.3396
  Batch 2300/6019, Loss: 0.3744
  Batch 2400/6019, Loss: 0.3073
  Batch 2500/6019, Loss: 0.4369
  Batch 2600/6019, Loss: 0.5409
  Batch 2700/6019, Loss: 0.3969
  Batch 2800/6019, Loss: 0.3591
  Batch 2900/6019, Loss: 0.4560
  Batch 3000/6019, Loss: 0.4103
  Batch 3100/6019, Loss: 0.3972
  Batch 3200/6019, Loss: 0.3736
  Batch 3300/6019, Loss: 0.4749
  Batch 3400/6019, Loss: 0.4550
  Batch 3500/6019, Loss: 0.4389
  Batch 3600/6019, Loss: 0.3119
  Batch 3700/6019, Loss: 0.4252
  Batch 3800/6019, Loss: 0.3933
  Batch 3900/6019, Loss: 0.4209
  Batch 4000/6019, Loss: 0.3571
  Batch 4100/6019, Loss: 0.4173
  Batch 4200/6019, Loss: 0.4712
  Batch 4300/6019, Loss: 0.3783
  Batch 4400/6019, Loss: 0.3807
  Batch 4500/6019, Loss: 0.3795
  Batch 4600/6019, Loss: 0.4912
  Batch 4700/6019, Loss: 0.4118
  Batch 4800/6019, Loss: 0.4615
  Batch 4900/6019, Loss: 0.4091
  Batch 5000/6019, Loss: 0.4419
  Batch 5100/6019, Loss: 0.5238
  Batch 5200/6019, Loss: 0.4081
  Batch 5300/6019, Loss: 0.4021
  Batch 5400/6019, Loss: 0.3330
  Batch 5500/6019, Loss: 0.3653
  Batch 5600/6019, Loss: 0.4036
  Batch 5700/6019, Loss: 0.5053
  Batch 5800/6019, Loss: 0.3863
  Batch 5900/6019, Loss: 0.4722
  Batch 6000/6019, Loss: 0.4262
Train Loss: 0.4205
Val Loss: 0.8613, Val Macro F1: 0.5401
Per-class F1 scores:
  speech:non-tonal: 0.7522
  speech:tonal: 0.3532
  music:vocal: 0.7790
  music:non-vocal: 0.2118
  env:urban: 0.4351
  env:wildlife: 0.7094
Current learning rate: 0.000080

============================================================
Epoch 5/50
============================================================
  Batch 0/6019, Loss: 0.3800
  Batch 100/6019, Loss: 0.3404
  Batch 200/6019, Loss: 0.3247
  Batch 300/6019, Loss: 0.4253
  Batch 400/6019, Loss: 0.4130
  Batch 500/6019, Loss: 0.4406
  Batch 600/6019, Loss: 0.4102
  Batch 700/6019, Loss: 0.3555
  Batch 800/6019, Loss: 0.3868
  Batch 900/6019, Loss: 0.3222
  Batch 1000/6019, Loss: 0.4901
  Batch 1100/6019, Loss: 0.3980
  Batch 1200/6019, Loss: 0.3912
  Batch 1300/6019, Loss: 0.4011
  Batch 1400/6019, Loss: 0.4362
  Batch 1500/6019, Loss: 0.4011
  Batch 1600/6019, Loss: 0.4402
  Batch 1700/6019, Loss: 0.3263
  Batch 1800/6019, Loss: 0.3647
  Batch 1900/6019, Loss: 0.5451
  Batch 2000/6019, Loss: 0.3898
  Batch 2100/6019, Loss: 0.3962
  Batch 2200/6019, Loss: 0.3696
  Batch 2300/6019, Loss: 0.2674
  Batch 2400/6019, Loss: 0.3472
  Batch 2500/6019, Loss: 0.4214
  Batch 2600/6019, Loss: 0.4759
  Batch 2700/6019, Loss: 0.4097
  Batch 2800/6019, Loss: 0.3057
  Batch 2900/6019, Loss: 0.4741
  Batch 3000/6019, Loss: 0.4062
  Batch 3100/6019, Loss: 0.3824
  Batch 3200/6019, Loss: 0.4395
  Batch 3300/6019, Loss: 0.6201
  Batch 3400/6019, Loss: 0.3887
  Batch 3500/6019, Loss: 0.3681
  Batch 3600/6019, Loss: 0.5020
  Batch 3700/6019, Loss: 0.4128
  Batch 3800/6019, Loss: 0.3870
  Batch 3900/6019, Loss: 0.3451
  Batch 4000/6019, Loss: 0.5111
  Batch 4100/6019, Loss: 0.4205
  Batch 4200/6019, Loss: 0.4860
  Batch 4300/6019, Loss: 0.4714
  Batch 4400/6019, Loss: 0.3771
  Batch 4500/6019, Loss: 0.4158
  Batch 4600/6019, Loss: 0.2875
  Batch 4700/6019, Loss: 0.4405
  Batch 4800/6019, Loss: 0.6783
  Batch 4900/6019, Loss: 0.3232
  Batch 5000/6019, Loss: 0.3948
  Batch 5100/6019, Loss: 0.4838
  Batch 5200/6019, Loss: 0.3486
  Batch 5300/6019, Loss: 0.2986
  Batch 5400/6019, Loss: 0.4344
  Batch 5500/6019, Loss: 0.3730
  Batch 5600/6019, Loss: 0.5063
  Batch 5700/6019, Loss: 0.3289
  Batch 5800/6019, Loss: 0.4356
  Batch 5900/6019, Loss: 0.3927
  Batch 6000/6019, Loss: 0.5093
Train Loss: 0.4136
Val Loss: 0.7434, Val Macro F1: 0.6751
Per-class F1 scores:
  speech:non-tonal: 0.8306
  speech:tonal: 0.4367
  music:vocal: 0.8023
  music:non-vocal: 0.4695
  env:urban: 0.7312
  env:wildlife: 0.7803
Current learning rate: 0.000100
✓ Saved best model with Val F1: 0.6751
✓ Saved checkpoint at epoch 5

============================================================
Epoch 6/50
============================================================
  Batch 0/6019, Loss: 0.3880
  Batch 100/6019, Loss: 0.4013
  Batch 200/6019, Loss: 0.4839
  Batch 300/6019, Loss: 0.4055
  Batch 400/6019, Loss: 0.4045
  Batch 500/6019, Loss: 0.4254
  Batch 600/6019, Loss: 0.3432
  Batch 700/6019, Loss: 0.4322
  Batch 800/6019, Loss: 0.4315
  Batch 900/6019, Loss: 0.4123
  Batch 1000/6019, Loss: 0.3377
  Batch 1100/6019, Loss: 0.3892
  Batch 1200/6019, Loss: 0.4201
  Batch 1300/6019, Loss: 0.3503
  Batch 1400/6019, Loss: 0.3556
  Batch 1500/6019, Loss: 0.4662
  Batch 1600/6019, Loss: 0.3578
  Batch 1700/6019, Loss: 0.3482
  Batch 1800/6019, Loss: 0.4322
  Batch 1900/6019, Loss: 0.4189
  Batch 2000/6019, Loss: 0.3913
  Batch 2100/6019, Loss: 0.4581
  Batch 2200/6019, Loss: 0.4605
  Batch 2300/6019, Loss: 0.4567
  Batch 2400/6019, Loss: 0.3234
  Batch 2500/6019, Loss: 0.5180
  Batch 2600/6019, Loss: 0.4320
  Batch 2700/6019, Loss: 0.3247
  Batch 2800/6019, Loss: 0.4654
  Batch 2900/6019, Loss: 0.3282
  Batch 3000/6019, Loss: 0.4028
  Batch 3100/6019, Loss: 0.4150
  Batch 3200/6019, Loss: 0.3834
  Batch 3300/6019, Loss: 0.3521
  Batch 3400/6019, Loss: 0.3638
  Batch 3500/6019, Loss: 0.3467
  Batch 3600/6019, Loss: 0.4471
  Batch 3700/6019, Loss: 0.3346
  Batch 3800/6019, Loss: 0.3723
  Batch 3900/6019, Loss: 0.4516
  Batch 4000/6019, Loss: 0.4286
  Batch 4100/6019, Loss: 0.3645
  Batch 4200/6019, Loss: 0.4549
  Batch 4300/6019, Loss: 0.3991
  Batch 4400/6019, Loss: 0.4036
  Batch 4500/6019, Loss: 0.3435
  Batch 4600/6019, Loss: 0.6005
  Batch 4700/6019, Loss: 0.4650
  Batch 4800/6019, Loss: 0.4150
  Batch 4900/6019, Loss: 0.4073
  Batch 5000/6019, Loss: 0.4028
  Batch 5100/6019, Loss: 0.4932
  Batch 5200/6019, Loss: 0.3719
  Batch 5300/6019, Loss: 0.3596
  Batch 5400/6019, Loss: 0.4781
  Batch 5500/6019, Loss: 0.4099
  Batch 5600/6019, Loss: 0.3579
  Batch 5700/6019, Loss: 0.4633
  Batch 5800/6019, Loss: 0.4306
  Batch 5900/6019, Loss: 0.4023
  Batch 6000/6019, Loss: 0.3512
Train Loss: 0.4075
Val Loss: 0.6947, Val Macro F1: 0.7376
Per-class F1 scores:
  speech:non-tonal: 0.8843
  speech:tonal: 0.5418
  music:vocal: 0.7826
  music:non-vocal: 0.4981
  env:urban: 0.9048
  env:wildlife: 0.8141
Current learning rate: 0.000100
✓ Saved best model with Val F1: 0.7376

============================================================
Epoch 7/50
============================================================
  Batch 0/6019, Loss: 0.4360
  Batch 100/6019, Loss: 0.4094
  Batch 200/6019, Loss: 0.5537
  Batch 300/6019, Loss: 0.3677
  Batch 400/6019, Loss: 0.4510
  Batch 500/6019, Loss: 0.3886
  Batch 600/6019, Loss: 0.3321
  Batch 700/6019, Loss: 0.4642
  Batch 800/6019, Loss: 0.3903
  Batch 900/6019, Loss: 0.3391
  Batch 1000/6019, Loss: 0.4440
  Batch 1100/6019, Loss: 0.4391
  Batch 1200/6019, Loss: 0.2915
  Batch 1300/6019, Loss: 0.3462
  Batch 1400/6019, Loss: 0.4871
  Batch 1500/6019, Loss: 0.4014
  Batch 1600/6019, Loss: 0.3410
  Batch 1700/6019, Loss: 0.4186
  Batch 1800/6019, Loss: 0.4364
  Batch 1900/6019, Loss: 0.5285
  Batch 2000/6019, Loss: 0.5201
  Batch 2100/6019, Loss: 0.3819
  Batch 2200/6019, Loss: 0.3830
  Batch 2300/6019, Loss: 0.4725
  Batch 2400/6019, Loss: 0.3545
  Batch 2500/6019, Loss: 0.4020
  Batch 2600/6019, Loss: 0.4079
  Batch 2700/6019, Loss: 0.3749
  Batch 2800/6019, Loss: 0.3204
  Batch 2900/6019, Loss: 0.3832
  Batch 3000/6019, Loss: 0.3492
  Batch 3100/6019, Loss: 0.4853
  Batch 3200/6019, Loss: 0.4649
  Batch 3300/6019, Loss: 0.3232
  Batch 3400/6019, Loss: 0.5263
  Batch 3500/6019, Loss: 0.3508
  Batch 3600/6019, Loss: 0.4641
  Batch 3700/6019, Loss: 0.3880
  Batch 3800/6019, Loss: 0.3945
  Batch 3900/6019, Loss: 0.4527
  Batch 4000/6019, Loss: 0.4148
  Batch 4100/6019, Loss: 0.3812
  Batch 4200/6019, Loss: 0.4355
  Batch 4300/6019, Loss: 0.3831
  Batch 4400/6019, Loss: 0.4677
  Batch 4500/6019, Loss: 0.3964
  Batch 4600/6019, Loss: 0.4221
  Batch 4700/6019, Loss: 0.3163
  Batch 4800/6019, Loss: 0.4040
  Batch 4900/6019, Loss: 0.3332
  Batch 5000/6019, Loss: 0.4103
  Batch 5100/6019, Loss: 0.3670
  Batch 5200/6019, Loss: 0.4614
  Batch 5300/6019, Loss: 0.3335
  Batch 5400/6019, Loss: 0.4002
  Batch 5500/6019, Loss: 0.3539
  Batch 5600/6019, Loss: 0.3801
  Batch 5700/6019, Loss: 0.3709
  Batch 5800/6019, Loss: 0.3537
  Batch 5900/6019, Loss: 0.3331
  Batch 6000/6019, Loss: 0.4091
Train Loss: 0.4037
Val Loss: 0.7066, Val Macro F1: 0.6998
Per-class F1 scores:
  speech:non-tonal: 0.8639
  speech:tonal: 0.4972
  music:vocal: 0.7909
  music:non-vocal: 0.4944
  env:urban: 0.7756
  env:wildlife: 0.7766
Current learning rate: 0.000100

============================================================
Epoch 8/50
============================================================
  Batch 0/6019, Loss: 0.3985
  Batch 100/6019, Loss: 0.3458
  Batch 200/6019, Loss: 0.3269
  Batch 300/6019, Loss: 0.4848
  Batch 400/6019, Loss: 0.4659
  Batch 500/6019, Loss: 0.4857
  Batch 600/6019, Loss: 0.4267
  Batch 700/6019, Loss: 0.4684
  Batch 800/6019, Loss: 0.3552
  Batch 900/6019, Loss: 0.4451
  Batch 1000/6019, Loss: 0.4182
  Batch 1100/6019, Loss: 0.3988
  Batch 1200/6019, Loss: 0.3255
  Batch 1300/6019, Loss: 0.3635
  Batch 1400/6019, Loss: 0.4827
  Batch 1500/6019, Loss: 0.4834
  Batch 1600/6019, Loss: 0.5107
  Batch 1700/6019, Loss: 0.4067
  Batch 1800/6019, Loss: 0.4129
  Batch 1900/6019, Loss: 0.3626
  Batch 2000/6019, Loss: 0.3907
  Batch 2100/6019, Loss: 0.4797
  Batch 2200/6019, Loss: 0.4157
  Batch 2300/6019, Loss: 0.3249
  Batch 2400/6019, Loss: 0.3670
  Batch 2500/6019, Loss: 0.3405
  Batch 2600/6019, Loss: 0.3803
  Batch 2700/6019, Loss: 0.4057
  Batch 2800/6019, Loss: 0.3963
  Batch 2900/6019, Loss: 0.4347
  Batch 3000/6019, Loss: 0.3260
  Batch 3100/6019, Loss: 0.6569
  Batch 3200/6019, Loss: 0.3424
  Batch 3300/6019, Loss: 0.3741
  Batch 3400/6019, Loss: 0.3394
  Batch 3500/6019, Loss: 0.3148
  Batch 3600/6019, Loss: 0.4237
  Batch 3700/6019, Loss: 0.5133
  Batch 3800/6019, Loss: 0.3750
  Batch 3900/6019, Loss: 0.4795
  Batch 4000/6019, Loss: 0.4102
  Batch 4100/6019, Loss: 0.5226
  Batch 4200/6019, Loss: 0.4234
  Batch 4300/6019, Loss: 0.4179
  Batch 4400/6019, Loss: 0.4611
  Batch 4500/6019, Loss: 0.3651
  Batch 4600/6019, Loss: 0.4764
  Batch 4700/6019, Loss: 0.4104
  Batch 4800/6019, Loss: 0.4559
  Batch 4900/6019, Loss: 0.4452
  Batch 5000/6019, Loss: 0.4164
  Batch 5100/6019, Loss: 0.3414
  Batch 5200/6019, Loss: 0.3888
  Batch 5300/6019, Loss: 0.5883
  Batch 5400/6019, Loss: 0.4313
  Batch 5500/6019, Loss: 0.3854
  Batch 5600/6019, Loss: 0.2969
  Batch 5700/6019, Loss: 0.4481
  Batch 5800/6019, Loss: 0.3457
  Batch 5900/6019, Loss: 0.3686
  Batch 6000/6019, Loss: 0.4271
Train Loss: 0.4002
Val Loss: 0.6760, Val Macro F1: 0.6422
Per-class F1 scores:
  speech:non-tonal: 0.9013
  speech:tonal: 0.5642
  music:vocal: 0.7734
  music:non-vocal: 0.3741
  env:urban: 0.4968
  env:wildlife: 0.7436
Current learning rate: 0.000100

============================================================
Epoch 9/50
============================================================
  Batch 0/6019, Loss: 0.4022
  Batch 100/6019, Loss: 0.4795
  Batch 200/6019, Loss: 0.5353
  Batch 300/6019, Loss: 0.3087
  Batch 400/6019, Loss: 0.5019
  Batch 500/6019, Loss: 0.3787
  Batch 600/6019, Loss: 0.4309
  Batch 700/6019, Loss: 0.3315
  Batch 800/6019, Loss: 0.3808
  Batch 900/6019, Loss: 0.4254
  Batch 1000/6019, Loss: 0.2950
  Batch 1100/6019, Loss: 0.4129
  Batch 1200/6019, Loss: 0.4170
  Batch 1300/6019, Loss: 0.4319
  Batch 1400/6019, Loss: 0.3530
  Batch 1500/6019, Loss: 0.4068
  Batch 1600/6019, Loss: 0.3981
  Batch 1700/6019, Loss: 0.5221
  Batch 1800/6019, Loss: 0.3038
  Batch 1900/6019, Loss: 0.3659
  Batch 2000/6019, Loss: 0.3772
  Batch 2100/6019, Loss: 0.3363
  Batch 2200/6019, Loss: 0.4274
  Batch 2300/6019, Loss: 0.3495
  Batch 2400/6019, Loss: 0.3448
  Batch 2500/6019, Loss: 0.3725
  Batch 2600/6019, Loss: 0.4346
  Batch 2700/6019, Loss: 0.3446
  Batch 2800/6019, Loss: 0.3434
  Batch 2900/6019, Loss: 0.3387
  Batch 3000/6019, Loss: 0.3979
  Batch 3100/6019, Loss: 0.4529
  Batch 3200/6019, Loss: 0.3802
  Batch 3300/6019, Loss: 0.3977
  Batch 3400/6019, Loss: 0.4091
  Batch 3500/6019, Loss: 0.3452
  Batch 3600/6019, Loss: 0.3789
  Batch 3700/6019, Loss: 0.4243
  Batch 3800/6019, Loss: 0.4952
  Batch 3900/6019, Loss: 0.3738
  Batch 4000/6019, Loss: 0.3796
  Batch 4100/6019, Loss: 0.4018
  Batch 4200/6019, Loss: 0.4397
  Batch 4300/6019, Loss: 0.3512
  Batch 4400/6019, Loss: 0.4394
  Batch 4500/6019, Loss: 0.3647
  Batch 4600/6019, Loss: 0.3035
  Batch 4700/6019, Loss: 0.3509
  Batch 4800/6019, Loss: 0.4728
  Batch 4900/6019, Loss: 0.3565
  Batch 5000/6019, Loss: 0.3061
  Batch 5100/6019, Loss: 0.3728
  Batch 5200/6019, Loss: 0.4138
  Batch 5300/6019, Loss: 0.4507
  Batch 5400/6019, Loss: 0.3141
  Batch 5500/6019, Loss: 0.3922
  Batch 5600/6019, Loss: 0.4213
  Batch 5700/6019, Loss: 0.3960
  Batch 5800/6019, Loss: 0.4036
  Batch 5900/6019, Loss: 0.4194
  Batch 6000/6019, Loss: 0.3675
Train Loss: 0.3972
Val Loss: 0.6908, Val Macro F1: 0.6638
Per-class F1 scores:
  speech:non-tonal: 0.8956
  speech:tonal: 0.5469
  music:vocal: 0.7820
  music:non-vocal: 0.3271
  env:urban: 0.6932
  env:wildlife: 0.7380
Current learning rate: 0.000100

============================================================
Epoch 10/50
============================================================
  Batch 0/6019, Loss: 0.3487
  Batch 100/6019, Loss: 0.3228
  Batch 200/6019, Loss: 0.3235
  Batch 300/6019, Loss: 0.4419
  Batch 400/6019, Loss: 0.3426
  Batch 500/6019, Loss: 0.4019
  Batch 600/6019, Loss: 0.3079
  Batch 700/6019, Loss: 0.4602
  Batch 800/6019, Loss: 0.3555
  Batch 900/6019, Loss: 0.4093
  Batch 1000/6019, Loss: 0.4132
  Batch 1100/6019, Loss: 0.3456
  Batch 1200/6019, Loss: 0.5071
  Batch 1300/6019, Loss: 0.4455
  Batch 1400/6019, Loss: 0.3074
  Batch 1500/6019, Loss: 0.4556
  Batch 1600/6019, Loss: 0.4378
  Batch 1700/6019, Loss: 0.3475
  Batch 1800/6019, Loss: 0.4880
  Batch 1900/6019, Loss: 0.3401
  Batch 2000/6019, Loss: 0.5252
  Batch 2100/6019, Loss: 0.3833
  Batch 2200/6019, Loss: 0.3493
  Batch 2300/6019, Loss: 0.4601
  Batch 2400/6019, Loss: 0.3008
  Batch 2500/6019, Loss: 0.4242
  Batch 2600/6019, Loss: 0.4749
  Batch 2700/6019, Loss: 0.3949
  Batch 2800/6019, Loss: 0.4487
  Batch 2900/6019, Loss: 0.4201
  Batch 3000/6019, Loss: 0.4454
  Batch 3100/6019, Loss: 0.4946
  Batch 3200/6019, Loss: 0.4254
  Batch 3300/6019, Loss: 0.4012
  Batch 3400/6019, Loss: 0.4131
  Batch 3500/6019, Loss: 0.6840
  Batch 3600/6019, Loss: 0.4149
  Batch 3700/6019, Loss: 0.3385
  Batch 3800/6019, Loss: 0.3697
  Batch 3900/6019, Loss: 0.4014
  Batch 4000/6019, Loss: 0.4213
  Batch 4100/6019, Loss: 0.4161
  Batch 4200/6019, Loss: 0.4847
  Batch 4300/6019, Loss: 0.4098
  Batch 4400/6019, Loss: 0.3903
  Batch 4500/6019, Loss: 0.4797
  Batch 4600/6019, Loss: 0.3437
  Batch 4700/6019, Loss: 0.2855
  Batch 4800/6019, Loss: 0.3384
  Batch 4900/6019, Loss: 0.4026
  Batch 5000/6019, Loss: 0.3080
  Batch 5100/6019, Loss: 0.4437
  Batch 5200/6019, Loss: 0.4214
  Batch 5300/6019, Loss: 0.3709
  Batch 5400/6019, Loss: 0.3402
  Batch 5500/6019, Loss: 0.3930
  Batch 5600/6019, Loss: 0.3821
  Batch 5700/6019, Loss: 0.4643
  Batch 5800/6019, Loss: 0.3301
  Batch 5900/6019, Loss: 0.3577
  Batch 6000/6019, Loss: 0.3989
Train Loss: 0.3950
Val Loss: 0.6542, Val Macro F1: 0.7271
Per-class F1 scores:
  speech:non-tonal: 0.8883
  speech:tonal: 0.5500
  music:vocal: 0.8098
  music:non-vocal: 0.5206
  env:urban: 0.7568
  env:wildlife: 0.8372
Current learning rate: 0.000100
✓ Saved checkpoint at epoch 10

============================================================
Epoch 11/50
============================================================
  Batch 0/6019, Loss: 0.3748
  Batch 100/6019, Loss: 0.4610
  Batch 200/6019, Loss: 0.4456
  Batch 300/6019, Loss: 0.3352
  Batch 400/6019, Loss: 0.3753
  Batch 500/6019, Loss: 0.3915
  Batch 600/6019, Loss: 0.3483
  Batch 700/6019, Loss: 0.4052
  Batch 800/6019, Loss: 0.4043
  Batch 900/6019, Loss: 0.3233
  Batch 1000/6019, Loss: 0.3795
  Batch 1100/6019, Loss: 0.2709
  Batch 1200/6019, Loss: 0.3868
  Batch 1300/6019, Loss: 0.3217
  Batch 1400/6019, Loss: 0.3441
  Batch 1500/6019, Loss: 0.3483
  Batch 1600/6019, Loss: 0.3958
  Batch 1700/6019, Loss: 0.3366
  Batch 1800/6019, Loss: 0.4091
  Batch 1900/6019, Loss: 0.3753
  Batch 2000/6019, Loss: 0.4068
  Batch 2100/6019, Loss: 0.3988
  Batch 2200/6019, Loss: 0.5176
  Batch 2300/6019, Loss: 0.4048
  Batch 2400/6019, Loss: 0.3556
  Batch 2500/6019, Loss: 0.3884
  Batch 2600/6019, Loss: 0.4196
  Batch 2700/6019, Loss: 0.3322
  Batch 2800/6019, Loss: 0.4099
  Batch 2900/6019, Loss: 0.3564
  Batch 3000/6019, Loss: 0.3548
  Batch 3100/6019, Loss: 0.3976
  Batch 3200/6019, Loss: 0.3950
  Batch 3300/6019, Loss: 0.3698
  Batch 3400/6019, Loss: 0.4265
  Batch 3500/6019, Loss: 0.3880
  Batch 3600/6019, Loss: 0.2893
  Batch 3700/6019, Loss: 0.5113
  Batch 3800/6019, Loss: 0.4328
  Batch 3900/6019, Loss: 0.3332
  Batch 4000/6019, Loss: 0.3472
  Batch 4100/6019, Loss: 0.4903
  Batch 4200/6019, Loss: 0.3764
  Batch 4300/6019, Loss: 0.3950
  Batch 4400/6019, Loss: 0.3965
  Batch 4500/6019, Loss: 0.3993
  Batch 4600/6019, Loss: 0.3866
  Batch 4700/6019, Loss: 0.3591
  Batch 4800/6019, Loss: 0.4363
  Batch 4900/6019, Loss: 0.4077
  Batch 5000/6019, Loss: 0.3272
  Batch 5100/6019, Loss: 0.2802
  Batch 5200/6019, Loss: 0.3980
  Batch 5300/6019, Loss: 0.4437
  Batch 5400/6019, Loss: 0.3917
  Batch 5500/6019, Loss: 0.3844
  Batch 5600/6019, Loss: 0.3355
  Batch 5700/6019, Loss: 0.3698
  Batch 5800/6019, Loss: 0.4982
  Batch 5900/6019, Loss: 0.3272
  Batch 6000/6019, Loss: 0.4546
Train Loss: 0.3890
Val Loss: 0.6543, Val Macro F1: 0.6432
Per-class F1 scores:
  speech:non-tonal: 0.9185
  speech:tonal: 0.5814
  music:vocal: 0.7970
  music:non-vocal: 0.2586
  env:urban: 0.5116
  env:wildlife: 0.7920
Current learning rate: 0.000050

============================================================
Epoch 12/50
============================================================
  Batch 0/6019, Loss: 0.3790
  Batch 100/6019, Loss: 0.3863
  Batch 200/6019, Loss: 0.4552
  Batch 300/6019, Loss: 0.3600
  Batch 400/6019, Loss: 0.3477
  Batch 500/6019, Loss: 0.4628
  Batch 600/6019, Loss: 0.3802
  Batch 700/6019, Loss: 0.4196
  Batch 800/6019, Loss: 0.4665
  Batch 900/6019, Loss: 0.3520
  Batch 1000/6019, Loss: 0.3771
  Batch 1100/6019, Loss: 0.3688
  Batch 1200/6019, Loss: 0.3161
  Batch 1300/6019, Loss: 0.4904
  Batch 1400/6019, Loss: 0.4170
  Batch 1500/6019, Loss: 0.4260
  Batch 1600/6019, Loss: 0.4134
  Batch 1700/6019, Loss: 0.4068
  Batch 1800/6019, Loss: 0.3842
  Batch 1900/6019, Loss: 0.3382
  Batch 2000/6019, Loss: 0.4169
  Batch 2100/6019, Loss: 0.3758
  Batch 2200/6019, Loss: 0.3902
  Batch 2300/6019, Loss: 0.3994
  Batch 2400/6019, Loss: 0.5363
  Batch 2500/6019, Loss: 0.3718
  Batch 2600/6019, Loss: 0.3115
  Batch 2700/6019, Loss: 0.3398
  Batch 2800/6019, Loss: 0.3583
  Batch 2900/6019, Loss: 0.4346
  Batch 3000/6019, Loss: 0.4168
  Batch 3100/6019, Loss: 0.4845
  Batch 3200/6019, Loss: 0.3437
  Batch 3300/6019, Loss: 0.4064
  Batch 3400/6019, Loss: 0.4009
  Batch 3500/6019, Loss: 0.3926
  Batch 3600/6019, Loss: 0.3753
  Batch 3700/6019, Loss: 0.3804
  Batch 3800/6019, Loss: 0.3164
  Batch 3900/6019, Loss: 0.2840
  Batch 4000/6019, Loss: 0.3991
  Batch 4100/6019, Loss: 0.4113
  Batch 4200/6019, Loss: 0.5708
  Batch 4300/6019, Loss: 0.3768
  Batch 4400/6019, Loss: 0.4601
  Batch 4500/6019, Loss: 0.3943
  Batch 4600/6019, Loss: 0.3239
  Batch 4700/6019, Loss: 0.4283
  Batch 4800/6019, Loss: 0.2880
  Batch 4900/6019, Loss: 0.3483
  Batch 5000/6019, Loss: 0.3812
  Batch 5100/6019, Loss: 0.3798
  Batch 5200/6019, Loss: 0.4280
  Batch 5300/6019, Loss: 0.4439
  Batch 5400/6019, Loss: 0.3085
  Batch 5500/6019, Loss: 0.3410
  Batch 5600/6019, Loss: 0.4092
  Batch 5700/6019, Loss: 0.3841
  Batch 5800/6019, Loss: 0.4033
  Batch 5900/6019, Loss: 0.4612
  Batch 6000/6019, Loss: 0.4153
Train Loss: 0.3871
Val Loss: 0.6729, Val Macro F1: 0.7442
Per-class F1 scores:
  speech:non-tonal: 0.8735
  speech:tonal: 0.5151
  music:vocal: 0.8181
  music:non-vocal: 0.5373
  env:urban: 0.8645
  env:wildlife: 0.8570
Current learning rate: 0.000050
✓ Saved best model with Val F1: 0.7442

============================================================
Epoch 13/50
============================================================
  Batch 0/6019, Loss: 0.4068
  Batch 100/6019, Loss: 0.3151
  Batch 200/6019, Loss: 0.4115
  Batch 300/6019, Loss: 0.3056
  Batch 400/6019, Loss: 0.3770
  Batch 500/6019, Loss: 0.3872
  Batch 600/6019, Loss: 0.4492
  Batch 700/6019, Loss: 0.3253
  Batch 800/6019, Loss: 0.3981
  Batch 900/6019, Loss: 0.4488
  Batch 1000/6019, Loss: 0.4188
  Batch 1100/6019, Loss: 0.3699
  Batch 1200/6019, Loss: 0.4411
  Batch 1300/6019, Loss: 0.3285
  Batch 1400/6019, Loss: 0.3620
  Batch 1500/6019, Loss: 0.5651
  Batch 1600/6019, Loss: 0.3891
  Batch 1700/6019, Loss: 0.3714
  Batch 1800/6019, Loss: 0.2935
  Batch 1900/6019, Loss: 0.3533
  Batch 2000/6019, Loss: 0.3390
  Batch 2100/6019, Loss: 0.3719
  Batch 2200/6019, Loss: 0.5636
  Batch 2300/6019, Loss: 0.4666
  Batch 2400/6019, Loss: 0.3306
  Batch 2500/6019, Loss: 0.3432
  Batch 2600/6019, Loss: 0.4202
  Batch 2700/6019, Loss: 0.3947
  Batch 2800/6019, Loss: 0.4182
  Batch 2900/6019, Loss: 0.3888
  Batch 3000/6019, Loss: 0.3273
  Batch 3100/6019, Loss: 0.3607
  Batch 3200/6019, Loss: 0.3700
  Batch 3300/6019, Loss: 0.3135
  Batch 3400/6019, Loss: 0.3409
  Batch 3500/6019, Loss: 0.3373
  Batch 3600/6019, Loss: 0.4408
  Batch 3700/6019, Loss: 0.3586
  Batch 3800/6019, Loss: 0.3772
  Batch 3900/6019, Loss: 0.4195
  Batch 4000/6019, Loss: 0.3174
  Batch 4100/6019, Loss: 0.4444
  Batch 4200/6019, Loss: 0.3683
  Batch 4300/6019, Loss: 0.5112
  Batch 4400/6019, Loss: 0.4445
  Batch 4500/6019, Loss: 0.4443
  Batch 4600/6019, Loss: 0.4343
  Batch 4700/6019, Loss: 0.4139
  Batch 4800/6019, Loss: 0.3782
  Batch 4900/6019, Loss: 0.3513
  Batch 5000/6019, Loss: 0.3062
  Batch 5100/6019, Loss: 0.3679
  Batch 5200/6019, Loss: 0.4201
  Batch 5300/6019, Loss: 0.3944
  Batch 5400/6019, Loss: 0.3432
  Batch 5500/6019, Loss: 0.3902
  Batch 5600/6019, Loss: 0.2811
  Batch 5700/6019, Loss: 0.4062
  Batch 5800/6019, Loss: 0.3562
  Batch 5900/6019, Loss: 0.3651
  Batch 6000/6019, Loss: 0.3388
Train Loss: 0.3859
Val Loss: 0.6724, Val Macro F1: 0.6886
Per-class F1 scores:
  speech:non-tonal: 0.8874
  speech:tonal: 0.5467
  music:vocal: 0.8034
  music:non-vocal: 0.3877
  env:urban: 0.6810
  env:wildlife: 0.8252
Current learning rate: 0.000050

============================================================
Epoch 14/50
============================================================
  Batch 0/6019, Loss: 0.3284
  Batch 100/6019, Loss: 0.3684
  Batch 200/6019, Loss: 0.3672
  Batch 300/6019, Loss: 0.3782
  Batch 400/6019, Loss: 0.4396
  Batch 500/6019, Loss: 0.3590
  Batch 600/6019, Loss: 0.3586
  Batch 700/6019, Loss: 0.4084
  Batch 800/6019, Loss: 0.3979
  Batch 900/6019, Loss: 0.3666
  Batch 1000/6019, Loss: 0.3960
  Batch 1100/6019, Loss: 0.4587
  Batch 1200/6019, Loss: 0.3813
  Batch 1300/6019, Loss: 0.4344
  Batch 1400/6019, Loss: 0.4017
  Batch 1500/6019, Loss: 0.4276
  Batch 1600/6019, Loss: 0.4032
  Batch 1700/6019, Loss: 0.4342
  Batch 1800/6019, Loss: 0.4070
  Batch 1900/6019, Loss: 0.3368
  Batch 2000/6019, Loss: 0.3754
  Batch 2100/6019, Loss: 0.4040
  Batch 2200/6019, Loss: 0.3655
  Batch 2300/6019, Loss: 0.4079
  Batch 2400/6019, Loss: 0.4431
  Batch 2500/6019, Loss: 0.4506
  Batch 2600/6019, Loss: 0.4369
  Batch 2700/6019, Loss: 0.4627
  Batch 2800/6019, Loss: 0.4399
  Batch 2900/6019, Loss: 0.3844
  Batch 3000/6019, Loss: 0.4131
  Batch 3100/6019, Loss: 0.4081
  Batch 3200/6019, Loss: 0.4291
  Batch 3300/6019, Loss: 0.3426
  Batch 3400/6019, Loss: 0.3712
  Batch 3500/6019, Loss: 0.3565
  Batch 3600/6019, Loss: 0.3221
  Batch 3700/6019, Loss: 0.3340
  Batch 3800/6019, Loss: 0.3266
  Batch 3900/6019, Loss: 0.3780
  Batch 4000/6019, Loss: 0.3595
  Batch 4100/6019, Loss: 0.3851
  Batch 4200/6019, Loss: 0.4286
  Batch 4300/6019, Loss: 0.3526
  Batch 4400/6019, Loss: 0.3482
  Batch 4500/6019, Loss: 0.4388
  Batch 4600/6019, Loss: 0.4132
  Batch 4700/6019, Loss: 0.3801
  Batch 4800/6019, Loss: 0.3601
  Batch 4900/6019, Loss: 0.3330
  Batch 5000/6019, Loss: 0.3406
  Batch 5100/6019, Loss: 0.3344
  Batch 5200/6019, Loss: 0.4232
  Batch 5300/6019, Loss: 0.4516
  Batch 5400/6019, Loss: 0.3968
  Batch 5500/6019, Loss: 0.4067
  Batch 5600/6019, Loss: 0.3735
  Batch 5700/6019, Loss: 0.4581
  Batch 5800/6019, Loss: 0.3857
  Batch 5900/6019, Loss: 0.4230
  Batch 6000/6019, Loss: 0.4098
Train Loss: 0.3850
Val Loss: 0.6065, Val Macro F1: 0.7616
Per-class F1 scores:
  speech:non-tonal: 0.9257
  speech:tonal: 0.6204
  music:vocal: 0.8159
  music:non-vocal: 0.5189
  env:urban: 0.8432
  env:wildlife: 0.8454
Current learning rate: 0.000050
✓ Saved best model with Val F1: 0.7616

============================================================
Epoch 15/50
============================================================
  Batch 0/6019, Loss: 0.3121
  Batch 100/6019, Loss: 0.3781
  Batch 200/6019, Loss: 0.4090
  Batch 300/6019, Loss: 0.3374
  Batch 400/6019, Loss: 0.3033
  Batch 500/6019, Loss: 0.4887
  Batch 600/6019, Loss: 0.3823
  Batch 700/6019, Loss: 0.3061
  Batch 800/6019, Loss: 0.3700
  Batch 900/6019, Loss: 0.3131
  Batch 1000/6019, Loss: 0.3861
  Batch 1100/6019, Loss: 0.3857
  Batch 1200/6019, Loss: 0.3192
  Batch 1300/6019, Loss: 0.3951
  Batch 1400/6019, Loss: 0.3710
  Batch 1500/6019, Loss: 0.4251
  Batch 1600/6019, Loss: 0.3652
  Batch 1700/6019, Loss: 0.3617
  Batch 1800/6019, Loss: 0.4285
  Batch 1900/6019, Loss: 0.3219
  Batch 2000/6019, Loss: 0.2867
  Batch 2100/6019, Loss: 0.3656
  Batch 2200/6019, Loss: 0.2934
  Batch 2300/6019, Loss: 0.3515
  Batch 2400/6019, Loss: 0.3765
  Batch 2500/6019, Loss: 0.4604
  Batch 2600/6019, Loss: 0.4503
  Batch 2700/6019, Loss: 0.4672
  Batch 2800/6019, Loss: 0.3684
  Batch 2900/6019, Loss: 0.3608
  Batch 3000/6019, Loss: 0.3805
  Batch 3100/6019, Loss: 0.4875
  Batch 3200/6019, Loss: 0.3554
  Batch 3300/6019, Loss: 0.4449
  Batch 3400/6019, Loss: 0.3450
  Batch 3500/6019, Loss: 0.4566
  Batch 3600/6019, Loss: 0.3023
  Batch 3700/6019, Loss: 0.4192
  Batch 3800/6019, Loss: 0.3554
  Batch 3900/6019, Loss: 0.4900
  Batch 4000/6019, Loss: 0.3816
  Batch 4100/6019, Loss: 0.4698
  Batch 4200/6019, Loss: 0.4393
  Batch 4300/6019, Loss: 0.4875
  Batch 4400/6019, Loss: 0.3776
  Batch 4500/6019, Loss: 0.3812
  Batch 4600/6019, Loss: 0.4234
  Batch 4700/6019, Loss: 0.3319
  Batch 4800/6019, Loss: 0.4703
  Batch 4900/6019, Loss: 0.4212
  Batch 5000/6019, Loss: 0.3459
  Batch 5100/6019, Loss: 0.3517
  Batch 5200/6019, Loss: 0.3481
  Batch 5300/6019, Loss: 0.4253
  Batch 5400/6019, Loss: 0.3789
  Batch 5500/6019, Loss: 0.3649
  Batch 5600/6019, Loss: 0.3347
  Batch 5700/6019, Loss: 0.4390
  Batch 5800/6019, Loss: 0.3575
  Batch 5900/6019, Loss: 0.4079
  Batch 6000/6019, Loss: 0.3488
Train Loss: 0.3844
Val Loss: 0.6056, Val Macro F1: 0.7539
Per-class F1 scores:
  speech:non-tonal: 0.9243
  speech:tonal: 0.6166
  music:vocal: 0.8125
  music:non-vocal: 0.5444
  env:urban: 0.8068
  env:wildlife: 0.8189
Current learning rate: 0.000050
✓ Saved checkpoint at epoch 15

============================================================
Epoch 16/50
============================================================
  Batch 0/6019, Loss: 0.3461
  Batch 100/6019, Loss: 0.4098
  Batch 200/6019, Loss: 0.3635
  Batch 300/6019, Loss: 0.3444
  Batch 400/6019, Loss: 0.3365
  Batch 500/6019, Loss: 0.3197
  Batch 600/6019, Loss: 0.3791
  Batch 700/6019, Loss: 0.3503
  Batch 800/6019, Loss: 0.4150
  Batch 900/6019, Loss: 0.2392
  Batch 1000/6019, Loss: 0.3616
  Batch 1100/6019, Loss: 0.3177
  Batch 1200/6019, Loss: 0.4181
  Batch 1300/6019, Loss: 0.3874
  Batch 1400/6019, Loss: 0.4443
  Batch 1500/6019, Loss: 0.4287
  Batch 1600/6019, Loss: 0.3705
  Batch 1700/6019, Loss: 0.5343
  Batch 1800/6019, Loss: 0.3935
  Batch 1900/6019, Loss: 0.5369
  Batch 2000/6019, Loss: 0.3980
  Batch 2100/6019, Loss: 0.3822
  Batch 2200/6019, Loss: 0.3601
  Batch 2300/6019, Loss: 0.3738
  Batch 2400/6019, Loss: 0.3630
  Batch 2500/6019, Loss: 0.5016
  Batch 2600/6019, Loss: 0.3192
  Batch 2700/6019, Loss: 0.4460
  Batch 2800/6019, Loss: 0.3683
  Batch 2900/6019, Loss: 0.4633
  Batch 3000/6019, Loss: 0.3600
  Batch 3100/6019, Loss: 0.4288
  Batch 3200/6019, Loss: 0.4093
  Batch 3300/6019, Loss: 0.3962
  Batch 3400/6019, Loss: 0.3103
  Batch 3500/6019, Loss: 0.3714
  Batch 3600/6019, Loss: 0.3937
  Batch 3700/6019, Loss: 0.2989
  Batch 3800/6019, Loss: 0.4496
  Batch 3900/6019, Loss: 0.3578
  Batch 4000/6019, Loss: 0.4726
  Batch 4100/6019, Loss: 0.3605
  Batch 4200/6019, Loss: 0.4671
  Batch 4300/6019, Loss: 0.3312
  Batch 4400/6019, Loss: 0.3768
  Batch 4500/6019, Loss: 0.4034
  Batch 4600/6019, Loss: 0.3340
  Batch 4700/6019, Loss: 0.3531
  Batch 4800/6019, Loss: 0.4330
  Batch 4900/6019, Loss: 0.5007
  Batch 5000/6019, Loss: 0.3861
  Batch 5100/6019, Loss: 0.3405
  Batch 5200/6019, Loss: 0.3665
  Batch 5300/6019, Loss: 0.3785
  Batch 5400/6019, Loss: 0.3354
  Batch 5500/6019, Loss: 0.2880
  Batch 5600/6019, Loss: 0.3890
  Batch 5700/6019, Loss: 0.3678
  Batch 5800/6019, Loss: 0.6096
  Batch 5900/6019, Loss: 0.3569
  Batch 6000/6019, Loss: 0.3973
Train Loss: 0.3840
Val Loss: 0.6128, Val Macro F1: 0.7672
Per-class F1 scores:
  speech:non-tonal: 0.9195
  speech:tonal: 0.6168
  music:vocal: 0.8050
  music:non-vocal: 0.5189
  env:urban: 0.8939
  env:wildlife: 0.8491
Current learning rate: 0.000050
✓ Saved best model with Val F1: 0.7672

============================================================
Epoch 17/50
============================================================
  Batch 0/6019, Loss: 0.3993
  Batch 100/6019, Loss: 0.3783
  Batch 200/6019, Loss: 0.4195
  Batch 300/6019, Loss: 0.3653
  Batch 400/6019, Loss: 0.3116
  Batch 500/6019, Loss: 0.3409
  Batch 600/6019, Loss: 0.2317
  Batch 700/6019, Loss: 0.3272
  Batch 800/6019, Loss: 0.3329
  Batch 900/6019, Loss: 0.3421
  Batch 1000/6019, Loss: 0.4182
  Batch 1100/6019, Loss: 0.4493
  Batch 1200/6019, Loss: 0.4344
  Batch 1300/6019, Loss: 0.3388
  Batch 1400/6019, Loss: 0.4822
  Batch 1500/6019, Loss: 0.3146
  Batch 1600/6019, Loss: 0.4178
  Batch 1700/6019, Loss: 0.4254
  Batch 1800/6019, Loss: 0.3858
  Batch 1900/6019, Loss: 0.4708
  Batch 2000/6019, Loss: 0.3626
  Batch 2100/6019, Loss: 0.3701
  Batch 2200/6019, Loss: 0.4330
  Batch 2300/6019, Loss: 0.3421
  Batch 2400/6019, Loss: 0.3356
  Batch 2500/6019, Loss: 0.3449
  Batch 2600/6019, Loss: 0.4315
  Batch 2700/6019, Loss: 0.3509
  Batch 2800/6019, Loss: 0.4111
  Batch 2900/6019, Loss: 0.4450
  Batch 3000/6019, Loss: 0.4172
  Batch 3100/6019, Loss: 0.4780
  Batch 3200/6019, Loss: 0.3807
  Batch 3300/6019, Loss: 0.3298
  Batch 3400/6019, Loss: 0.3394
  Batch 3500/6019, Loss: 0.3694
  Batch 3600/6019, Loss: 0.4064
  Batch 3700/6019, Loss: 0.6302
  Batch 3800/6019, Loss: 0.3919
  Batch 3900/6019, Loss: 0.4496
  Batch 4000/6019, Loss: 0.4872
  Batch 4100/6019, Loss: 0.3960
  Batch 4200/6019, Loss: 0.4407
  Batch 4300/6019, Loss: 0.3532
  Batch 4400/6019, Loss: 0.3996
  Batch 4500/6019, Loss: 0.3808
  Batch 4600/6019, Loss: 0.3592
  Batch 4700/6019, Loss: 0.3141
  Batch 4800/6019, Loss: 0.3853
  Batch 4900/6019, Loss: 0.3814
  Batch 5000/6019, Loss: 0.4739
  Batch 5100/6019, Loss: 0.4872
  Batch 5200/6019, Loss: 0.3793
  Batch 5300/6019, Loss: 0.3666
  Batch 5400/6019, Loss: 0.3956
  Batch 5500/6019, Loss: 0.3962
  Batch 5600/6019, Loss: 0.4649
  Batch 5700/6019, Loss: 0.2964
  Batch 5800/6019, Loss: 0.3804
  Batch 5900/6019, Loss: 0.3820
  Batch 6000/6019, Loss: 0.3923
Train Loss: 0.3831
Val Loss: 0.6312, Val Macro F1: 0.6904
Per-class F1 scores:
  speech:non-tonal: 0.9244
  speech:tonal: 0.6223
  music:vocal: 0.7957
  music:non-vocal: 0.3194
  env:urban: 0.7075
  env:wildlife: 0.7731
Current learning rate: 0.000050

============================================================
Epoch 18/50
============================================================
  Batch 0/6019, Loss: 0.3490
  Batch 100/6019, Loss: 0.4383
  Batch 200/6019, Loss: 0.4158
  Batch 300/6019, Loss: 0.3686
  Batch 400/6019, Loss: 0.2889
  Batch 500/6019, Loss: 0.4179
  Batch 600/6019, Loss: 0.3285
  Batch 700/6019, Loss: 0.3773
  Batch 800/6019, Loss: 0.4437
  Batch 900/6019, Loss: 0.4278
  Batch 1000/6019, Loss: 0.3059
  Batch 1100/6019, Loss: 0.3834
  Batch 1200/6019, Loss: 0.3495
  Batch 1300/6019, Loss: 0.4901
  Batch 1400/6019, Loss: 0.3951
  Batch 1500/6019, Loss: 0.4018
  Batch 1600/6019, Loss: 0.3683
  Batch 1700/6019, Loss: 0.4658
  Batch 1800/6019, Loss: 0.3416
  Batch 1900/6019, Loss: 0.3123
  Batch 2000/6019, Loss: 0.4074
  Batch 2100/6019, Loss: 0.4112
  Batch 2200/6019, Loss: 0.3845
  Batch 2300/6019, Loss: 0.3337
  Batch 2400/6019, Loss: 0.3771
  Batch 2500/6019, Loss: 0.3394
  Batch 2600/6019, Loss: 0.3923
  Batch 2700/6019, Loss: 0.4376
  Batch 2800/6019, Loss: 0.3608
  Batch 2900/6019, Loss: 0.3786
  Batch 3000/6019, Loss: 0.3924
  Batch 3100/6019, Loss: 0.3681
  Batch 3200/6019, Loss: 0.3700
  Batch 3300/6019, Loss: 0.3873
  Batch 3400/6019, Loss: 0.3840
  Batch 3500/6019, Loss: 0.3027
  Batch 3600/6019, Loss: 0.3836
  Batch 3700/6019, Loss: 0.2791
  Batch 3800/6019, Loss: 0.4618
  Batch 3900/6019, Loss: 0.3056
  Batch 4000/6019, Loss: 0.4606
  Batch 4100/6019, Loss: 0.3855
  Batch 4200/6019, Loss: 0.4203
  Batch 4300/6019, Loss: 0.4551
  Batch 4400/6019, Loss: 0.3573
  Batch 4500/6019, Loss: 0.3367
  Batch 4600/6019, Loss: 0.3438
  Batch 4700/6019, Loss: 0.2806
  Batch 4800/6019, Loss: 0.3141
  Batch 4900/6019, Loss: 0.3120
  Batch 5000/6019, Loss: 0.3496
  Batch 5100/6019, Loss: 0.2923
  Batch 5200/6019, Loss: 0.3275
  Batch 5300/6019, Loss: 0.3091
  Batch 5400/6019, Loss: 0.4857
  Batch 5500/6019, Loss: 0.2959
  Batch 5600/6019, Loss: 0.3113
  Batch 5700/6019, Loss: 0.3185
  Batch 5800/6019, Loss: 0.3541
  Batch 5900/6019, Loss: 0.3775
  Batch 6000/6019, Loss: 0.3856
Train Loss: 0.3822
Val Loss: 0.6557, Val Macro F1: 0.5954
Per-class F1 scores:
  speech:non-tonal: 0.9153
  speech:tonal: 0.5982
  music:vocal: 0.7760
  music:non-vocal: 0.4060
  env:urban: 0.1700
  env:wildlife: 0.7071
Current learning rate: 0.000050

============================================================
Epoch 19/50
============================================================
  Batch 0/6019, Loss: 0.3566
  Batch 100/6019, Loss: 0.4197
  Batch 200/6019, Loss: 0.4169
  Batch 300/6019, Loss: 0.4242
  Batch 400/6019, Loss: 0.2894
  Batch 500/6019, Loss: 0.3548
  Batch 600/6019, Loss: 0.3670
  Batch 700/6019, Loss: 0.3454
  Batch 800/6019, Loss: 0.4333
  Batch 900/6019, Loss: 0.4132
  Batch 1000/6019, Loss: 0.5101
  Batch 1100/6019, Loss: 0.4097
  Batch 1200/6019, Loss: 0.4321
  Batch 1300/6019, Loss: 0.3224
  Batch 1400/6019, Loss: 0.3428
  Batch 1500/6019, Loss: 0.3631
  Batch 1600/6019, Loss: 0.3687
  Batch 1700/6019, Loss: 0.3353
  Batch 1800/6019, Loss: 0.2928
  Batch 1900/6019, Loss: 0.4375
  Batch 2000/6019, Loss: 0.3784
  Batch 2100/6019, Loss: 0.4213
  Batch 2200/6019, Loss: 0.3034
  Batch 2300/6019, Loss: 0.4208
  Batch 2400/6019, Loss: 0.3518
  Batch 2500/6019, Loss: 0.5412
  Batch 2600/6019, Loss: 0.3929
  Batch 2700/6019, Loss: 0.3825
  Batch 2800/6019, Loss: 0.3987
  Batch 2900/6019, Loss: 0.3548
  Batch 3000/6019, Loss: 0.4100
  Batch 3100/6019, Loss: 0.4063
  Batch 3200/6019, Loss: 0.4088
  Batch 3300/6019, Loss: 0.3452
  Batch 3400/6019, Loss: 0.4700
  Batch 3500/6019, Loss: 0.4139
  Batch 3600/6019, Loss: 0.3747
  Batch 3700/6019, Loss: 0.3091
  Batch 3800/6019, Loss: 0.3989
  Batch 3900/6019, Loss: 0.3739
  Batch 4000/6019, Loss: 0.3363
  Batch 4100/6019, Loss: 0.2962
  Batch 4200/6019, Loss: 0.3796
  Batch 4300/6019, Loss: 0.4326
  Batch 4400/6019, Loss: 0.3258
  Batch 4500/6019, Loss: 0.4167
  Batch 4600/6019, Loss: 0.3916
  Batch 4700/6019, Loss: 0.3430
  Batch 4800/6019, Loss: 0.2918
  Batch 4900/6019, Loss: 0.4152
  Batch 5000/6019, Loss: 0.3455
  Batch 5100/6019, Loss: 0.3711
  Batch 5200/6019, Loss: 0.4215
  Batch 5300/6019, Loss: 0.3973
  Batch 5400/6019, Loss: 0.3615
  Batch 5500/6019, Loss: 0.4193
  Batch 5600/6019, Loss: 0.3890
  Batch 5700/6019, Loss: 0.3888
  Batch 5800/6019, Loss: 0.3468
  Batch 5900/6019, Loss: 0.2665
  Batch 6000/6019, Loss: 0.3375
Train Loss: 0.3818
Val Loss: 0.6250, Val Macro F1: 0.7557
Per-class F1 scores:
  speech:non-tonal: 0.9117
  speech:tonal: 0.5976
  music:vocal: 0.8146
  music:non-vocal: 0.4848
  env:urban: 0.8743
  env:wildlife: 0.8511
Current learning rate: 0.000050

============================================================
Epoch 20/50
============================================================
  Batch 0/6019, Loss: 0.3964
  Batch 100/6019, Loss: 0.3972
  Batch 200/6019, Loss: 0.2914
  Batch 300/6019, Loss: 0.2707
  Batch 400/6019, Loss: 0.3688
  Batch 500/6019, Loss: 0.4000
  Batch 600/6019, Loss: 0.4537
  Batch 700/6019, Loss: 0.4016
  Batch 800/6019, Loss: 0.3356
  Batch 900/6019, Loss: 0.3720
  Batch 1000/6019, Loss: 0.3547
  Batch 1100/6019, Loss: 0.4109
  Batch 1200/6019, Loss: 0.3135
  Batch 1300/6019, Loss: 0.3979
  Batch 1400/6019, Loss: 0.3952
  Batch 1500/6019, Loss: 0.4096
  Batch 1600/6019, Loss: 0.4048
  Batch 1700/6019, Loss: 0.4047
  Batch 1800/6019, Loss: 0.4427
  Batch 1900/6019, Loss: 0.2984
  Batch 2000/6019, Loss: 0.4479
  Batch 2100/6019, Loss: 0.4342
  Batch 2200/6019, Loss: 0.3057
  Batch 2300/6019, Loss: 0.2955
  Batch 2400/6019, Loss: 0.4344
  Batch 2500/6019, Loss: 0.3935
  Batch 2600/6019, Loss: 0.2526
  Batch 2700/6019, Loss: 0.5954
  Batch 2800/6019, Loss: 0.4156
  Batch 2900/6019, Loss: 0.4086
  Batch 3000/6019, Loss: 0.4027
  Batch 3100/6019, Loss: 0.3838
  Batch 3200/6019, Loss: 0.3291
  Batch 3300/6019, Loss: 0.2921
  Batch 3400/6019, Loss: 0.3709
  Batch 3500/6019, Loss: 0.3061
  Batch 3600/6019, Loss: 0.3825
  Batch 3700/6019, Loss: 0.4175
  Batch 3800/6019, Loss: 0.4318
  Batch 3900/6019, Loss: 0.2948
  Batch 4000/6019, Loss: 0.3958
  Batch 4100/6019, Loss: 0.4849
  Batch 4200/6019, Loss: 0.2766
  Batch 4300/6019, Loss: 0.3420
  Batch 4400/6019, Loss: 0.3274
  Batch 4500/6019, Loss: 0.3873
  Batch 4600/6019, Loss: 0.3584
  Batch 4700/6019, Loss: 0.3305
  Batch 4800/6019, Loss: 0.3623
  Batch 4900/6019, Loss: 0.4300
  Batch 5000/6019, Loss: 0.3585
  Batch 5100/6019, Loss: 0.3646
  Batch 5200/6019, Loss: 0.3053
  Batch 5300/6019, Loss: 0.3940
  Batch 5400/6019, Loss: 0.3677
  Batch 5500/6019, Loss: 0.4434
  Batch 5600/6019, Loss: 0.3595
  Batch 5700/6019, Loss: 0.3362
  Batch 5800/6019, Loss: 0.4263
  Batch 5900/6019, Loss: 0.2851
  Batch 6000/6019, Loss: 0.2703
Train Loss: 0.3809
Val Loss: 0.6689, Val Macro F1: 0.7326
Per-class F1 scores:
  speech:non-tonal: 0.8811
  speech:tonal: 0.5513
  music:vocal: 0.7848
  music:non-vocal: 0.5164
  env:urban: 0.7995
  env:wildlife: 0.8624
Current learning rate: 0.000050
✓ Saved checkpoint at epoch 20

============================================================
Epoch 21/50
============================================================
  Batch 0/6019, Loss: 0.3408
  Batch 100/6019, Loss: 0.4297
  Batch 200/6019, Loss: 0.4130
  Batch 300/6019, Loss: 0.4285
  Batch 400/6019, Loss: 0.4089
  Batch 500/6019, Loss: 0.3664
  Batch 600/6019, Loss: 0.3325
  Batch 700/6019, Loss: 0.4046
  Batch 800/6019, Loss: 0.3765
  Batch 900/6019, Loss: 0.3778
  Batch 1000/6019, Loss: 0.4369
  Batch 1100/6019, Loss: 0.3424
  Batch 1200/6019, Loss: 0.3619
  Batch 1300/6019, Loss: 0.3860
  Batch 1400/6019, Loss: 0.4607
  Batch 1500/6019, Loss: 0.4773
  Batch 1600/6019, Loss: 0.4008
  Batch 1700/6019, Loss: 0.4168
  Batch 1800/6019, Loss: 0.3466
  Batch 1900/6019, Loss: 0.3412
  Batch 2000/6019, Loss: 0.3642
  Batch 2100/6019, Loss: 0.3917
  Batch 2200/6019, Loss: 0.3610
  Batch 2300/6019, Loss: 0.4005
  Batch 2400/6019, Loss: 0.4033
  Batch 2500/6019, Loss: 0.4388
  Batch 2600/6019, Loss: 0.4547
  Batch 2700/6019, Loss: 0.3509
  Batch 2800/6019, Loss: 0.2884
  Batch 2900/6019, Loss: 0.4743
  Batch 3000/6019, Loss: 0.3415
  Batch 3100/6019, Loss: 0.3843
  Batch 3200/6019, Loss: 0.3933
  Batch 3300/6019, Loss: 0.3075
  Batch 3400/6019, Loss: 0.4088
  Batch 3500/6019, Loss: 0.3541
  Batch 3600/6019, Loss: 0.4170
  Batch 3700/6019, Loss: 0.3394
  Batch 3800/6019, Loss: 0.4175
  Batch 3900/6019, Loss: 0.3748
  Batch 4000/6019, Loss: 0.3276
  Batch 4100/6019, Loss: 0.3716
  Batch 4200/6019, Loss: 0.4517
  Batch 4300/6019, Loss: 0.3198
  Batch 4400/6019, Loss: 0.3430
  Batch 4500/6019, Loss: 0.3723
  Batch 4600/6019, Loss: 0.2704
  Batch 4700/6019, Loss: 0.3806
  Batch 4800/6019, Loss: 0.4168
  Batch 4900/6019, Loss: 0.4579
  Batch 5000/6019, Loss: 0.3959
  Batch 5100/6019, Loss: 0.3022
  Batch 5200/6019, Loss: 0.3977
  Batch 5300/6019, Loss: 0.3401
  Batch 5400/6019, Loss: 0.4552
  Batch 5500/6019, Loss: 0.3607
  Batch 5600/6019, Loss: 0.5078
  Batch 5700/6019, Loss: 0.2894
  Batch 5800/6019, Loss: 0.3240
  Batch 5900/6019, Loss: 0.3420
  Batch 6000/6019, Loss: 0.3342
Train Loss: 0.3783
Val Loss: 0.6167, Val Macro F1: 0.7364
Per-class F1 scores:
  speech:non-tonal: 0.9222
  speech:tonal: 0.6265
  music:vocal: 0.8141
  music:non-vocal: 0.4968
  env:urban: 0.7222
  env:wildlife: 0.8364
Current learning rate: 0.000025

============================================================
Epoch 22/50
============================================================
  Batch 0/6019, Loss: 0.3712
  Batch 100/6019, Loss: 0.3992
  Batch 200/6019, Loss: 0.3703
  Batch 300/6019, Loss: 0.3076
  Batch 400/6019, Loss: 0.3546
  Batch 500/6019, Loss: 0.3192
  Batch 600/6019, Loss: 0.4628
  Batch 700/6019, Loss: 0.4052
  Batch 800/6019, Loss: 0.3630
  Batch 900/6019, Loss: 0.4149
  Batch 1000/6019, Loss: 0.3300
  Batch 1100/6019, Loss: 0.3921
  Batch 1200/6019, Loss: 0.4419
  Batch 1300/6019, Loss: 0.3584
  Batch 1400/6019, Loss: 0.3474
  Batch 1500/6019, Loss: 0.3707
  Batch 1600/6019, Loss: 0.3685
  Batch 1700/6019, Loss: 0.4249
  Batch 1800/6019, Loss: 0.2440
  Batch 1900/6019, Loss: 0.3539
  Batch 2000/6019, Loss: 0.3042
  Batch 2100/6019, Loss: 0.3466
  Batch 2200/6019, Loss: 0.3623
  Batch 2300/6019, Loss: 0.3748
  Batch 2400/6019, Loss: 0.3071
  Batch 2500/6019, Loss: 0.2929
  Batch 2600/6019, Loss: 0.2734
  Batch 2700/6019, Loss: 0.3987
  Batch 2800/6019, Loss: 0.3625
  Batch 2900/6019, Loss: 0.4067
  Batch 3000/6019, Loss: 0.3462
  Batch 3100/6019, Loss: 0.3957
  Batch 3200/6019, Loss: 0.3401
  Batch 3300/6019, Loss: 0.3845
  Batch 3400/6019, Loss: 0.3574
  Batch 3500/6019, Loss: 0.3187
  Batch 3600/6019, Loss: 0.4511
  Batch 3700/6019, Loss: 0.4504
  Batch 3800/6019, Loss: 0.4056
  Batch 3900/6019, Loss: 0.3488
  Batch 4000/6019, Loss: 0.3729
  Batch 4100/6019, Loss: 0.4223
  Batch 4200/6019, Loss: 0.3939
  Batch 4300/6019, Loss: 0.3537
  Batch 4400/6019, Loss: 0.4060
  Batch 4500/6019, Loss: 0.3745
  Batch 4600/6019, Loss: 0.3921
  Batch 4700/6019, Loss: 0.4524
  Batch 4800/6019, Loss: 0.4046
  Batch 4900/6019, Loss: 0.3467
  Batch 5000/6019, Loss: 0.3761
  Batch 5100/6019, Loss: 0.4097
  Batch 5200/6019, Loss: 0.4013
  Batch 5300/6019, Loss: 0.4586
  Batch 5400/6019, Loss: 0.4871
  Batch 5500/6019, Loss: 0.3655
  Batch 5600/6019, Loss: 0.4437
  Batch 5700/6019, Loss: 0.4589
  Batch 5800/6019, Loss: 0.4422
  Batch 5900/6019, Loss: 0.4041
  Batch 6000/6019, Loss: 0.3863
Train Loss: 0.3774
Val Loss: 0.6216, Val Macro F1: 0.6872
Per-class F1 scores:
  speech:non-tonal: 0.9245
  speech:tonal: 0.6096
  music:vocal: 0.8072
  music:non-vocal: 0.4896
  env:urban: 0.5244
  env:wildlife: 0.7680
Current learning rate: 0.000025

============================================================
Epoch 23/50
============================================================
  Batch 0/6019, Loss: 0.3858
  Batch 100/6019, Loss: 0.3488
  Batch 200/6019, Loss: 0.3856
  Batch 300/6019, Loss: 0.3805
  Batch 400/6019, Loss: 0.4006
  Batch 500/6019, Loss: 0.3438
  Batch 600/6019, Loss: 0.3584
  Batch 700/6019, Loss: 0.3518
  Batch 800/6019, Loss: 0.3254
  Batch 900/6019, Loss: 0.3913
  Batch 1000/6019, Loss: 0.3944
  Batch 1100/6019, Loss: 0.3420
  Batch 1200/6019, Loss: 0.3970
  Batch 1300/6019, Loss: 0.3541
  Batch 1400/6019, Loss: 0.3878
  Batch 1500/6019, Loss: 0.3104
  Batch 1600/6019, Loss: 0.3963
  Batch 1700/6019, Loss: 0.3779
  Batch 1800/6019, Loss: 0.3615
  Batch 1900/6019, Loss: 0.3914
  Batch 2000/6019, Loss: 0.3308
  Batch 2100/6019, Loss: 0.4372
  Batch 2200/6019, Loss: 0.3462
  Batch 2300/6019, Loss: 0.3749
  Batch 2400/6019, Loss: 0.3286
  Batch 2500/6019, Loss: 0.3624
  Batch 2600/6019, Loss: 0.3462
  Batch 2700/6019, Loss: 0.3629
  Batch 2800/6019, Loss: 0.2981
  Batch 2900/6019, Loss: 0.2969
  Batch 3000/6019, Loss: 0.3459
  Batch 3100/6019, Loss: 0.4437
  Batch 3200/6019, Loss: 0.4584
  Batch 3300/6019, Loss: 0.3678
  Batch 3400/6019, Loss: 0.3671
  Batch 3500/6019, Loss: 0.3213
  Batch 3600/6019, Loss: 0.3455
  Batch 3700/6019, Loss: 0.3590
  Batch 3800/6019, Loss: 0.3182
  Batch 3900/6019, Loss: 0.4308
  Batch 4000/6019, Loss: 0.4053
  Batch 4100/6019, Loss: 0.4263
  Batch 4200/6019, Loss: 0.3844
  Batch 4300/6019, Loss: 0.4200
  Batch 4400/6019, Loss: 0.5162
  Batch 4500/6019, Loss: 0.4441
  Batch 4600/6019, Loss: 0.3859
  Batch 4700/6019, Loss: 0.4094
  Batch 4800/6019, Loss: 0.3257
  Batch 4900/6019, Loss: 0.3358
  Batch 5000/6019, Loss: 0.3837
  Batch 5100/6019, Loss: 0.3576
  Batch 5200/6019, Loss: 0.4290
  Batch 5300/6019, Loss: 0.3495
  Batch 5400/6019, Loss: 0.3701
  Batch 5500/6019, Loss: 0.4236
  Batch 5600/6019, Loss: 0.3026
  Batch 5700/6019, Loss: 0.3686
  Batch 5800/6019, Loss: 0.3764
  Batch 5900/6019, Loss: 0.3651
  Batch 6000/6019, Loss: 0.3698
Train Loss: 0.3773
Val Loss: 0.6223, Val Macro F1: 0.6857
Per-class F1 scores:
  speech:non-tonal: 0.9183
  speech:tonal: 0.5978
  music:vocal: 0.8076
  music:non-vocal: 0.4790
  env:urban: 0.5417
  env:wildlife: 0.7697
Current learning rate: 0.000025

============================================================
Epoch 24/50
============================================================
  Batch 0/6019, Loss: 0.4979
  Batch 100/6019, Loss: 0.4275
  Batch 200/6019, Loss: 0.3872
  Batch 300/6019, Loss: 0.3900
  Batch 400/6019, Loss: 0.3993
  Batch 500/6019, Loss: 0.3630
  Batch 600/6019, Loss: 0.3094
  Batch 700/6019, Loss: 0.2691
  Batch 800/6019, Loss: 0.3698
  Batch 900/6019, Loss: 0.3532
  Batch 1000/6019, Loss: 0.3324
  Batch 1100/6019, Loss: 0.3898
  Batch 1200/6019, Loss: 0.2999
  Batch 1300/6019, Loss: 0.4331
  Batch 1400/6019, Loss: 0.3933
  Batch 1500/6019, Loss: 0.4962
  Batch 1600/6019, Loss: 0.3563
  Batch 1700/6019, Loss: 0.3188
  Batch 1800/6019, Loss: 0.3520
  Batch 1900/6019, Loss: 0.3926
  Batch 2000/6019, Loss: 0.3840
  Batch 2100/6019, Loss: 0.3444
  Batch 2200/6019, Loss: 0.2782
  Batch 2300/6019, Loss: 0.3724
  Batch 2400/6019, Loss: 0.4096
  Batch 2500/6019, Loss: 0.3413
  Batch 2600/6019, Loss: 0.5417
  Batch 2700/6019, Loss: 0.4570
  Batch 2800/6019, Loss: 0.3269
  Batch 2900/6019, Loss: 0.2796
  Batch 3000/6019, Loss: 0.2913
  Batch 3100/6019, Loss: 0.3443
  Batch 3200/6019, Loss: 0.3514
  Batch 3300/6019, Loss: 0.3361
  Batch 3400/6019, Loss: 0.3792
  Batch 3500/6019, Loss: 0.3563
  Batch 3600/6019, Loss: 0.3721
  Batch 3700/6019, Loss: 0.3671
  Batch 3800/6019, Loss: 0.3086
  Batch 3900/6019, Loss: 0.3330
  Batch 4000/6019, Loss: 0.2731
  Batch 4100/6019, Loss: 0.2717
  Batch 4200/6019, Loss: 0.3496
  Batch 4300/6019, Loss: 0.4312
  Batch 4400/6019, Loss: 0.3579
  Batch 4500/6019, Loss: 0.4464
  Batch 4600/6019, Loss: 0.4680
  Batch 4700/6019, Loss: 0.4109
  Batch 4800/6019, Loss: 0.4400
  Batch 4900/6019, Loss: 0.3736
  Batch 5000/6019, Loss: 0.3447
  Batch 5100/6019, Loss: 0.2963
  Batch 5200/6019, Loss: 0.3783
  Batch 5300/6019, Loss: 0.3754
  Batch 5400/6019, Loss: 0.3316
  Batch 5500/6019, Loss: 0.3823
  Batch 5600/6019, Loss: 0.3579
  Batch 5700/6019, Loss: 0.2878
  Batch 5800/6019, Loss: 0.3374
  Batch 5900/6019, Loss: 0.4614
  Batch 6000/6019, Loss: 0.3737
Train Loss: 0.3768
Val Loss: 0.6573, Val Macro F1: 0.6616
Per-class F1 scores:
  speech:non-tonal: 0.9006
  speech:tonal: 0.5582
  music:vocal: 0.8045
  music:non-vocal: 0.3685
  env:urban: 0.5452
  env:wildlife: 0.7929
Current learning rate: 0.000025

============================================================
Epoch 25/50
============================================================
  Batch 0/6019, Loss: 0.4122
  Batch 100/6019, Loss: 0.3734
  Batch 200/6019, Loss: 0.3128
  Batch 300/6019, Loss: 0.3177
  Batch 400/6019, Loss: 0.3733
  Batch 500/6019, Loss: 0.3825
  Batch 600/6019, Loss: 0.4043
  Batch 700/6019, Loss: 0.3192
  Batch 800/6019, Loss: 0.3512
  Batch 900/6019, Loss: 0.3466
  Batch 1000/6019, Loss: 0.3186
  Batch 1100/6019, Loss: 0.3054
  Batch 1200/6019, Loss: 0.4022
  Batch 1300/6019, Loss: 0.4179
  Batch 1400/6019, Loss: 0.2757
  Batch 1500/6019, Loss: 0.4135
  Batch 1600/6019, Loss: 0.4378
  Batch 1700/6019, Loss: 0.3346
  Batch 1800/6019, Loss: 0.3655
  Batch 1900/6019, Loss: 0.3372
  Batch 2000/6019, Loss: 0.2836
  Batch 2100/6019, Loss: 0.4033
  Batch 2200/6019, Loss: 0.3900
  Batch 2300/6019, Loss: 0.4475
  Batch 2400/6019, Loss: 0.3640
  Batch 2500/6019, Loss: 0.3931
  Batch 2600/6019, Loss: 0.4479
  Batch 2700/6019, Loss: 0.3907
  Batch 2800/6019, Loss: 0.3539
  Batch 2900/6019, Loss: 0.3533
  Batch 3000/6019, Loss: 0.4400
  Batch 3100/6019, Loss: 0.2765
  Batch 3200/6019, Loss: 0.3788
  Batch 3300/6019, Loss: 0.2899
  Batch 3400/6019, Loss: 0.3429
  Batch 3500/6019, Loss: 0.4053
  Batch 3600/6019, Loss: 0.4273
  Batch 3700/6019, Loss: 0.3937
  Batch 3800/6019, Loss: 0.2866
  Batch 3900/6019, Loss: 0.4882
  Batch 4000/6019, Loss: 0.3305
  Batch 4100/6019, Loss: 0.3191
  Batch 4200/6019, Loss: 0.2859
  Batch 4300/6019, Loss: 0.5489
  Batch 4400/6019, Loss: 0.4089
  Batch 4500/6019, Loss: 0.3330
  Batch 4600/6019, Loss: 0.4113
  Batch 4700/6019, Loss: 0.4147
  Batch 4800/6019, Loss: 0.4969
  Batch 4900/6019, Loss: 0.3769
  Batch 5000/6019, Loss: 0.3793
  Batch 5100/6019, Loss: 0.3771
  Batch 5200/6019, Loss: 0.3831
  Batch 5300/6019, Loss: 0.3433
  Batch 5400/6019, Loss: 0.3515
  Batch 5500/6019, Loss: 0.3957
  Batch 5600/6019, Loss: 0.4957
  Batch 5700/6019, Loss: 0.2815
  Batch 5800/6019, Loss: 0.3391
  Batch 5900/6019, Loss: 0.4325
  Batch 6000/6019, Loss: 0.2838
Train Loss: 0.3752
Val Loss: 0.6098, Val Macro F1: 0.6956
Per-class F1 scores:
  speech:non-tonal: 0.9294
  speech:tonal: 0.6292
  music:vocal: 0.8082
  music:non-vocal: 0.3451
  env:urban: 0.6126
  env:wildlife: 0.8494
Current learning rate: 0.000013
✓ Saved checkpoint at epoch 25

============================================================
Epoch 26/50
============================================================
  Batch 0/6019, Loss: 0.3323
  Batch 100/6019, Loss: 0.3467
  Batch 200/6019, Loss: 0.3512
  Batch 300/6019, Loss: 0.2966
  Batch 400/6019, Loss: 0.3828
  Batch 500/6019, Loss: 0.4148
  Batch 600/6019, Loss: 0.3693
  Batch 700/6019, Loss: 0.4122
  Batch 800/6019, Loss: 0.3179
  Batch 900/6019, Loss: 0.3585
  Batch 1000/6019, Loss: 0.3936
  Batch 1100/6019, Loss: 0.3195
  Batch 1200/6019, Loss: 0.3915
  Batch 1300/6019, Loss: 0.3185
  Batch 1400/6019, Loss: 0.4212
  Batch 1500/6019, Loss: 0.3974
  Batch 1600/6019, Loss: 0.3295
  Batch 1700/6019, Loss: 0.4314
  Batch 1800/6019, Loss: 0.3444
  Batch 1900/6019, Loss: 0.5029
  Batch 2000/6019, Loss: 0.3754
  Batch 2100/6019, Loss: 0.3336
  Batch 2200/6019, Loss: 0.3510
  Batch 2300/6019, Loss: 0.3935
  Batch 2400/6019, Loss: 0.3424
  Batch 2500/6019, Loss: 0.3151
  Batch 2600/6019, Loss: 0.3409
  Batch 2700/6019, Loss: 0.3287
  Batch 2800/6019, Loss: 0.4074
  Batch 2900/6019, Loss: 0.4101
  Batch 3000/6019, Loss: 0.4004
  Batch 3100/6019, Loss: 0.3622
  Batch 3200/6019, Loss: 0.3904
  Batch 3300/6019, Loss: 0.3140
  Batch 3400/6019, Loss: 0.3717
  Batch 3500/6019, Loss: 0.3852
  Batch 3600/6019, Loss: 0.3634
  Batch 3700/6019, Loss: 0.3292
  Batch 3800/6019, Loss: 0.3409
  Batch 3900/6019, Loss: 0.4350
  Batch 4000/6019, Loss: 0.4408
  Batch 4100/6019, Loss: 0.3493
  Batch 4200/6019, Loss: 0.3675
  Batch 4300/6019, Loss: 0.3465
  Batch 4400/6019, Loss: 0.4096
  Batch 4500/6019, Loss: 0.2891
  Batch 4600/6019, Loss: 0.3656
  Batch 4700/6019, Loss: 0.3701
  Batch 4800/6019, Loss: 0.3892
  Batch 4900/6019, Loss: 0.3128
  Batch 5000/6019, Loss: 0.3999
  Batch 5100/6019, Loss: 0.3497
  Batch 5200/6019, Loss: 0.3508
  Batch 5300/6019, Loss: 0.4086
  Batch 5400/6019, Loss: 0.5060
  Batch 5500/6019, Loss: 0.3429
  Batch 5600/6019, Loss: 0.3683
  Batch 5700/6019, Loss: 0.3842
  Batch 5800/6019, Loss: 0.4295
  Batch 5900/6019, Loss: 0.4011
  Batch 6000/6019, Loss: 0.4284
Train Loss: 0.3746
Val Loss: 0.6013, Val Macro F1: 0.7112
Per-class F1 scores:
  speech:non-tonal: 0.9342
  speech:tonal: 0.6445
  music:vocal: 0.8087
  music:non-vocal: 0.4189
  env:urban: 0.6126
  env:wildlife: 0.8481
Current learning rate: 0.000013

============================================================
Epoch 27/50
============================================================
  Batch 0/6019, Loss: 0.3351
  Batch 100/6019, Loss: 0.3668
  Batch 200/6019, Loss: 0.4060
  Batch 300/6019, Loss: 0.3470
  Batch 400/6019, Loss: 0.4193
  Batch 500/6019, Loss: 0.3936
  Batch 600/6019, Loss: 0.3365
  Batch 700/6019, Loss: 0.4826
  Batch 800/6019, Loss: 0.3538
  Batch 900/6019, Loss: 0.3952
  Batch 1000/6019, Loss: 0.3245
  Batch 1100/6019, Loss: 0.3395
  Batch 1200/6019, Loss: 0.3835
  Batch 1300/6019, Loss: 0.5133
  Batch 1400/6019, Loss: 0.3454
  Batch 1500/6019, Loss: 0.3116
  Batch 1600/6019, Loss: 0.3495
  Batch 1700/6019, Loss: 0.3400
  Batch 1800/6019, Loss: 0.3452
  Batch 1900/6019, Loss: 0.3929
  Batch 2000/6019, Loss: 0.3557
  Batch 2100/6019, Loss: 0.3753
  Batch 2200/6019, Loss: 0.3743
  Batch 2300/6019, Loss: 0.4807
  Batch 2400/6019, Loss: 0.3143
  Batch 2500/6019, Loss: 0.2924
  Batch 2600/6019, Loss: 0.3101
  Batch 2700/6019, Loss: 0.4361
  Batch 2800/6019, Loss: 0.3498
  Batch 2900/6019, Loss: 0.3939
  Batch 3000/6019, Loss: 0.3923
  Batch 3100/6019, Loss: 0.3707
  Batch 3200/6019, Loss: 0.3871
  Batch 3300/6019, Loss: 0.3435
  Batch 3400/6019, Loss: 0.3862
  Batch 3500/6019, Loss: 0.4161
  Batch 3600/6019, Loss: 0.4004
  Batch 3700/6019, Loss: 0.3948
  Batch 3800/6019, Loss: 0.3743
  Batch 3900/6019, Loss: 0.4047
  Batch 4000/6019, Loss: 0.3724
  Batch 4100/6019, Loss: 0.3475
  Batch 4200/6019, Loss: 0.4361
  Batch 4300/6019, Loss: 0.3950
  Batch 4400/6019, Loss: 0.3639
  Batch 4500/6019, Loss: 0.4269
  Batch 4600/6019, Loss: 0.3632
  Batch 4700/6019, Loss: 0.4061
  Batch 4800/6019, Loss: 0.4576
  Batch 4900/6019, Loss: 0.4245
  Batch 5000/6019, Loss: 0.4440
  Batch 5100/6019, Loss: 0.4596
  Batch 5200/6019, Loss: 0.3369
  Batch 5300/6019, Loss: 0.3395
  Batch 5400/6019, Loss: 0.3125
  Batch 5500/6019, Loss: 0.4253
  Batch 5600/6019, Loss: 0.3340
  Batch 5700/6019, Loss: 0.3814
  Batch 5800/6019, Loss: 0.4142
  Batch 5900/6019, Loss: 0.3908
  Batch 6000/6019, Loss: 0.4213
Train Loss: 0.3747
Val Loss: 0.5842, Val Macro F1: 0.7056
Per-class F1 scores:
  speech:non-tonal: 0.9419
  speech:tonal: 0.6659
  music:vocal: 0.8164
  music:non-vocal: 0.5225
  env:urban: 0.4739
  env:wildlife: 0.8128
Current learning rate: 0.000013

============================================================
Epoch 28/50
============================================================
  Batch 0/6019, Loss: 0.3967
  Batch 100/6019, Loss: 0.3584
  Batch 200/6019, Loss: 0.4408
  Batch 300/6019, Loss: 0.4070
  Batch 400/6019, Loss: 0.3702
  Batch 500/6019, Loss: 0.3140
  Batch 600/6019, Loss: 0.4419
  Batch 700/6019, Loss: 0.3851
  Batch 800/6019, Loss: 0.4262
  Batch 900/6019, Loss: 0.4034
  Batch 1000/6019, Loss: 0.3975
  Batch 1100/6019, Loss: 0.3043
  Batch 1200/6019, Loss: 0.4012
  Batch 1300/6019, Loss: 0.3095
  Batch 1400/6019, Loss: 0.3418
  Batch 1500/6019, Loss: 0.4233
  Batch 1600/6019, Loss: 0.4074
  Batch 1700/6019, Loss: 0.3745
  Batch 1800/6019, Loss: 0.4082
  Batch 1900/6019, Loss: 0.3217
  Batch 2000/6019, Loss: 0.3521
  Batch 2100/6019, Loss: 0.5038
  Batch 2200/6019, Loss: 0.4991
  Batch 2300/6019, Loss: 0.3816
  Batch 2400/6019, Loss: 0.2968
  Batch 2500/6019, Loss: 0.4624
  Batch 2600/6019, Loss: 0.3517
  Batch 2700/6019, Loss: 0.3176
  Batch 2800/6019, Loss: 0.3901
  Batch 2900/6019, Loss: 0.3434
  Batch 3000/6019, Loss: 0.3613
  Batch 3100/6019, Loss: 0.3629
  Batch 3200/6019, Loss: 0.3422
  Batch 3300/6019, Loss: 0.3768
  Batch 3400/6019, Loss: 0.4478
  Batch 3500/6019, Loss: 0.3013
  Batch 3600/6019, Loss: 0.3685
  Batch 3700/6019, Loss: 0.3647
  Batch 3800/6019, Loss: 0.4029
  Batch 3900/6019, Loss: 0.2966
  Batch 4000/6019, Loss: 0.4076
  Batch 4100/6019, Loss: 0.3608
  Batch 4200/6019, Loss: 0.3264
  Batch 4300/6019, Loss: 0.4268
  Batch 4400/6019, Loss: 0.3129
  Batch 4500/6019, Loss: 0.4867
  Batch 4600/6019, Loss: 0.3039
  Batch 4700/6019, Loss: 0.3441
  Batch 4800/6019, Loss: 0.4192
  Batch 4900/6019, Loss: 0.3021
  Batch 5000/6019, Loss: 0.3437
  Batch 5100/6019, Loss: 0.3765
  Batch 5200/6019, Loss: 0.4504
  Batch 5300/6019, Loss: 0.3550
  Batch 5400/6019, Loss: 0.3401
  Batch 5500/6019, Loss: 0.3949
  Batch 5600/6019, Loss: 0.3661
  Batch 5700/6019, Loss: 0.2935
  Batch 5800/6019, Loss: 0.2760
  Batch 5900/6019, Loss: 0.4693
  Batch 6000/6019, Loss: 0.3961
Train Loss: 0.3745
Val Loss: 0.5695, Val Macro F1: 0.7356
Per-class F1 scores:
  speech:non-tonal: 0.9468
  speech:tonal: 0.6741
  music:vocal: 0.8229
  music:non-vocal: 0.4968
  env:urban: 0.6006
  env:wildlife: 0.8726
Current learning rate: 0.000013

============================================================
Epoch 29/50
============================================================
  Batch 0/6019, Loss: 0.4039
  Batch 100/6019, Loss: 0.3157
  Batch 200/6019, Loss: 0.3344
  Batch 300/6019, Loss: 0.4317
  Batch 400/6019, Loss: 0.3459
  Batch 500/6019, Loss: 0.4416
  Batch 600/6019, Loss: 0.4135
  Batch 700/6019, Loss: 0.4106
  Batch 800/6019, Loss: 0.3732
  Batch 900/6019, Loss: 0.3144
  Batch 1000/6019, Loss: 0.3732
  Batch 1100/6019, Loss: 0.3332
  Batch 1200/6019, Loss: 0.3668
  Batch 1300/6019, Loss: 0.4255
  Batch 1400/6019, Loss: 0.3762
  Batch 1500/6019, Loss: 0.4220
  Batch 1600/6019, Loss: 0.2443
  Batch 1700/6019, Loss: 0.3430
  Batch 1800/6019, Loss: 0.4375
  Batch 1900/6019, Loss: 0.2902
  Batch 2000/6019, Loss: 0.4207
  Batch 2100/6019, Loss: 0.3675
  Batch 2200/6019, Loss: 0.4576
  Batch 2300/6019, Loss: 0.3916
  Batch 2400/6019, Loss: 0.3433
  Batch 2500/6019, Loss: 0.3525
  Batch 2600/6019, Loss: 0.4160
  Batch 2700/6019, Loss: 0.3792
  Batch 2800/6019, Loss: 0.4687
  Batch 2900/6019, Loss: 0.3945
  Batch 3000/6019, Loss: 0.4105
  Batch 3100/6019, Loss: 0.3954
  Batch 3200/6019, Loss: 0.3788
  Batch 3300/6019, Loss: 0.3393
  Batch 3400/6019, Loss: 0.3401
  Batch 3500/6019, Loss: 0.3107
  Batch 3600/6019, Loss: 0.2677
  Batch 3700/6019, Loss: 0.3134
  Batch 3800/6019, Loss: 0.4192
  Batch 3900/6019, Loss: 0.4630
  Batch 4000/6019, Loss: 0.3950
  Batch 4100/6019, Loss: 0.4407
  Batch 4200/6019, Loss: 0.3126
  Batch 4300/6019, Loss: 0.4125
  Batch 4400/6019, Loss: 0.3678
  Batch 4500/6019, Loss: 0.3997
  Batch 4600/6019, Loss: 0.3331
  Batch 4700/6019, Loss: 0.3275
  Batch 4800/6019, Loss: 0.3328
  Batch 4900/6019, Loss: 0.3481
  Batch 5000/6019, Loss: 0.4580
  Batch 5100/6019, Loss: 0.3355
  Batch 5200/6019, Loss: 0.3673
  Batch 5300/6019, Loss: 0.4059
  Batch 5400/6019, Loss: 0.3264
  Batch 5500/6019, Loss: 0.4631
  Batch 5600/6019, Loss: 0.4235
  Batch 5700/6019, Loss: 0.4656
  Batch 5800/6019, Loss: 0.3259
  Batch 5900/6019, Loss: 0.2821
  Batch 6000/6019, Loss: 0.4140
Train Loss: 0.3736
Val Loss: 0.5773, Val Macro F1: 0.7311
Per-class F1 scores:
  speech:non-tonal: 0.9407
  speech:tonal: 0.6555
  music:vocal: 0.8228
  music:non-vocal: 0.5495
  env:urban: 0.5521
  env:wildlife: 0.8660
Current learning rate: 0.000006

============================================================
Epoch 30/50
============================================================
  Batch 0/6019, Loss: 0.3447
  Batch 100/6019, Loss: 0.3036
  Batch 200/6019, Loss: 0.3692
  Batch 300/6019, Loss: 0.3355
  Batch 400/6019, Loss: 0.3755
  Batch 500/6019, Loss: 0.3803
  Batch 600/6019, Loss: 0.4531
  Batch 700/6019, Loss: 0.3274
  Batch 800/6019, Loss: 0.5043
  Batch 900/6019, Loss: 0.3688
  Batch 1000/6019, Loss: 0.4180
  Batch 1100/6019, Loss: 0.4195
  Batch 1200/6019, Loss: 0.3409
  Batch 1300/6019, Loss: 0.3479
  Batch 1400/6019, Loss: 0.3026
  Batch 1500/6019, Loss: 0.4424
  Batch 1600/6019, Loss: 0.3911
  Batch 1700/6019, Loss: 0.3832
  Batch 1800/6019, Loss: 0.4367
  Batch 1900/6019, Loss: 0.3417
  Batch 2000/6019, Loss: 0.3999
  Batch 2100/6019, Loss: 0.3213
  Batch 2200/6019, Loss: 0.3937
  Batch 2300/6019, Loss: 0.4266
  Batch 2400/6019, Loss: 0.3858
  Batch 2500/6019, Loss: 0.3732
  Batch 2600/6019, Loss: 0.3833
  Batch 2700/6019, Loss: 0.2834
  Batch 2800/6019, Loss: 0.3529
  Batch 2900/6019, Loss: 0.3877
  Batch 3000/6019, Loss: 0.3412
  Batch 3100/6019, Loss: 0.4475
  Batch 3200/6019, Loss: 0.5007
  Batch 3300/6019, Loss: 0.4620
  Batch 3400/6019, Loss: 0.3865
  Batch 3500/6019, Loss: 0.2968
  Batch 3600/6019, Loss: 0.4622
  Batch 3700/6019, Loss: 0.4153
  Batch 3800/6019, Loss: 0.3535
  Batch 3900/6019, Loss: 0.3973
  Batch 4000/6019, Loss: 0.3477
  Batch 4100/6019, Loss: 0.3374
  Batch 4200/6019, Loss: 0.3535
  Batch 4300/6019, Loss: 0.5278
  Batch 4400/6019, Loss: 0.3297
  Batch 4500/6019, Loss: 0.3547
  Batch 4600/6019, Loss: 0.3513
  Batch 4700/6019, Loss: 0.3553
  Batch 4800/6019, Loss: 0.3688
  Batch 4900/6019, Loss: 0.5228
  Batch 5000/6019, Loss: 0.3248
  Batch 5100/6019, Loss: 0.3885
  Batch 5200/6019, Loss: 0.3576
  Batch 5300/6019, Loss: 0.3708
  Batch 5400/6019, Loss: 0.4406
  Batch 5500/6019, Loss: 0.3346
  Batch 5600/6019, Loss: 0.3527
  Batch 5700/6019, Loss: 0.4164
  Batch 5800/6019, Loss: 0.5550
  Batch 5900/6019, Loss: 0.3167
  Batch 6000/6019, Loss: 0.3504
Train Loss: 0.3735
Val Loss: 0.5998, Val Macro F1: 0.6558
Per-class F1 scores:
  speech:non-tonal: 0.9364
  speech:tonal: 0.6380
  music:vocal: 0.8103
  music:non-vocal: 0.3314
  env:urban: 0.3908
  env:wildlife: 0.8280
Current learning rate: 0.000006
✓ Saved checkpoint at epoch 30

============================================================
Epoch 31/50
============================================================
  Batch 0/6019, Loss: 0.3614
  Batch 100/6019, Loss: 0.3554
  Batch 200/6019, Loss: 0.3790
  Batch 300/6019, Loss: 0.4933
  Batch 400/6019, Loss: 0.3730
  Batch 500/6019, Loss: 0.3789
  Batch 600/6019, Loss: 0.3799
  Batch 700/6019, Loss: 0.4432
  Batch 800/6019, Loss: 0.4328
  Batch 900/6019, Loss: 0.3427
  Batch 1000/6019, Loss: 0.2666
  Batch 1100/6019, Loss: 0.3975
  Batch 1200/6019, Loss: 0.3919
  Batch 1300/6019, Loss: 0.3434
  Batch 1400/6019, Loss: 0.3560
  Batch 1500/6019, Loss: 0.3430
  Batch 1600/6019, Loss: 0.4562
  Batch 1700/6019, Loss: 0.3267
  Batch 1800/6019, Loss: 0.3686
  Batch 1900/6019, Loss: 0.3504
  Batch 2000/6019, Loss: 0.4123
  Batch 2100/6019, Loss: 0.4383
  Batch 2200/6019, Loss: 0.4051
  Batch 2300/6019, Loss: 0.3819
  Batch 2400/6019, Loss: 0.3264
  Batch 2500/6019, Loss: 0.3063
  Batch 2600/6019, Loss: 0.4999
  Batch 2700/6019, Loss: 0.3898
  Batch 2800/6019, Loss: 0.3654
  Batch 2900/6019, Loss: 0.4530
  Batch 3000/6019, Loss: 0.3048
  Batch 3100/6019, Loss: 0.3897
  Batch 3200/6019, Loss: 0.3515
  Batch 3300/6019, Loss: 0.3640
  Batch 3400/6019, Loss: 0.3385
  Batch 3500/6019, Loss: 0.4076
  Batch 3600/6019, Loss: 0.3725
  Batch 3700/6019, Loss: 0.3817
  Batch 3800/6019, Loss: 0.4352
  Batch 3900/6019, Loss: 0.3765
  Batch 4000/6019, Loss: 0.4463
  Batch 4100/6019, Loss: 0.3113
  Batch 4200/6019, Loss: 0.4325
  Batch 4300/6019, Loss: 0.3805
  Batch 4400/6019, Loss: 0.3677
  Batch 4500/6019, Loss: 0.4191
  Batch 4600/6019, Loss: 0.3691
  Batch 4700/6019, Loss: 0.3511
  Batch 4800/6019, Loss: 0.3905
  Batch 4900/6019, Loss: 0.4050
  Batch 5000/6019, Loss: 0.3896
  Batch 5100/6019, Loss: 0.3509
  Batch 5200/6019, Loss: 0.3916
  Batch 5300/6019, Loss: 0.4128
  Batch 5400/6019, Loss: 0.4006
  Batch 5500/6019, Loss: 0.4214
  Batch 5600/6019, Loss: 0.3579
  Batch 5700/6019, Loss: 0.3840
  Batch 5800/6019, Loss: 0.3633
  Batch 5900/6019, Loss: 0.4940
  Batch 6000/6019, Loss: 0.3941
Train Loss: 0.3735
Val Loss: 0.5878, Val Macro F1: 0.7217
Per-class F1 scores:
  speech:non-tonal: 0.9407
  speech:tonal: 0.6666
  music:vocal: 0.8109
  music:non-vocal: 0.3800
  env:urban: 0.6772
  env:wildlife: 0.8549
Current learning rate: 0.000006

============================================================
Epoch 32/50
============================================================
  Batch 0/6019, Loss: 0.3514
  Batch 100/6019, Loss: 0.4719
  Batch 200/6019, Loss: 0.4186
  Batch 300/6019, Loss: 0.3370
  Batch 400/6019, Loss: 0.3448
  Batch 500/6019, Loss: 0.3850
  Batch 600/6019, Loss: 0.3477
  Batch 700/6019, Loss: 0.3973
  Batch 800/6019, Loss: 0.3945
  Batch 900/6019, Loss: 0.3174
  Batch 1000/6019, Loss: 0.3851
  Batch 1100/6019, Loss: 0.3167
  Batch 1200/6019, Loss: 0.3201
  Batch 1300/6019, Loss: 0.4473
  Batch 1400/6019, Loss: 0.3145
  Batch 1500/6019, Loss: 0.3696
  Batch 1600/6019, Loss: 0.3269
  Batch 1700/6019, Loss: 0.3393
  Batch 1800/6019, Loss: 0.4413
  Batch 1900/6019, Loss: 0.3412
  Batch 2000/6019, Loss: 0.3042
  Batch 2100/6019, Loss: 0.2891
  Batch 2200/6019, Loss: 0.2842
  Batch 2300/6019, Loss: 0.3039
  Batch 2400/6019, Loss: 0.3805
  Batch 2500/6019, Loss: 0.3467
  Batch 2600/6019, Loss: 0.3136
  Batch 2700/6019, Loss: 0.3955
  Batch 2800/6019, Loss: 0.3674
  Batch 2900/6019, Loss: 0.3204
  Batch 3000/6019, Loss: 0.2890
  Batch 3100/6019, Loss: 0.5251
  Batch 3200/6019, Loss: 0.4574
  Batch 3300/6019, Loss: 0.3558
  Batch 3400/6019, Loss: 0.3309
  Batch 3500/6019, Loss: 0.3983
  Batch 3600/6019, Loss: 0.3425
  Batch 3700/6019, Loss: 0.3753
  Batch 3800/6019, Loss: 0.3479
  Batch 3900/6019, Loss: 0.4551
  Batch 4000/6019, Loss: 0.4060
  Batch 4100/6019, Loss: 0.3742
  Batch 4200/6019, Loss: 0.3608
  Batch 4300/6019, Loss: 0.3959
  Batch 4400/6019, Loss: 0.4932
  Batch 4500/6019, Loss: 0.3950
  Batch 4600/6019, Loss: 0.3245
  Batch 4700/6019, Loss: 0.4619
  Batch 4800/6019, Loss: 0.4454
  Batch 4900/6019, Loss: 0.3502
  Batch 5000/6019, Loss: 0.3469
  Batch 5100/6019, Loss: 0.3599
  Batch 5200/6019, Loss: 0.4458
  Batch 5300/6019, Loss: 0.3806
  Batch 5400/6019, Loss: 0.4081
  Batch 5500/6019, Loss: 0.3878
  Batch 5600/6019, Loss: 0.3356
  Batch 5700/6019, Loss: 0.3001
  Batch 5800/6019, Loss: 0.3880
  Batch 5900/6019, Loss: 0.3535
  Batch 6000/6019, Loss: 0.4132
Train Loss: 0.3733
Val Loss: 0.5687, Val Macro F1: 0.7621
Per-class F1 scores:
  speech:non-tonal: 0.9466
  speech:tonal: 0.6687
  music:vocal: 0.8265
  music:non-vocal: 0.4654
  env:urban: 0.7756
  env:wildlife: 0.8899
Current learning rate: 0.000006

============================================================
Epoch 33/50
============================================================
  Batch 0/6019, Loss: 0.3674
  Batch 100/6019, Loss: 0.3415
  Batch 200/6019, Loss: 0.3500
  Batch 300/6019, Loss: 0.4474
  Batch 400/6019, Loss: 0.3953
  Batch 500/6019, Loss: 0.4121
  Batch 600/6019, Loss: 0.3321
  Batch 700/6019, Loss: 0.3094
  Batch 800/6019, Loss: 0.3368
  Batch 900/6019, Loss: 0.3136
  Batch 1000/6019, Loss: 0.3694
  Batch 1100/6019, Loss: 0.3815
  Batch 1200/6019, Loss: 0.2968
  Batch 1300/6019, Loss: 0.2870
  Batch 1400/6019, Loss: 0.3390
  Batch 1500/6019, Loss: 0.3676
  Batch 1600/6019, Loss: 0.3010
  Batch 1700/6019, Loss: 0.3885
  Batch 1800/6019, Loss: 0.3127
  Batch 1900/6019, Loss: 0.2947
  Batch 2000/6019, Loss: 0.4367
  Batch 2100/6019, Loss: 0.3642
  Batch 2200/6019, Loss: 0.3825
  Batch 2300/6019, Loss: 0.3172
  Batch 2400/6019, Loss: 0.3996
  Batch 2500/6019, Loss: 0.4125
  Batch 2600/6019, Loss: 0.2617
  Batch 2700/6019, Loss: 0.4522
  Batch 2800/6019, Loss: 0.3598
  Batch 2900/6019, Loss: 0.3984
  Batch 3000/6019, Loss: 0.4123
  Batch 3100/6019, Loss: 0.3209
  Batch 3200/6019, Loss: 0.3645
  Batch 3300/6019, Loss: 0.3328
  Batch 3400/6019, Loss: 0.3688
  Batch 3500/6019, Loss: 0.3535
  Batch 3600/6019, Loss: 0.3994
  Batch 3700/6019, Loss: 0.3582
  Batch 3800/6019, Loss: 0.4467
  Batch 3900/6019, Loss: 0.3848
  Batch 4000/6019, Loss: 0.2686
  Batch 4100/6019, Loss: 0.2814
  Batch 4200/6019, Loss: 0.3580
  Batch 4300/6019, Loss: 0.3526
  Batch 4400/6019, Loss: 0.4410
  Batch 4500/6019, Loss: 0.3782
  Batch 4600/6019, Loss: 0.3248
  Batch 4700/6019, Loss: 0.3937
  Batch 4800/6019, Loss: 0.4099
  Batch 4900/6019, Loss: 0.3445
  Batch 5000/6019, Loss: 0.2840
  Batch 5100/6019, Loss: 0.3994
  Batch 5200/6019, Loss: 0.2821
  Batch 5300/6019, Loss: 0.4090
  Batch 5400/6019, Loss: 0.3930
  Batch 5500/6019, Loss: 0.3174
  Batch 5600/6019, Loss: 0.3843
  Batch 5700/6019, Loss: 0.4375
  Batch 5800/6019, Loss: 0.3444
  Batch 5900/6019, Loss: 0.3345
  Batch 6000/6019, Loss: 0.2866
Train Loss: 0.3724
Val Loss: 0.5998, Val Macro F1: 0.7533
Per-class F1 scores:
  speech:non-tonal: 0.9260
  speech:tonal: 0.6270
  music:vocal: 0.8141
  music:non-vocal: 0.5423
  env:urban: 0.7665
  env:wildlife: 0.8440
Current learning rate: 0.000003

============================================================
Epoch 34/50
============================================================
  Batch 0/6019, Loss: 0.3879
  Batch 100/6019, Loss: 0.4447
  Batch 200/6019, Loss: 0.3467
  Batch 300/6019, Loss: 0.3490
  Batch 400/6019, Loss: 0.4391
  Batch 500/6019, Loss: 0.3395
  Batch 600/6019, Loss: 0.3860
  Batch 700/6019, Loss: 0.4000
  Batch 800/6019, Loss: 0.3433
  Batch 900/6019, Loss: 0.2717
  Batch 1000/6019, Loss: 0.4543
  Batch 1100/6019, Loss: 0.4395
  Batch 1200/6019, Loss: 0.3552
  Batch 1300/6019, Loss: 0.4662
  Batch 1400/6019, Loss: 0.3419
  Batch 1500/6019, Loss: 0.3839
  Batch 1600/6019, Loss: 0.3011
  Batch 1700/6019, Loss: 0.3491
  Batch 1800/6019, Loss: 0.3745
  Batch 1900/6019, Loss: 0.2997
  Batch 2000/6019, Loss: 0.4381
  Batch 2100/6019, Loss: 0.4433
  Batch 2200/6019, Loss: 0.3838
  Batch 2300/6019, Loss: 0.3134
  Batch 2400/6019, Loss: 0.3952
  Batch 2500/6019, Loss: 0.3485
  Batch 2600/6019, Loss: 0.3357
  Batch 2700/6019, Loss: 0.4809
  Batch 2800/6019, Loss: 0.4358
  Batch 2900/6019, Loss: 0.3153
  Batch 3000/6019, Loss: 0.5005
  Batch 3100/6019, Loss: 0.5614
  Batch 3200/6019, Loss: 0.3474
  Batch 3300/6019, Loss: 0.4235
  Batch 3400/6019, Loss: 0.3555
  Batch 3500/6019, Loss: 0.2876
  Batch 3600/6019, Loss: 0.2896
  Batch 3700/6019, Loss: 0.4229
  Batch 3800/6019, Loss: 0.3956
  Batch 3900/6019, Loss: 0.3832
  Batch 4000/6019, Loss: 0.4756
  Batch 4100/6019, Loss: 0.3002
  Batch 4200/6019, Loss: 0.3598
  Batch 4300/6019, Loss: 0.4006
  Batch 4400/6019, Loss: 0.3733
  Batch 4500/6019, Loss: 0.2683
  Batch 4600/6019, Loss: 0.3946
  Batch 4700/6019, Loss: 0.3600
  Batch 4800/6019, Loss: 0.4818
  Batch 4900/6019, Loss: 0.3305
  Batch 5000/6019, Loss: 0.3758
  Batch 5100/6019, Loss: 0.4306
  Batch 5200/6019, Loss: 0.3284
  Batch 5300/6019, Loss: 0.3517
  Batch 5400/6019, Loss: 0.3460
  Batch 5500/6019, Loss: 0.3432
  Batch 5600/6019, Loss: 0.3886
  Batch 5700/6019, Loss: 0.3702
  Batch 5800/6019, Loss: 0.3567
  Batch 5900/6019, Loss: 0.4218
  Batch 6000/6019, Loss: 0.2657
Train Loss: 0.3732
Val Loss: 0.6063, Val Macro F1: 0.6119
Per-class F1 scores:
  speech:non-tonal: 0.9399
  speech:tonal: 0.6451
  music:vocal: 0.7996
  music:non-vocal: 0.3248
  env:urban: 0.1734
  env:wildlife: 0.7883
Current learning rate: 0.000003

============================================================
Epoch 35/50
============================================================
  Batch 0/6019, Loss: 0.3532
  Batch 100/6019, Loss: 0.3198
  Batch 200/6019, Loss: 0.3895
  Batch 300/6019, Loss: 0.3875
  Batch 400/6019, Loss: 0.4439
  Batch 500/6019, Loss: 0.5044
  Batch 600/6019, Loss: 0.3816
  Batch 700/6019, Loss: 0.3307
  Batch 800/6019, Loss: 0.3873
  Batch 900/6019, Loss: 0.3992
  Batch 1000/6019, Loss: 0.3211
  Batch 1100/6019, Loss: 0.4662
  Batch 1200/6019, Loss: 0.2975
  Batch 1300/6019, Loss: 0.3137
  Batch 1400/6019, Loss: 0.4362
  Batch 1500/6019, Loss: 0.3280
  Batch 1600/6019, Loss: 0.4583
  Batch 1700/6019, Loss: 0.3332
  Batch 1800/6019, Loss: 0.3039
  Batch 1900/6019, Loss: 0.4019
  Batch 2000/6019, Loss: 0.3464
  Batch 2100/6019, Loss: 0.3681
  Batch 2200/6019, Loss: 0.4205
  Batch 2300/6019, Loss: 0.3212
  Batch 2400/6019, Loss: 0.3710
  Batch 2500/6019, Loss: 0.3094
  Batch 2600/6019, Loss: 0.4231
  Batch 2700/6019, Loss: 0.3847
  Batch 2800/6019, Loss: 0.3299
  Batch 2900/6019, Loss: 0.3620
  Batch 3000/6019, Loss: 0.3684
  Batch 3100/6019, Loss: 0.3121
  Batch 3200/6019, Loss: 0.4177
  Batch 3300/6019, Loss: 0.3822
  Batch 3400/6019, Loss: 0.3744
  Batch 3500/6019, Loss: 0.4043
  Batch 3600/6019, Loss: 0.2896
  Batch 3700/6019, Loss: 0.4094
  Batch 3800/6019, Loss: 0.4046
  Batch 3900/6019, Loss: 0.3413
  Batch 4000/6019, Loss: 0.3727
  Batch 4100/6019, Loss: 0.4011
  Batch 4200/6019, Loss: 0.2709
  Batch 4300/6019, Loss: 0.4575
  Batch 4400/6019, Loss: 0.3856
  Batch 4500/6019, Loss: 0.3612
  Batch 4600/6019, Loss: 0.2136
  Batch 4700/6019, Loss: 0.3632
  Batch 4800/6019, Loss: 0.3559
  Batch 4900/6019, Loss: 0.4037
  Batch 5000/6019, Loss: 0.2942
  Batch 5100/6019, Loss: 0.3769
  Batch 5200/6019, Loss: 0.3574
  Batch 5300/6019, Loss: 0.3622
  Batch 5400/6019, Loss: 0.4287
  Batch 5500/6019, Loss: 0.3765
  Batch 5600/6019, Loss: 0.3727
  Batch 5700/6019, Loss: 0.3635
  Batch 5800/6019, Loss: 0.4501
  Batch 5900/6019, Loss: 0.3877
  Batch 6000/6019, Loss: 0.4025
Train Loss: 0.3728
Val Loss: 0.5620, Val Macro F1: 0.7622
Per-class F1 scores:
  speech:non-tonal: 0.9488
  speech:tonal: 0.6826
  music:vocal: 0.8244
  music:non-vocal: 0.5289
  env:urban: 0.7029
  env:wildlife: 0.8853
Current learning rate: 0.000003
✓ Saved checkpoint at epoch 35

============================================================
Epoch 36/50
============================================================
  Batch 0/6019, Loss: 0.3367
  Batch 100/6019, Loss: 0.4131
  Batch 200/6019, Loss: 0.5111
  Batch 300/6019, Loss: 0.4397
  Batch 400/6019, Loss: 0.3826
  Batch 500/6019, Loss: 0.4176
  Batch 600/6019, Loss: 0.2561
  Batch 700/6019, Loss: 0.3452
  Batch 800/6019, Loss: 0.3633
  Batch 900/6019, Loss: 0.4121
  Batch 1000/6019, Loss: 0.3888
  Batch 1100/6019, Loss: 0.4229
  Batch 1200/6019, Loss: 0.3200
  Batch 1300/6019, Loss: 0.4514
  Batch 1400/6019, Loss: 0.3299
  Batch 1500/6019, Loss: 0.3320
  Batch 1600/6019, Loss: 0.4827
  Batch 1700/6019, Loss: 0.2934
  Batch 1800/6019, Loss: 0.3865
  Batch 1900/6019, Loss: 0.3708
  Batch 2000/6019, Loss: 0.3554
  Batch 2100/6019, Loss: 0.4847
  Batch 2200/6019, Loss: 0.3298
  Batch 2300/6019, Loss: 0.3486
  Batch 2400/6019, Loss: 0.2815
  Batch 2500/6019, Loss: 0.3636
  Batch 2600/6019, Loss: 0.3618
  Batch 2700/6019, Loss: 0.4105
  Batch 2800/6019, Loss: 0.3632
  Batch 2900/6019, Loss: 0.3635
  Batch 3000/6019, Loss: 0.3871
  Batch 3100/6019, Loss: 0.3598
  Batch 3200/6019, Loss: 0.3808
  Batch 3300/6019, Loss: 0.3222
  Batch 3400/6019, Loss: 0.3401
  Batch 3500/6019, Loss: 0.3379
  Batch 3600/6019, Loss: 0.3865
  Batch 3700/6019, Loss: 0.2822
  Batch 3800/6019, Loss: 0.3260
  Batch 3900/6019, Loss: 0.3380
  Batch 4000/6019, Loss: 0.3964
  Batch 4100/6019, Loss: 0.3120
  Batch 4200/6019, Loss: 0.3120
  Batch 4300/6019, Loss: 0.4073
  Batch 4400/6019, Loss: 0.3833
  Batch 4500/6019, Loss: 0.3807
  Batch 4600/6019, Loss: 0.3128
  Batch 4700/6019, Loss: 0.4531
  Batch 4800/6019, Loss: 0.4016
  Batch 4900/6019, Loss: 0.3184
  Batch 5000/6019, Loss: 0.3340
  Batch 5100/6019, Loss: 0.3685
  Batch 5200/6019, Loss: 0.4483
  Batch 5300/6019, Loss: 0.3199
  Batch 5400/6019, Loss: 0.6066
  Batch 5500/6019, Loss: 0.3993
  Batch 5600/6019, Loss: 0.4302
  Batch 5700/6019, Loss: 0.3331
  Batch 5800/6019, Loss: 0.3320
  Batch 5900/6019, Loss: 0.2881
  Batch 6000/6019, Loss: 0.3769
Train Loss: 0.3725
Val Loss: 0.5641, Val Macro F1: 0.7662
Per-class F1 scores:
  speech:non-tonal: 0.9503
  speech:tonal: 0.6845
  music:vocal: 0.8213
  music:non-vocal: 0.4720
  env:urban: 0.7859
  env:wildlife: 0.8833
Current learning rate: 0.000003

============================================================
Epoch 37/50
============================================================
  Batch 0/6019, Loss: 0.2938
  Batch 100/6019, Loss: 0.2946
  Batch 200/6019, Loss: 0.3557
  Batch 300/6019, Loss: 0.3436
  Batch 400/6019, Loss: 0.3746
  Batch 500/6019, Loss: 0.3748
  Batch 600/6019, Loss: 0.3735
  Batch 700/6019, Loss: 0.3783
  Batch 800/6019, Loss: 0.3459
  Batch 900/6019, Loss: 0.4133
  Batch 1000/6019, Loss: 0.3614
  Batch 1100/6019, Loss: 0.4051
  Batch 1200/6019, Loss: 0.2886
  Batch 1300/6019, Loss: 0.3700
  Batch 1400/6019, Loss: 0.3471
  Batch 1500/6019, Loss: 0.3721
  Batch 1600/6019, Loss: 0.3703
  Batch 1700/6019, Loss: 0.3915
  Batch 1800/6019, Loss: 0.4176
  Batch 1900/6019, Loss: 0.4363
  Batch 2000/6019, Loss: 0.4323
  Batch 2100/6019, Loss: 0.3982
  Batch 2200/6019, Loss: 0.3472
  Batch 2300/6019, Loss: 0.3430
  Batch 2400/6019, Loss: 0.3826
  Batch 2500/6019, Loss: 0.3056
  Batch 2600/6019, Loss: 0.4221
  Batch 2700/6019, Loss: 0.3821
  Batch 2800/6019, Loss: 0.3690
  Batch 2900/6019, Loss: 0.3813
  Batch 3000/6019, Loss: 0.3242
  Batch 3100/6019, Loss: 0.2800
  Batch 3200/6019, Loss: 0.3877
  Batch 3300/6019, Loss: 0.4517
  Batch 3400/6019, Loss: 0.4117
  Batch 3500/6019, Loss: 0.3861
  Batch 3600/6019, Loss: 0.3536
  Batch 3700/6019, Loss: 0.3332
  Batch 3800/6019, Loss: 0.4736
  Batch 3900/6019, Loss: 0.3963
  Batch 4000/6019, Loss: 0.3552
  Batch 4100/6019, Loss: 0.3725
  Batch 4200/6019, Loss: 0.4185
  Batch 4300/6019, Loss: 0.3348
  Batch 4400/6019, Loss: 0.3427
  Batch 4500/6019, Loss: 0.4484
  Batch 4600/6019, Loss: 0.3016
  Batch 4700/6019, Loss: 0.4002
  Batch 4800/6019, Loss: 0.3171
  Batch 4900/6019, Loss: 0.3787
  Batch 5000/6019, Loss: 0.3922
  Batch 5100/6019, Loss: 0.4088
  Batch 5200/6019, Loss: 0.3822
  Batch 5300/6019, Loss: 0.4344
  Batch 5400/6019, Loss: 0.2823
  Batch 5500/6019, Loss: 0.3619
  Batch 5600/6019, Loss: 0.2834
  Batch 5700/6019, Loss: 0.3319
  Batch 5800/6019, Loss: 0.3322
  Batch 5900/6019, Loss: 0.3468
  Batch 6000/6019, Loss: 0.3704
Train Loss: 0.3724
Val Loss: 0.6035, Val Macro F1: 0.6578
Per-class F1 scores:
  speech:non-tonal: 0.9322
  speech:tonal: 0.6320
  music:vocal: 0.8079
  music:non-vocal: 0.4218
  env:urban: 0.3508
  env:wildlife: 0.8020
Current learning rate: 0.000002

============================================================
Epoch 38/50
============================================================
  Batch 0/6019, Loss: 0.3662
  Batch 100/6019, Loss: 0.3799
  Batch 200/6019, Loss: 0.3508
  Batch 300/6019, Loss: 0.4543
  Batch 400/6019, Loss: 0.3954
  Batch 500/6019, Loss: 0.3500
  Batch 600/6019, Loss: 0.3530
  Batch 700/6019, Loss: 0.3764
  Batch 800/6019, Loss: 0.3481
  Batch 900/6019, Loss: 0.4227
  Batch 1000/6019, Loss: 0.4156
  Batch 1100/6019, Loss: 0.3890
  Batch 1200/6019, Loss: 0.3461
  Batch 1300/6019, Loss: 0.4169
  Batch 1400/6019, Loss: 0.3400
  Batch 1500/6019, Loss: 0.3113
  Batch 1600/6019, Loss: 0.2637
  Batch 1700/6019, Loss: 0.4212
  Batch 1800/6019, Loss: 0.4400
  Batch 1900/6019, Loss: 0.3687
  Batch 2000/6019, Loss: 0.4007
  Batch 2100/6019, Loss: 0.3556
  Batch 2200/6019, Loss: 0.3427
  Batch 2300/6019, Loss: 0.4829
  Batch 2400/6019, Loss: 0.4398
  Batch 2500/6019, Loss: 0.3863
  Batch 2600/6019, Loss: 0.3565
  Batch 2700/6019, Loss: 0.3482
  Batch 2800/6019, Loss: 0.2946
  Batch 2900/6019, Loss: 0.4379
  Batch 3000/6019, Loss: 0.4177
  Batch 3100/6019, Loss: 0.3903
  Batch 3200/6019, Loss: 0.2987
  Batch 3300/6019, Loss: 0.3808
  Batch 3400/6019, Loss: 0.5277
  Batch 3500/6019, Loss: 0.3156
  Batch 3600/6019, Loss: 0.4145
  Batch 3700/6019, Loss: 0.3084
  Batch 3800/6019, Loss: 0.4417
  Batch 3900/6019, Loss: 0.4152
  Batch 4000/6019, Loss: 0.3337
  Batch 4100/6019, Loss: 0.3230
  Batch 4200/6019, Loss: 0.3459
  Batch 4300/6019, Loss: 0.3761
  Batch 4400/6019, Loss: 0.3900
  Batch 4500/6019, Loss: 0.3502
  Batch 4600/6019, Loss: 0.3377
  Batch 4700/6019, Loss: 0.4407
  Batch 4800/6019, Loss: 0.2728
  Batch 4900/6019, Loss: 0.4775
  Batch 5000/6019, Loss: 0.3219
  Batch 5100/6019, Loss: 0.2718
  Batch 5200/6019, Loss: 0.4122
  Batch 5300/6019, Loss: 0.3046
  Batch 5400/6019, Loss: 0.3807
  Batch 5500/6019, Loss: 0.3573
  Batch 5600/6019, Loss: 0.3652
  Batch 5700/6019, Loss: 0.4465
  Batch 5800/6019, Loss: 0.3726
  Batch 5900/6019, Loss: 0.3368
  Batch 6000/6019, Loss: 0.3449
Train Loss: 0.3721
Val Loss: 0.5687, Val Macro F1: 0.7754
Per-class F1 scores:
  speech:non-tonal: 0.9412
  speech:tonal: 0.6619
  music:vocal: 0.8269
  music:non-vocal: 0.5397
  env:urban: 0.7891
  env:wildlife: 0.8937
Current learning rate: 0.000002
✓ Saved best model with Val F1: 0.7754

============================================================
Epoch 39/50
============================================================
  Batch 0/6019, Loss: 0.3897
  Batch 100/6019, Loss: 0.3019
  Batch 200/6019, Loss: 0.3587
  Batch 300/6019, Loss: 0.4353
  Batch 400/6019, Loss: 0.3210
  Batch 500/6019, Loss: 0.4145
  Batch 600/6019, Loss: 0.2743
  Batch 700/6019, Loss: 0.3343
  Batch 800/6019, Loss: 0.4143
  Batch 900/6019, Loss: 0.2733
  Batch 1000/6019, Loss: 0.3526
  Batch 1100/6019, Loss: 0.3327
  Batch 1200/6019, Loss: 0.3367
  Batch 1300/6019, Loss: 0.4192
  Batch 1400/6019, Loss: 0.3421
  Batch 1500/6019, Loss: 0.3657
  Batch 1600/6019, Loss: 0.4387
  Batch 1700/6019, Loss: 0.4575
  Batch 1800/6019, Loss: 0.3442
  Batch 1900/6019, Loss: 0.4523
  Batch 2000/6019, Loss: 0.2999
  Batch 2100/6019, Loss: 0.4488
  Batch 2200/6019, Loss: 0.3197
  Batch 2300/6019, Loss: 0.3599
  Batch 2400/6019, Loss: 0.3337
  Batch 2500/6019, Loss: 0.3332
  Batch 2600/6019, Loss: 0.2922
  Batch 2700/6019, Loss: 0.2985
  Batch 2800/6019, Loss: 0.3815
  Batch 2900/6019, Loss: 0.3943
  Batch 3000/6019, Loss: 0.4408
  Batch 3100/6019, Loss: 0.3396
  Batch 3200/6019, Loss: 0.3421
  Batch 3300/6019, Loss: 0.3200
  Batch 3400/6019, Loss: 0.3869
  Batch 3500/6019, Loss: 0.4365
  Batch 3600/6019, Loss: 0.3911
  Batch 3700/6019, Loss: 0.4105
  Batch 3800/6019, Loss: 0.3536
  Batch 3900/6019, Loss: 0.6912
  Batch 4000/6019, Loss: 0.3366
  Batch 4100/6019, Loss: 0.4287
  Batch 4200/6019, Loss: 0.4337
  Batch 4300/6019, Loss: 0.3956
  Batch 4400/6019, Loss: 0.3146
  Batch 4500/6019, Loss: 0.3122
  Batch 4600/6019, Loss: 0.4503
  Batch 4700/6019, Loss: 0.3701
  Batch 4800/6019, Loss: 0.3854
  Batch 4900/6019, Loss: 0.2919
  Batch 5000/6019, Loss: 0.4624
  Batch 5100/6019, Loss: 0.3470
  Batch 5200/6019, Loss: 0.3685
  Batch 5300/6019, Loss: 0.3378
  Batch 5400/6019, Loss: 0.4000
  Batch 5500/6019, Loss: 0.4676
  Batch 5600/6019, Loss: 0.3773
  Batch 5700/6019, Loss: 0.4574
  Batch 5800/6019, Loss: 0.3323
  Batch 5900/6019, Loss: 0.3677
  Batch 6000/6019, Loss: 0.3418
Train Loss: 0.3725
Val Loss: 0.5921, Val Macro F1: 0.7571
Per-class F1 scores:
  speech:non-tonal: 0.9318
  speech:tonal: 0.6405
  music:vocal: 0.8221
  music:non-vocal: 0.4333
  env:urban: 0.8333
  env:wildlife: 0.8814
Current learning rate: 0.000002

============================================================
Epoch 40/50
============================================================
  Batch 0/6019, Loss: 0.5348
  Batch 100/6019, Loss: 0.3999
  Batch 200/6019, Loss: 0.3765
  Batch 300/6019, Loss: 0.5124
  Batch 400/6019, Loss: 0.3888
  Batch 500/6019, Loss: 0.3121
  Batch 600/6019, Loss: 0.3598
  Batch 700/6019, Loss: 0.3983
  Batch 800/6019, Loss: 0.3999
  Batch 900/6019, Loss: 0.3553
  Batch 1000/6019, Loss: 0.3560
  Batch 1100/6019, Loss: 0.3366
  Batch 1200/6019, Loss: 0.3522
  Batch 1300/6019, Loss: 0.3155
  Batch 1400/6019, Loss: 0.3440
  Batch 1500/6019, Loss: 0.3973
  Batch 1600/6019, Loss: 0.2927
  Batch 1700/6019, Loss: 0.3094
  Batch 1800/6019, Loss: 0.3779
  Batch 1900/6019, Loss: 0.3655
  Batch 2000/6019, Loss: 0.3700
  Batch 2100/6019, Loss: 0.3894
  Batch 2200/6019, Loss: 0.3419
  Batch 2300/6019, Loss: 0.4479
  Batch 2400/6019, Loss: 0.4048
  Batch 2500/6019, Loss: 0.4080
  Batch 2600/6019, Loss: 0.3711
  Batch 2700/6019, Loss: 0.3641
  Batch 2800/6019, Loss: 0.3289
  Batch 2900/6019, Loss: 0.2991
  Batch 3000/6019, Loss: 0.3759
  Batch 3100/6019, Loss: 0.4341
  Batch 3200/6019, Loss: 0.3398
  Batch 3300/6019, Loss: 0.4042
  Batch 3400/6019, Loss: 0.3575
  Batch 3500/6019, Loss: 0.5560
  Batch 3600/6019, Loss: 0.3480
  Batch 3700/6019, Loss: 0.4875
  Batch 3800/6019, Loss: 0.3782
  Batch 3900/6019, Loss: 0.5340
  Batch 4000/6019, Loss: 0.3926
  Batch 4100/6019, Loss: 0.3878
  Batch 4200/6019, Loss: 0.3784
  Batch 4300/6019, Loss: 0.3506
  Batch 4400/6019, Loss: 0.4300
  Batch 4500/6019, Loss: 0.3619
  Batch 4600/6019, Loss: 0.4455
  Batch 4700/6019, Loss: 0.3111
  Batch 4800/6019, Loss: 0.3804
  Batch 4900/6019, Loss: 0.3674
  Batch 5000/6019, Loss: 0.5305
  Batch 5100/6019, Loss: 0.3253
  Batch 5200/6019, Loss: 0.4531
  Batch 5300/6019, Loss: 0.4268
  Batch 5400/6019, Loss: 0.2844
  Batch 5500/6019, Loss: 0.3982
  Batch 5600/6019, Loss: 0.5102
  Batch 5700/6019, Loss: 0.3732
  Batch 5800/6019, Loss: 0.3621
  Batch 5900/6019, Loss: 0.3855
  Batch 6000/6019, Loss: 0.4406
Train Loss: 0.3723
Val Loss: 0.5763, Val Macro F1: 0.8041
Per-class F1 scores:
  speech:non-tonal: 0.9324
  speech:tonal: 0.6484
  music:vocal: 0.8284
  music:non-vocal: 0.6037
  env:urban: 0.9093
  env:wildlife: 0.9022
Current learning rate: 0.000002
✓ Saved best model with Val F1: 0.8041
✓ Saved checkpoint at epoch 40

============================================================
Epoch 41/50
============================================================
  Batch 0/6019, Loss: 0.3248
  Batch 100/6019, Loss: 0.4314
  Batch 200/6019, Loss: 0.4658
  Batch 300/6019, Loss: 0.3328
  Batch 400/6019, Loss: 0.3327
  Batch 500/6019, Loss: 0.4590
  Batch 600/6019, Loss: 0.4140
  Batch 700/6019, Loss: 0.4536
  Batch 800/6019, Loss: 0.4479
  Batch 900/6019, Loss: 0.3458
  Batch 1000/6019, Loss: 0.3994
  Batch 1100/6019, Loss: 0.3878
  Batch 1200/6019, Loss: 0.4444
  Batch 1300/6019, Loss: 0.4833
  Batch 1400/6019, Loss: 0.3853
  Batch 1500/6019, Loss: 0.3696
  Batch 1600/6019, Loss: 0.4232
  Batch 1700/6019, Loss: 0.4084
  Batch 1800/6019, Loss: 0.4017
  Batch 1900/6019, Loss: 0.4044
  Batch 2000/6019, Loss: 0.4596
  Batch 2100/6019, Loss: 0.3480
  Batch 2200/6019, Loss: 0.3168
  Batch 2300/6019, Loss: 0.3980
  Batch 2400/6019, Loss: 0.3650
  Batch 2500/6019, Loss: 0.3624
  Batch 2600/6019, Loss: 0.4408
  Batch 2700/6019, Loss: 0.3567
  Batch 2800/6019, Loss: 0.3531
  Batch 2900/6019, Loss: 0.4132
  Batch 3000/6019, Loss: 0.3473
  Batch 3100/6019, Loss: 0.3148
  Batch 3200/6019, Loss: 0.3226
  Batch 3300/6019, Loss: 0.3790
  Batch 3400/6019, Loss: 0.4100
  Batch 3500/6019, Loss: 0.2907
  Batch 3600/6019, Loss: 0.4322
  Batch 3700/6019, Loss: 0.4810
  Batch 3800/6019, Loss: 0.3820
  Batch 3900/6019, Loss: 0.5300
  Batch 4000/6019, Loss: 0.3931
  Batch 4100/6019, Loss: 0.4138
  Batch 4200/6019, Loss: 0.3801
  Batch 4300/6019, Loss: 0.3694
  Batch 4400/6019, Loss: 0.4223
  Batch 4500/6019, Loss: 0.4126
  Batch 4600/6019, Loss: 0.3988
  Batch 4700/6019, Loss: 0.3448
  Batch 4800/6019, Loss: 0.3310
  Batch 4900/6019, Loss: 0.4238
  Batch 5000/6019, Loss: 0.3042
  Batch 5100/6019, Loss: 0.3695
  Batch 5200/6019, Loss: 0.3744
  Batch 5300/6019, Loss: 0.3610
  Batch 5400/6019, Loss: 0.3754
  Batch 5500/6019, Loss: 0.3470
  Batch 5600/6019, Loss: 0.3308
  Batch 5700/6019, Loss: 0.4421
  Batch 5800/6019, Loss: 0.3557
  Batch 5900/6019, Loss: 0.4536
  Batch 6000/6019, Loss: 0.3654
Train Loss: 0.3727
Val Loss: 0.6096, Val Macro F1: 0.6399
Per-class F1 scores:
  speech:non-tonal: 0.9366
  speech:tonal: 0.6442
  music:vocal: 0.7934
  music:non-vocal: 0.3316
  env:urban: 0.3303
  env:wildlife: 0.8036
Current learning rate: 0.000002

============================================================
Epoch 42/50
============================================================
  Batch 0/6019, Loss: 0.4035
  Batch 100/6019, Loss: 0.3483
  Batch 200/6019, Loss: 0.4006
  Batch 300/6019, Loss: 0.4232
  Batch 400/6019, Loss: 0.3871
  Batch 500/6019, Loss: 0.2998
  Batch 600/6019, Loss: 0.2940
  Batch 700/6019, Loss: 0.4238
  Batch 800/6019, Loss: 0.3498
  Batch 900/6019, Loss: 0.3331
  Batch 1000/6019, Loss: 0.4705
  Batch 1100/6019, Loss: 0.4050
  Batch 1200/6019, Loss: 0.3780
  Batch 1300/6019, Loss: 0.3052
  Batch 1400/6019, Loss: 0.3159
  Batch 1500/6019, Loss: 0.3964
  Batch 1600/6019, Loss: 0.4809
  Batch 1700/6019, Loss: 0.3951
  Batch 1800/6019, Loss: 0.3112
  Batch 1900/6019, Loss: 0.5000
  Batch 2000/6019, Loss: 0.4069
  Batch 2100/6019, Loss: 0.3104
  Batch 2200/6019, Loss: 0.3449
  Batch 2300/6019, Loss: 0.4314
  Batch 2400/6019, Loss: 0.3427
  Batch 2500/6019, Loss: 0.4421
  Batch 2600/6019, Loss: 0.4101
  Batch 2700/6019, Loss: 0.3507
  Batch 2800/6019, Loss: 0.4179
  Batch 2900/6019, Loss: 0.3561
  Batch 3000/6019, Loss: 0.3412
  Batch 3100/6019, Loss: 0.3449
  Batch 3200/6019, Loss: 0.3589
  Batch 3300/6019, Loss: 0.3556
  Batch 3400/6019, Loss: 0.3052
  Batch 3500/6019, Loss: 0.3288
  Batch 3600/6019, Loss: 0.3556
  Batch 3700/6019, Loss: 0.4428
  Batch 3800/6019, Loss: 0.3125
  Batch 3900/6019, Loss: 0.3727
  Batch 4000/6019, Loss: 0.4601
  Batch 4100/6019, Loss: 0.3578
  Batch 4200/6019, Loss: 0.4201
  Batch 4300/6019, Loss: 0.3239
  Batch 4400/6019, Loss: 0.2991
  Batch 4500/6019, Loss: 0.3282
  Batch 4600/6019, Loss: 0.3629
  Batch 4700/6019, Loss: 0.4042
  Batch 4800/6019, Loss: 0.3571
  Batch 4900/6019, Loss: 0.3185
  Batch 5000/6019, Loss: 0.3322
  Batch 5100/6019, Loss: 0.2772
  Batch 5200/6019, Loss: 0.3654
  Batch 5300/6019, Loss: 0.3303
  Batch 5400/6019, Loss: 0.4139
  Batch 5500/6019, Loss: 0.5323
  Batch 5600/6019, Loss: 0.3482
  Batch 5700/6019, Loss: 0.3472
  Batch 5800/6019, Loss: 0.3978
  Batch 5900/6019, Loss: 0.3885
  Batch 6000/6019, Loss: 0.4624
Train Loss: 0.3722
Val Loss: 0.5887, Val Macro F1: 0.7551
Per-class F1 scores:
  speech:non-tonal: 0.9333
  speech:tonal: 0.6482
  music:vocal: 0.8189
  music:non-vocal: 0.4929
  env:urban: 0.7739
  env:wildlife: 0.8636
Current learning rate: 0.000002

============================================================
Epoch 43/50
============================================================
  Batch 0/6019, Loss: 0.2913
  Batch 100/6019, Loss: 0.3409
  Batch 200/6019, Loss: 0.3556
  Batch 300/6019, Loss: 0.3767
  Batch 400/6019, Loss: 0.3559
  Batch 500/6019, Loss: 0.4004
  Batch 600/6019, Loss: 0.4154
  Batch 700/6019, Loss: 0.3301
  Batch 800/6019, Loss: 0.4326
  Batch 900/6019, Loss: 0.3428
  Batch 1000/6019, Loss: 0.4112
  Batch 1100/6019, Loss: 0.3460
  Batch 1200/6019, Loss: 0.3710
  Batch 1300/6019, Loss: 0.3176
  Batch 1400/6019, Loss: 0.3374
  Batch 1500/6019, Loss: 0.3405
  Batch 1600/6019, Loss: 0.3667
  Batch 1700/6019, Loss: 0.3795
  Batch 1800/6019, Loss: 0.3081
  Batch 1900/6019, Loss: 0.2691
  Batch 2000/6019, Loss: 0.4253
  Batch 2100/6019, Loss: 0.2966
  Batch 2200/6019, Loss: 0.3585
  Batch 2300/6019, Loss: 0.3668
  Batch 2400/6019, Loss: 0.2966
  Batch 2500/6019, Loss: 0.4243
  Batch 2600/6019, Loss: 0.2898
  Batch 2700/6019, Loss: 0.3523
  Batch 2800/6019, Loss: 0.3032
  Batch 2900/6019, Loss: 0.4035
  Batch 3000/6019, Loss: 0.3304
  Batch 3100/6019, Loss: 0.3898
  Batch 3200/6019, Loss: 0.3709
  Batch 3300/6019, Loss: 0.3568
  Batch 3400/6019, Loss: 0.3807
  Batch 3500/6019, Loss: 0.2833
  Batch 3600/6019, Loss: 0.3662
  Batch 3700/6019, Loss: 0.3215
  Batch 3800/6019, Loss: 0.4028
  Batch 3900/6019, Loss: 0.4043
  Batch 4000/6019, Loss: 0.3034
  Batch 4100/6019, Loss: 0.3522
  Batch 4200/6019, Loss: 0.3997
  Batch 4300/6019, Loss: 0.3648
  Batch 4400/6019, Loss: 0.4655
  Batch 4500/6019, Loss: 0.2903
  Batch 4600/6019, Loss: 0.4205
  Batch 4700/6019, Loss: 0.2904
  Batch 4800/6019, Loss: 0.4267
  Batch 4900/6019, Loss: 0.4560
  Batch 5000/6019, Loss: 0.3285
  Batch 5100/6019, Loss: 0.4034
  Batch 5200/6019, Loss: 0.3643
  Batch 5300/6019, Loss: 0.2711
  Batch 5400/6019, Loss: 0.3278
  Batch 5500/6019, Loss: 0.3910
  Batch 5600/6019, Loss: 0.4035
  Batch 5700/6019, Loss: 0.3399
  Batch 5800/6019, Loss: 0.3443
  Batch 5900/6019, Loss: 0.3345
  Batch 6000/6019, Loss: 0.4191
Train Loss: 0.3719
Val Loss: 0.5836, Val Macro F1: 0.7098
Per-class F1 scores:
  speech:non-tonal: 0.9383
  speech:tonal: 0.6538
  music:vocal: 0.8164
  music:non-vocal: 0.5026
  env:urban: 0.5081
  env:wildlife: 0.8397
Current learning rate: 0.000002

============================================================
Epoch 44/50
============================================================
  Batch 0/6019, Loss: 0.3531
  Batch 100/6019, Loss: 0.3941
  Batch 200/6019, Loss: 0.3768
  Batch 300/6019, Loss: 0.4218
  Batch 400/6019, Loss: 0.2910
  Batch 500/6019, Loss: 0.3078
  Batch 600/6019, Loss: 0.3516
  Batch 700/6019, Loss: 0.4025
  Batch 800/6019, Loss: 0.2762
  Batch 900/6019, Loss: 0.3792
  Batch 1000/6019, Loss: 0.3424
  Batch 1100/6019, Loss: 0.3786
  Batch 1200/6019, Loss: 0.3123
  Batch 1300/6019, Loss: 0.3189
  Batch 1400/6019, Loss: 0.3384
  Batch 1500/6019, Loss: 0.2984
  Batch 1600/6019, Loss: 0.3433
  Batch 1700/6019, Loss: 0.3643
  Batch 1800/6019, Loss: 0.3007
  Batch 1900/6019, Loss: 0.3086
  Batch 2000/6019, Loss: 0.3672
  Batch 2100/6019, Loss: 0.3605
  Batch 2200/6019, Loss: 0.2835
  Batch 2300/6019, Loss: 0.3668
  Batch 2400/6019, Loss: 0.3351
  Batch 2500/6019, Loss: 0.4396
  Batch 2600/6019, Loss: 0.3008
  Batch 2700/6019, Loss: 0.4051
  Batch 2800/6019, Loss: 0.3902
  Batch 2900/6019, Loss: 0.3775
  Batch 3000/6019, Loss: 0.3646
  Batch 3100/6019, Loss: 0.3497
  Batch 3200/6019, Loss: 0.3981
  Batch 3300/6019, Loss: 0.3153
  Batch 3400/6019, Loss: 0.3484
  Batch 3500/6019, Loss: 0.2724
  Batch 3600/6019, Loss: 0.3602
  Batch 3700/6019, Loss: 0.3582
  Batch 3800/6019, Loss: 0.3144
  Batch 3900/6019, Loss: 0.3350
  Batch 4000/6019, Loss: 0.2981
  Batch 4100/6019, Loss: 0.2957
  Batch 4200/6019, Loss: 0.2709
  Batch 4300/6019, Loss: 0.3719
  Batch 4400/6019, Loss: 0.4147
  Batch 4500/6019, Loss: 0.3564
  Batch 4600/6019, Loss: 0.3412
  Batch 4700/6019, Loss: 0.3956
  Batch 4800/6019, Loss: 0.3425
  Batch 4900/6019, Loss: 0.3472
  Batch 5000/6019, Loss: 0.5778
  Batch 5100/6019, Loss: 0.5774
  Batch 5200/6019, Loss: 0.5504
  Batch 5300/6019, Loss: 0.2940
  Batch 5400/6019, Loss: 0.4064
  Batch 5500/6019, Loss: 0.3978
  Batch 5600/6019, Loss: 0.4884
  Batch 5700/6019, Loss: 0.4426
  Batch 5800/6019, Loss: 0.3930
  Batch 5900/6019, Loss: 0.3356
  Batch 6000/6019, Loss: 0.3873
Train Loss: 0.3724
Val Loss: 0.5940, Val Macro F1: 0.7445
Per-class F1 scores:
  speech:non-tonal: 0.9337
  speech:tonal: 0.6451
  music:vocal: 0.8188
  music:non-vocal: 0.4317
  env:urban: 0.7587
  env:wildlife: 0.8790
Current learning rate: 0.000002

============================================================
Epoch 45/50
============================================================
  Batch 0/6019, Loss: 0.3746
  Batch 100/6019, Loss: 0.3412
  Batch 200/6019, Loss: 0.4406
  Batch 300/6019, Loss: 0.2635
  Batch 400/6019, Loss: 0.3246
  Batch 500/6019, Loss: 0.4117
  Batch 600/6019, Loss: 0.3380
  Batch 700/6019, Loss: 0.3499
  Batch 800/6019, Loss: 0.3354
  Batch 900/6019, Loss: 0.3892
  Batch 1000/6019, Loss: 0.4595
  Batch 1100/6019, Loss: 0.4669
  Batch 1200/6019, Loss: 0.4354
  Batch 1300/6019, Loss: 0.2917
  Batch 1400/6019, Loss: 0.3604
  Batch 1500/6019, Loss: 0.3845
  Batch 1600/6019, Loss: 0.3881
  Batch 1700/6019, Loss: 0.2874
  Batch 1800/6019, Loss: 0.3916
  Batch 1900/6019, Loss: 0.4243
  Batch 2000/6019, Loss: 0.3807
  Batch 2100/6019, Loss: 0.4477
  Batch 2200/6019, Loss: 0.3949
  Batch 2300/6019, Loss: 0.3678
  Batch 2400/6019, Loss: 0.3541
  Batch 2500/6019, Loss: 0.4349
  Batch 2600/6019, Loss: 0.4343
  Batch 2700/6019, Loss: 0.4111
  Batch 2800/6019, Loss: 0.3922
  Batch 2900/6019, Loss: 0.3587
  Batch 3000/6019, Loss: 0.3655
  Batch 3100/6019, Loss: 0.3381
  Batch 3200/6019, Loss: 0.3963
  Batch 3300/6019, Loss: 0.3796
  Batch 3400/6019, Loss: 0.3563
  Batch 3500/6019, Loss: 0.3131
  Batch 3600/6019, Loss: 0.3309
  Batch 3700/6019, Loss: 0.3135
  Batch 3800/6019, Loss: 0.3140
  Batch 3900/6019, Loss: 0.4945
  Batch 4000/6019, Loss: 0.4267
  Batch 4100/6019, Loss: 0.4951
  Batch 4200/6019, Loss: 0.3919
  Batch 4300/6019, Loss: 0.3317
  Batch 4400/6019, Loss: 0.4575
  Batch 4500/6019, Loss: 0.4396
  Batch 4600/6019, Loss: 0.3284
  Batch 4700/6019, Loss: 0.3826
  Batch 4800/6019, Loss: 0.3740
  Batch 4900/6019, Loss: 0.3286
  Batch 5000/6019, Loss: 0.3930
  Batch 5100/6019, Loss: 0.3021
  Batch 5200/6019, Loss: 0.3737
  Batch 5300/6019, Loss: 0.3756
  Batch 5400/6019, Loss: 0.2950
  Batch 5500/6019, Loss: 0.3501
  Batch 5600/6019, Loss: 0.3705
  Batch 5700/6019, Loss: 0.4952
  Batch 5800/6019, Loss: 0.4098
  Batch 5900/6019, Loss: 0.4029
  Batch 6000/6019, Loss: 0.4076
Train Loss: 0.3723
Val Loss: 0.6140, Val Macro F1: 0.6754
Per-class F1 scores:
  speech:non-tonal: 0.9266
  speech:tonal: 0.6231
  music:vocal: 0.8104
  music:non-vocal: 0.4214
  env:urban: 0.4759
  env:wildlife: 0.7952
Current learning rate: 0.000001
✓ Saved checkpoint at epoch 45

============================================================
Epoch 46/50
============================================================
  Batch 0/6019, Loss: 0.3837
  Batch 100/6019, Loss: 0.4137
  Batch 200/6019, Loss: 0.3297
  Batch 300/6019, Loss: 0.3391
  Batch 400/6019, Loss: 0.3628
  Batch 500/6019, Loss: 0.3287
  Batch 600/6019, Loss: 0.4476
  Batch 700/6019, Loss: 0.4165
  Batch 800/6019, Loss: 0.3728
  Batch 900/6019, Loss: 0.4168
  Batch 1000/6019, Loss: 0.3985
  Batch 1100/6019, Loss: 0.3224
  Batch 1200/6019, Loss: 0.3522
  Batch 1300/6019, Loss: 0.3447
  Batch 1400/6019, Loss: 0.3884
  Batch 1500/6019, Loss: 0.3244
  Batch 1600/6019, Loss: 0.2432
  Batch 1700/6019, Loss: 0.4469
  Batch 1800/6019, Loss: 0.3686
  Batch 1900/6019, Loss: 0.3919
  Batch 2000/6019, Loss: 0.3737
  Batch 2100/6019, Loss: 0.3598
  Batch 2200/6019, Loss: 0.4332
  Batch 2300/6019, Loss: 0.3981
  Batch 2400/6019, Loss: 0.2889
  Batch 2500/6019, Loss: 0.3958
  Batch 2600/6019, Loss: 0.3205
  Batch 2700/6019, Loss: 0.3395
  Batch 2800/6019, Loss: 0.3466
  Batch 2900/6019, Loss: 0.3497
  Batch 3000/6019, Loss: 0.3321
  Batch 3100/6019, Loss: 0.5011
  Batch 3200/6019, Loss: 0.2960
  Batch 3300/6019, Loss: 0.3817
  Batch 3400/6019, Loss: 0.3388
  Batch 3500/6019, Loss: 0.3148
  Batch 3600/6019, Loss: 0.3780
  Batch 3700/6019, Loss: 0.3770
  Batch 3800/6019, Loss: 0.3261
  Batch 3900/6019, Loss: 0.3780
  Batch 4000/6019, Loss: 0.3568
  Batch 4100/6019, Loss: 0.3932
  Batch 4200/6019, Loss: 0.3957
  Batch 4300/6019, Loss: 0.4264
  Batch 4400/6019, Loss: 0.3796
  Batch 4500/6019, Loss: 0.4011
  Batch 4600/6019, Loss: 0.3605
  Batch 4700/6019, Loss: 0.4019
  Batch 4800/6019, Loss: 0.4415
  Batch 4900/6019, Loss: 0.3238
  Batch 5000/6019, Loss: 0.3168
  Batch 5100/6019, Loss: 0.3343
  Batch 5200/6019, Loss: 0.3098
  Batch 5300/6019, Loss: 0.4244
  Batch 5400/6019, Loss: 0.3787
  Batch 5500/6019, Loss: 0.3511
  Batch 5600/6019, Loss: 0.4014
  Batch 5700/6019, Loss: 0.4082
  Batch 5800/6019, Loss: 0.3237
  Batch 5900/6019, Loss: 0.3121
  Batch 6000/6019, Loss: 0.3804
Train Loss: 0.3718
Val Loss: 0.5799, Val Macro F1: 0.7693
Per-class F1 scores:
  speech:non-tonal: 0.9356
  speech:tonal: 0.6559
  music:vocal: 0.8233
  music:non-vocal: 0.5020
  env:urban: 0.8112
  env:wildlife: 0.8880
Current learning rate: 0.000001

============================================================
Epoch 47/50
============================================================
  Batch 0/6019, Loss: 0.3056
  Batch 100/6019, Loss: 0.3644
  Batch 200/6019, Loss: 0.2548
  Batch 300/6019, Loss: 0.4361
  Batch 400/6019, Loss: 0.4370
  Batch 500/6019, Loss: 0.3404
  Batch 600/6019, Loss: 0.3275
  Batch 700/6019, Loss: 0.3559
  Batch 800/6019, Loss: 0.3174
  Batch 900/6019, Loss: 0.3975
  Batch 1000/6019, Loss: 0.3889
  Batch 1100/6019, Loss: 0.3538
  Batch 1200/6019, Loss: 0.3580
  Batch 1300/6019, Loss: 0.3766
  Batch 1400/6019, Loss: 0.3353
  Batch 1500/6019, Loss: 0.3073
  Batch 1600/6019, Loss: 0.3231
  Batch 1700/6019, Loss: 0.3249
  Batch 1800/6019, Loss: 0.3938
  Batch 1900/6019, Loss: 0.3993
  Batch 2000/6019, Loss: 0.4200
  Batch 2100/6019, Loss: 0.3919
  Batch 2200/6019, Loss: 0.4766
  Batch 2300/6019, Loss: 0.3950
  Batch 2400/6019, Loss: 0.4964
  Batch 2500/6019, Loss: 0.3464
  Batch 2600/6019, Loss: 0.3838
  Batch 2700/6019, Loss: 0.3219
  Batch 2800/6019, Loss: 0.3117
  Batch 2900/6019, Loss: 0.4186
  Batch 3000/6019, Loss: 0.3566
  Batch 3100/6019, Loss: 0.3557
  Batch 3200/6019, Loss: 0.2719
  Batch 3300/6019, Loss: 0.3203
  Batch 3400/6019, Loss: 0.3585
  Batch 3500/6019, Loss: 0.4730
  Batch 3600/6019, Loss: 0.3596
  Batch 3700/6019, Loss: 0.4173
  Batch 3800/6019, Loss: 0.3588
  Batch 3900/6019, Loss: 0.3843
  Batch 4000/6019, Loss: 0.4192
  Batch 4100/6019, Loss: 0.3188
  Batch 4200/6019, Loss: 0.3392
  Batch 4300/6019, Loss: 0.4414
  Batch 4400/6019, Loss: 0.3524
  Batch 4500/6019, Loss: 0.3208
  Batch 4600/6019, Loss: 0.3463
  Batch 4700/6019, Loss: 0.3961
  Batch 4800/6019, Loss: 0.3497
  Batch 4900/6019, Loss: 0.3464
  Batch 5000/6019, Loss: 0.3277
  Batch 5100/6019, Loss: 0.3812
  Batch 5200/6019, Loss: 0.4791
  Batch 5300/6019, Loss: 0.3010
  Batch 5400/6019, Loss: 0.3663
  Batch 5500/6019, Loss: 0.3988
  Batch 5600/6019, Loss: 0.3684
  Batch 5700/6019, Loss: 0.4325
  Batch 5800/6019, Loss: 0.4029
  Batch 5900/6019, Loss: 0.2943
  Batch 6000/6019, Loss: 0.3685
Train Loss: 0.3720
Val Loss: 0.5799, Val Macro F1: 0.7298
Per-class F1 scores:
  speech:non-tonal: 0.9436
  speech:tonal: 0.6702
  music:vocal: 0.8154
  music:non-vocal: 0.4297
  env:urban: 0.6628
  env:wildlife: 0.8570
Current learning rate: 0.000001

============================================================
Epoch 48/50
============================================================
  Batch 0/6019, Loss: 0.3031
  Batch 100/6019, Loss: 0.3973
  Batch 200/6019, Loss: 0.3848
  Batch 300/6019, Loss: 0.3336
  Batch 400/6019, Loss: 0.3521
  Batch 500/6019, Loss: 0.3474
  Batch 600/6019, Loss: 0.4372
  Batch 700/6019, Loss: 0.3321
  Batch 800/6019, Loss: 0.3141
  Batch 900/6019, Loss: 0.4156
  Batch 1000/6019, Loss: 0.3034
  Batch 1100/6019, Loss: 0.3320
  Batch 1200/6019, Loss: 0.3759
  Batch 1300/6019, Loss: 0.3342
  Batch 1400/6019, Loss: 0.3231
  Batch 1500/6019, Loss: 0.3471
  Batch 1600/6019, Loss: 0.3361
  Batch 1700/6019, Loss: 0.4439
  Batch 1800/6019, Loss: 0.3416
  Batch 1900/6019, Loss: 0.3988
  Batch 2000/6019, Loss: 0.3151
  Batch 2100/6019, Loss: 0.3562
  Batch 2200/6019, Loss: 0.3777
  Batch 2300/6019, Loss: 0.4280
  Batch 2400/6019, Loss: 0.3169
  Batch 2500/6019, Loss: 0.3402
  Batch 2600/6019, Loss: 0.3733
  Batch 2700/6019, Loss: 0.3695
  Batch 2800/6019, Loss: 0.3421
  Batch 2900/6019, Loss: 0.3197
  Batch 3000/6019, Loss: 0.3732
  Batch 3100/6019, Loss: 0.3710
  Batch 3200/6019, Loss: 0.4269
  Batch 3300/6019, Loss: 0.3789
  Batch 3400/6019, Loss: 0.4380
  Batch 3500/6019, Loss: 0.3360
  Batch 3600/6019, Loss: 0.3079
  Batch 3700/6019, Loss: 0.3921
  Batch 3800/6019, Loss: 0.2787
  Batch 3900/6019, Loss: 0.3611
  Batch 4000/6019, Loss: 0.3624
  Batch 4100/6019, Loss: 0.3501
  Batch 4200/6019, Loss: 0.4970
  Batch 4300/6019, Loss: 0.3449
  Batch 4400/6019, Loss: 0.3684
  Batch 4500/6019, Loss: 0.3666
  Batch 4600/6019, Loss: 0.3201
  Batch 4700/6019, Loss: 0.4619
  Batch 4800/6019, Loss: 0.3471
  Batch 4900/6019, Loss: 0.3357
  Batch 5000/6019, Loss: 0.4110
  Batch 5100/6019, Loss: 0.2970
  Batch 5200/6019, Loss: 0.4323
  Batch 5300/6019, Loss: 0.2617
  Batch 5400/6019, Loss: 0.2968
  Batch 5500/6019, Loss: 0.4232
  Batch 5600/6019, Loss: 0.3648
  Batch 5700/6019, Loss: 0.2861
  Batch 5800/6019, Loss: 0.4125
  Batch 5900/6019, Loss: 0.3377
  Batch 6000/6019, Loss: 0.3705
Train Loss: 0.3722
Val Loss: 0.5949, Val Macro F1: 0.6600
Per-class F1 scores:
  speech:non-tonal: 0.9395
  speech:tonal: 0.6607
  music:vocal: 0.8039
  music:non-vocal: 0.3940
  env:urban: 0.3442
  env:wildlife: 0.8179
Current learning rate: 0.000001

============================================================
Epoch 49/50
============================================================
  Batch 0/6019, Loss: 0.4015
  Batch 100/6019, Loss: 0.3551
  Batch 200/6019, Loss: 0.4280
  Batch 300/6019, Loss: 0.4401
  Batch 400/6019, Loss: 0.3597
  Batch 500/6019, Loss: 0.3894
  Batch 600/6019, Loss: 0.3902
  Batch 700/6019, Loss: 0.4136
  Batch 800/6019, Loss: 0.4505
  Batch 900/6019, Loss: 0.3350
  Batch 1000/6019, Loss: 0.2674
  Batch 1100/6019, Loss: 0.3953
  Batch 1200/6019, Loss: 0.5039
  Batch 1300/6019, Loss: 0.3788
  Batch 1400/6019, Loss: 0.2821
  Batch 1500/6019, Loss: 0.4550
  Batch 1600/6019, Loss: 0.3823
  Batch 1700/6019, Loss: 0.3181
  Batch 1800/6019, Loss: 0.3397
  Batch 1900/6019, Loss: 0.3543
  Batch 2000/6019, Loss: 0.2912
  Batch 2100/6019, Loss: 0.3460
  Batch 2200/6019, Loss: 0.3107
  Batch 2300/6019, Loss: 0.3709
  Batch 2400/6019, Loss: 0.4481
  Batch 2500/6019, Loss: 0.4211
  Batch 2600/6019, Loss: 0.3847
  Batch 2700/6019, Loss: 0.3825
  Batch 2800/6019, Loss: 0.3572
  Batch 2900/6019, Loss: 0.3364
  Batch 3000/6019, Loss: 0.3429
  Batch 3100/6019, Loss: 0.3532
  Batch 3200/6019, Loss: 0.3573
  Batch 3300/6019, Loss: 0.3781
  Batch 3400/6019, Loss: 0.3837
  Batch 3500/6019, Loss: 0.2730
  Batch 3600/6019, Loss: 0.3901
  Batch 3700/6019, Loss: 0.4472
  Batch 3800/6019, Loss: 0.4103
  Batch 3900/6019, Loss: 0.2761
  Batch 4000/6019, Loss: 0.3368
  Batch 4100/6019, Loss: 0.3760
  Batch 4200/6019, Loss: 0.3431
  Batch 4300/6019, Loss: 0.3837
  Batch 4400/6019, Loss: 0.4014
  Batch 4500/6019, Loss: 0.3472
  Batch 4600/6019, Loss: 0.3668
  Batch 4700/6019, Loss: 0.3579
  Batch 4800/6019, Loss: 0.3780
  Batch 4900/6019, Loss: 0.3239
  Batch 5000/6019, Loss: 0.3538
  Batch 5100/6019, Loss: 0.4647
  Batch 5200/6019, Loss: 0.3521
  Batch 5300/6019, Loss: 0.4997
  Batch 5400/6019, Loss: 0.4413
  Batch 5500/6019, Loss: 0.3024
  Batch 5600/6019, Loss: 0.4959
  Batch 5700/6019, Loss: 0.3576
  Batch 5800/6019, Loss: 0.3673
  Batch 5900/6019, Loss: 0.4378
  Batch 6000/6019, Loss: 0.4523
Train Loss: 0.3720
Val Loss: 0.5970, Val Macro F1: 0.7026
Per-class F1 scores:
  speech:non-tonal: 0.9343
  speech:tonal: 0.6377
  music:vocal: 0.8174
  music:non-vocal: 0.3948
  env:urban: 0.5864
  env:wildlife: 0.8450
Current learning rate: 0.000000

============================================================
Epoch 50/50
============================================================
  Batch 0/6019, Loss: 0.4812
  Batch 100/6019, Loss: 0.4634
  Batch 200/6019, Loss: 0.3810
  Batch 300/6019, Loss: 0.3968
  Batch 400/6019, Loss: 0.3676
  Batch 500/6019, Loss: 0.4480
  Batch 600/6019, Loss: 0.3504
  Batch 700/6019, Loss: 0.5645
  Batch 800/6019, Loss: 0.2967
  Batch 900/6019, Loss: 0.4423
  Batch 1000/6019, Loss: 0.3544
  Batch 1100/6019, Loss: 0.3847
  Batch 1200/6019, Loss: 0.4150
  Batch 1300/6019, Loss: 0.3164
  Batch 1400/6019, Loss: 0.4199
  Batch 1500/6019, Loss: 0.3788
  Batch 1600/6019, Loss: 0.4185
  Batch 1700/6019, Loss: 0.4166
  Batch 1800/6019, Loss: 0.3638
  Batch 1900/6019, Loss: 0.4452
  Batch 2000/6019, Loss: 0.4515
  Batch 2100/6019, Loss: 0.3545
  Batch 2200/6019, Loss: 0.4596
  Batch 2300/6019, Loss: 0.2780
  Batch 2400/6019, Loss: 0.4103
  Batch 2500/6019, Loss: 0.3835
  Batch 2600/6019, Loss: 0.3386
  Batch 2700/6019, Loss: 0.3382
  Batch 2800/6019, Loss: 0.4155
  Batch 2900/6019, Loss: 0.3593
  Batch 3000/6019, Loss: 0.3828
  Batch 3100/6019, Loss: 0.2695
  Batch 3200/6019, Loss: 0.3188
  Batch 3300/6019, Loss: 0.3017
  Batch 3400/6019, Loss: 0.3935
  Batch 3500/6019, Loss: 0.3755
  Batch 3600/6019, Loss: 0.3715
  Batch 3700/6019, Loss: 0.2835
  Batch 3800/6019, Loss: 0.4383
  Batch 3900/6019, Loss: 0.4596
  Batch 4000/6019, Loss: 0.4109
  Batch 4100/6019, Loss: 0.3863
  Batch 4200/6019, Loss: 0.3089
  Batch 4300/6019, Loss: 0.4082
  Batch 4400/6019, Loss: 0.2843
  Batch 4500/6019, Loss: 0.3891
  Batch 4600/6019, Loss: 0.3374
  Batch 4700/6019, Loss: 0.4223
  Batch 4800/6019, Loss: 0.4055
  Batch 4900/6019, Loss: 0.3530
  Batch 5000/6019, Loss: 0.4318
  Batch 5100/6019, Loss: 0.2802
  Batch 5200/6019, Loss: 0.2825
  Batch 5300/6019, Loss: 0.4291
  Batch 5400/6019, Loss: 0.3338
  Batch 5500/6019, Loss: 0.3530
  Batch 5600/6019, Loss: 0.4575
  Batch 5700/6019, Loss: 0.4380
  Batch 5800/6019, Loss: 0.3859
  Batch 5900/6019, Loss: 0.3993
  Batch 6000/6019, Loss: 0.2860
Train Loss: 0.3720
Val Loss: 0.5962, Val Macro F1: 0.7447
Per-class F1 scores:
  speech:non-tonal: 0.9270
  speech:tonal: 0.6272
  music:vocal: 0.8205
  music:non-vocal: 0.5049
  env:urban: 0.7431
  env:wildlife: 0.8456
Current learning rate: 0.000000
✓ Saved checkpoint at epoch 50

============================================================
Training completed! Best Val F1: 0.8041
============================================================

============================================================
Evaluating on test set...
============================================================
Test Loss: 0.5680
Test Macro F1: 0.8279

Per-class Test F1 scores:
  speech:non-tonal: 0.9285
  speech:tonal: 0.7142
  music:vocal: 0.8320
  music:non-vocal: 0.6383
  env:urban: 0.9297
  env:wildlife: 0.9246

============================================================
Done!
============================================================
