Using device: cuda
GPU: Quadro RTX 8000
Checkpoint directory: model/STM/Kanformer_enhanced2_corpora_categories/standard/ckpt/2026-01-19_09-15
Loaded: /vast-ac8888/MusicSpeech-STM/STM_output/corpSTMnpy/BibleTTS-akuapem-twi_STMall.npy, shape: (23592, 2420)
Loaded: /vast-ac8888/MusicSpeech-STM/STM_output/corpSTMnpy/BibleTTS-asante-twi_STMall.npy, shape: (20768, 2420)
Loaded: /vast-ac8888/MusicSpeech-STM/STM_output/corpSTMnpy/BibleTTS-ewe_STMall.npy, shape: (22138, 2420)
Loaded: /vast-ac8888/MusicSpeech-STM/STM_output/corpSTMnpy/BibleTTS-hausa_STMall.npy, shape: (29002, 2420)
Loaded: /vast-ac8888/MusicSpeech-STM/STM_output/corpSTMnpy/BibleTTS-lingala_STMall.npy, shape: (11219, 2420)
Loaded: /vast-ac8888/MusicSpeech-STM/STM_output/corpSTMnpy/BibleTTS-yoruba_STMall.npy, shape: (6629, 2420)
Loaded: /vast-ac8888/MusicSpeech-STM/STM_output/corpSTMnpy/Buckeye_STMall.npy, shape: (255, 2420)
Loaded: /vast-ac8888/MusicSpeech-STM/STM_output/corpSTMnpy/EUROM_STMall.npy, shape: (6623, 2420)
Loaded: /vast-ac8888/MusicSpeech-STM/STM_output/corpSTMnpy/HiltonMoser2022_speech_STMall.npy, shape: (785, 2420)
Loaded: /vast-ac8888/MusicSpeech-STM/STM_output/corpSTMnpy/LibriSpeech_STMall.npy, shape: (27144, 2420)
Loaded: /vast-ac8888/MusicSpeech-STM/STM_output/corpSTMnpy/MediaSpeech-AR_STMall.npy, shape: (2505, 2420)
Loaded: /vast-ac8888/MusicSpeech-STM/STM_output/corpSTMnpy/MediaSpeech-ES_STMall.npy, shape: (2507, 2420)
Loaded: /vast-ac8888/MusicSpeech-STM/STM_output/corpSTMnpy/MediaSpeech-FR_STMall.npy, shape: (2498, 2420)
Loaded: /vast-ac8888/MusicSpeech-STM/STM_output/corpSTMnpy/MediaSpeech-TR_STMall.npy, shape: (2512, 2420)
Loaded: /vast-ac8888/MusicSpeech-STM/STM_output/corpSTMnpy/MozillaCommonVoice-ab_STMall.npy, shape: (7558, 2420)
Loaded: /vast-ac8888/MusicSpeech-STM/STM_output/corpSTMnpy/MozillaCommonVoice-ar_STMall.npy, shape: (8080, 2420)
Loaded: /vast-ac8888/MusicSpeech-STM/STM_output/corpSTMnpy/MozillaCommonVoice-ba_STMall.npy, shape: (7964, 2420)
Loaded: /vast-ac8888/MusicSpeech-STM/STM_output/corpSTMnpy/MozillaCommonVoice-be_STMall.npy, shape: (8595, 2420)
Loaded: /vast-ac8888/MusicSpeech-STM/STM_output/corpSTMnpy/MozillaCommonVoice-bg_STMall.npy, shape: (7130, 2420)
Loaded: /vast-ac8888/MusicSpeech-STM/STM_output/corpSTMnpy/MozillaCommonVoice-bn_STMall.npy, shape: (8149, 2420)
Loaded: /vast-ac8888/MusicSpeech-STM/STM_output/corpSTMnpy/MozillaCommonVoice-br_STMall.npy, shape: (1454, 2420)
Loaded: /vast-ac8888/MusicSpeech-STM/STM_output/corpSTMnpy/MozillaCommonVoice-ca_STMall.npy, shape: (8237, 2420)
Loaded: /vast-ac8888/MusicSpeech-STM/STM_output/corpSTMnpy/MozillaCommonVoice-ckb_STMall.npy, shape: (7490, 2420)
Loaded: /vast-ac8888/MusicSpeech-STM/STM_output/corpSTMnpy/MozillaCommonVoice-cnh_STMall.npy, shape: (656, 2420)
Loaded: /vast-ac8888/MusicSpeech-STM/STM_output/corpSTMnpy/MozillaCommonVoice-cs_STMall.npy, shape: (8622, 2420)
Loaded: /vast-ac8888/MusicSpeech-STM/STM_output/corpSTMnpy/MozillaCommonVoice-cv_STMall.npy, shape: (8755, 2420)
Loaded: /vast-ac8888/MusicSpeech-STM/STM_output/corpSTMnpy/MozillaCommonVoice-cy_STMall.npy, shape: (7640, 2420)
Loaded: /vast-ac8888/MusicSpeech-STM/STM_output/corpSTMnpy/MozillaCommonVoice-da_STMall.npy, shape: (3878, 2420)
Loaded: /vast-ac8888/MusicSpeech-STM/STM_output/corpSTMnpy/MozillaCommonVoice-de_STMall.npy, shape: (8979, 2420)
Loaded: /vast-ac8888/MusicSpeech-STM/STM_output/corpSTMnpy/MozillaCommonVoice-dv_STMall.npy, shape: (9113, 2420)
Loaded: /vast-ac8888/MusicSpeech-STM/STM_output/corpSTMnpy/MozillaCommonVoice-el_STMall.npy, shape: (6422, 2420)
Loaded: /vast-ac8888/MusicSpeech-STM/STM_output/corpSTMnpy/MozillaCommonVoice-en_STMall.npy, shape: (8607, 2420)
Loaded: /vast-ac8888/MusicSpeech-STM/STM_output/corpSTMnpy/MozillaCommonVoice-eo_STMall.npy, shape: (9327, 2420)
Loaded: /vast-ac8888/MusicSpeech-STM/STM_output/corpSTMnpy/MozillaCommonVoice-es_STMall.npy, shape: (8742, 2420)
Loaded: /vast-ac8888/MusicSpeech-STM/STM_output/corpSTMnpy/MozillaCommonVoice-et_STMall.npy, shape: (9653, 2420)
Loaded: /vast-ac8888/MusicSpeech-STM/STM_output/corpSTMnpy/MozillaCommonVoice-eu_STMall.npy, shape: (7983, 2420)
Loaded: /vast-ac8888/MusicSpeech-STM/STM_output/corpSTMnpy/MozillaCommonVoice-fa_STMall.npy, shape: (8629, 2420)
Loaded: /vast-ac8888/MusicSpeech-STM/STM_output/corpSTMnpy/MozillaCommonVoice-fi_STMall.npy, shape: (3982, 2420)
Loaded: /vast-ac8888/MusicSpeech-STM/STM_output/corpSTMnpy/MozillaCommonVoice-fr_STMall.npy, shape: (8912, 2420)
Loaded: /vast-ac8888/MusicSpeech-STM/STM_output/corpSTMnpy/MozillaCommonVoice-fy-NL_STMall.npy, shape: (6694, 2420)
Loaded: /vast-ac8888/MusicSpeech-STM/STM_output/corpSTMnpy/MozillaCommonVoice-ga-IE_STMall.npy, shape: (1323, 2420)
Loaded: /vast-ac8888/MusicSpeech-STM/STM_output/corpSTMnpy/MozillaCommonVoice-gl_STMall.npy, shape: (8623, 2420)
Loaded: /vast-ac8888/MusicSpeech-STM/STM_output/corpSTMnpy/MozillaCommonVoice-gn_STMall.npy, shape: (1014, 2420)
Loaded: /vast-ac8888/MusicSpeech-STM/STM_output/corpSTMnpy/MozillaCommonVoice-hi_STMall.npy, shape: (5438, 2420)
Loaded: /vast-ac8888/MusicSpeech-STM/STM_output/corpSTMnpy/MozillaCommonVoice-hu_STMall.npy, shape: (8319, 2420)
Loaded: /vast-ac8888/MusicSpeech-STM/STM_output/corpSTMnpy/MozillaCommonVoice-hy-AM_STMall.npy, shape: (6980, 2420)
Loaded: /vast-ac8888/MusicSpeech-STM/STM_output/corpSTMnpy/MozillaCommonVoice-id_STMall.npy, shape: (8468, 2420)
Loaded: /vast-ac8888/MusicSpeech-STM/STM_output/corpSTMnpy/MozillaCommonVoice-ig_STMall.npy, shape: (9, 2420)
Loaded: /vast-ac8888/MusicSpeech-STM/STM_output/corpSTMnpy/MozillaCommonVoice-it_STMall.npy, shape: (9083, 2420)
Loaded: /vast-ac8888/MusicSpeech-STM/STM_output/corpSTMnpy/MozillaCommonVoice-ja_STMall.npy, shape: (8606, 2420)
Loaded: /vast-ac8888/MusicSpeech-STM/STM_output/corpSTMnpy/MozillaCommonVoice-ka_STMall.npy, shape: (9409, 2420)
Loaded: /vast-ac8888/MusicSpeech-STM/STM_output/corpSTMnpy/MozillaCommonVoice-kab_STMall.npy, shape: (7172, 2420)
Loaded: /vast-ac8888/MusicSpeech-STM/STM_output/corpSTMnpy/MozillaCommonVoice-kk_STMall.npy, shape: (867, 2420)
Loaded: /vast-ac8888/MusicSpeech-STM/STM_output/corpSTMnpy/MozillaCommonVoice-kmr_STMall.npy, shape: (6603, 2420)
Loaded: /vast-ac8888/MusicSpeech-STM/STM_output/corpSTMnpy/MozillaCommonVoice-ky_STMall.npy, shape: (7998, 2420)
Loaded: /vast-ac8888/MusicSpeech-STM/STM_output/corpSTMnpy/MozillaCommonVoice-lg_STMall.npy, shape: (8169, 2420)
Loaded: /vast-ac8888/MusicSpeech-STM/STM_output/corpSTMnpy/MozillaCommonVoice-lt_STMall.npy, shape: (9073, 2420)
Loaded: /vast-ac8888/MusicSpeech-STM/STM_output/corpSTMnpy/MozillaCommonVoice-ltg_STMall.npy, shape: (2299, 2420)
Loaded: /vast-ac8888/MusicSpeech-STM/STM_output/corpSTMnpy/MozillaCommonVoice-lv_STMall.npy, shape: (7666, 2420)
Loaded: /vast-ac8888/MusicSpeech-STM/STM_output/corpSTMnpy/MozillaCommonVoice-mhr_STMall.npy, shape: (8336, 2420)
Loaded: /vast-ac8888/MusicSpeech-STM/STM_output/corpSTMnpy/MozillaCommonVoice-ml_STMall.npy, shape: (813, 2420)
Loaded: /vast-ac8888/MusicSpeech-STM/STM_output/corpSTMnpy/MozillaCommonVoice-mn_STMall.npy, shape: (5968, 2420)
Loaded: /vast-ac8888/MusicSpeech-STM/STM_output/corpSTMnpy/MozillaCommonVoice-mt_STMall.npy, shape: (3632, 2420)
Loaded: /vast-ac8888/MusicSpeech-STM/STM_output/corpSTMnpy/MozillaCommonVoice-nan-tw_STMall.npy, shape: (181, 2420)
Loaded: /vast-ac8888/MusicSpeech-STM/STM_output/corpSTMnpy/MozillaCommonVoice-nl_STMall.npy, shape: (8834, 2420)
Loaded: /vast-ac8888/MusicSpeech-STM/STM_output/corpSTMnpy/MozillaCommonVoice-oc_STMall.npy, shape: (681, 2420)
Loaded: /vast-ac8888/MusicSpeech-STM/STM_output/corpSTMnpy/MozillaCommonVoice-or_STMall.npy, shape: (1941, 2420)
Loaded: /vast-ac8888/MusicSpeech-STM/STM_output/corpSTMnpy/MozillaCommonVoice-pl_STMall.npy, shape: (8817, 2420)
Loaded: /vast-ac8888/MusicSpeech-STM/STM_output/corpSTMnpy/MozillaCommonVoice-pt_STMall.npy, shape: (8413, 2420)
Loaded: /vast-ac8888/MusicSpeech-STM/STM_output/corpSTMnpy/MozillaCommonVoice-ro_STMall.npy, shape: (6666, 2420)
Loaded: /vast-ac8888/MusicSpeech-STM/STM_output/corpSTMnpy/MozillaCommonVoice-ru_STMall.npy, shape: (9260, 2420)
Loaded: /vast-ac8888/MusicSpeech-STM/STM_output/corpSTMnpy/MozillaCommonVoice-rw_STMall.npy, shape: (9148, 2420)
Loaded: /vast-ac8888/MusicSpeech-STM/STM_output/corpSTMnpy/MozillaCommonVoice-sr_STMall.npy, shape: (391, 2420)
Loaded: /vast-ac8888/MusicSpeech-STM/STM_output/corpSTMnpy/MozillaCommonVoice-sv-SE_STMall.npy, shape: (8288, 2420)
Loaded: /vast-ac8888/MusicSpeech-STM/STM_output/corpSTMnpy/MozillaCommonVoice-sw_STMall.npy, shape: (9192, 2420)
Loaded: /vast-ac8888/MusicSpeech-STM/STM_output/corpSTMnpy/MozillaCommonVoice-ta_STMall.npy, shape: (9474, 2420)
Loaded: /vast-ac8888/MusicSpeech-STM/STM_output/corpSTMnpy/MozillaCommonVoice-th_STMall.npy, shape: (8044, 2420)
Loaded: /vast-ac8888/MusicSpeech-STM/STM_output/corpSTMnpy/MozillaCommonVoice-tr_STMall.npy, shape: (7953, 2420)
Loaded: /vast-ac8888/MusicSpeech-STM/STM_output/corpSTMnpy/MozillaCommonVoice-tt_STMall.npy, shape: (7454, 2420)
Loaded: /vast-ac8888/MusicSpeech-STM/STM_output/corpSTMnpy/MozillaCommonVoice-ug_STMall.npy, shape: (7899, 2420)
Loaded: /vast-ac8888/MusicSpeech-STM/STM_output/corpSTMnpy/MozillaCommonVoice-uk_STMall.npy, shape: (8819, 2420)
Loaded: /vast-ac8888/MusicSpeech-STM/STM_output/corpSTMnpy/MozillaCommonVoice-ur_STMall.npy, shape: (8970, 2420)
Loaded: /vast-ac8888/MusicSpeech-STM/STM_output/corpSTMnpy/MozillaCommonVoice-uz_STMall.npy, shape: (7911, 2420)
Loaded: /vast-ac8888/MusicSpeech-STM/STM_output/corpSTMnpy/MozillaCommonVoice-vi_STMall.npy, shape: (1859, 2420)
Loaded: /vast-ac8888/MusicSpeech-STM/STM_output/corpSTMnpy/MozillaCommonVoice-yo_STMall.npy, shape: (2511, 2420)
Loaded: /vast-ac8888/MusicSpeech-STM/STM_output/corpSTMnpy/MozillaCommonVoice-yue_STMall.npy, shape: (6156, 2420)
Loaded: /vast-ac8888/MusicSpeech-STM/STM_output/corpSTMnpy/MozillaCommonVoice-zh-CN_STMall.npy, shape: (8715, 2420)
Loaded: /vast-ac8888/MusicSpeech-STM/STM_output/corpSTMnpy/MozillaCommonVoice-zh-TW_STMall.npy, shape: (7286, 2420)
Loaded: /vast-ac8888/MusicSpeech-STM/STM_output/corpSTMnpy/SpeechClarity_STMall.npy, shape: (555, 2420)
Loaded: /vast-ac8888/MusicSpeech-STM/STM_output/corpSTMnpy/TAT-Vol2_STMall.npy, shape: (793, 2420)
Loaded: /vast-ac8888/MusicSpeech-STM/STM_output/corpSTMnpy/TIMIT_STMall.npy, shape: (479, 2420)
Loaded: /vast-ac8888/MusicSpeech-STM/STM_output/corpSTMnpy/TTS_Javanese_STMall.npy, shape: (3068, 2420)
Loaded: /vast-ac8888/MusicSpeech-STM/STM_output/corpSTMnpy/primewords_chinese_STMall.npy, shape: (47166, 2420)
Loaded: /vast-ac8888/MusicSpeech-STM/STM_output/corpSTMnpy/room_reader_STMall.npy, shape: (146, 2420)
Loaded: /vast-ac8888/MusicSpeech-STM/STM_output/corpSTMnpy/thchs30_STMall.npy, shape: (13327, 2420)
Loaded: /vast-ac8888/MusicSpeech-STM/STM_output/corpSTMnpy/zeroth_korean_STMall.npy, shape: (22255, 2420)
Loaded: /vast-ac8888/MusicSpeech-STM/STM_output/corpSTMnpy/Albouy2020Science_STMall.npy, shape: (123, 2420)
Loaded: /vast-ac8888/MusicSpeech-STM/STM_output/corpSTMnpy/GarlandEncyclopedia_STMall.npy, shape: (296, 2420)
Loaded: /vast-ac8888/MusicSpeech-STM/STM_output/corpSTMnpy/HiltonMoser2022_song_STMall.npy, shape: (803, 2420)
Loaded: /vast-ac8888/MusicSpeech-STM/STM_output/corpSTMnpy/IRMAS_STMall.npy, shape: (2838, 2420)
Loaded: /vast-ac8888/MusicSpeech-STM/STM_output/corpSTMnpy/MTG-Jamendo_STMall.npy, shape: (55699, 2420)
Loaded: /vast-ac8888/MusicSpeech-STM/STM_output/corpSTMnpy/MagnaTagATune_STMall.npy, shape: (25859, 2420)
Loaded: /vast-ac8888/MusicSpeech-STM/STM_output/corpSTMnpy/NHS2_STMall.npy, shape: (1007, 2420)
Loaded: /vast-ac8888/MusicSpeech-STM/STM_output/corpSTMnpy/fma_large_STMall.npy, shape: (106257, 2420)
Loaded: /vast-ac8888/MusicSpeech-STM/STM_output/corpSTMnpy/ismir04_genre_STMall.npy, shape: (2185, 2420)
Loaded: /vast-ac8888/MusicSpeech-STM/STM_output/corpSTMnpy/MacaulayLibrary_STMall.npy, shape: (34565, 2420)
Loaded: /vast-ac8888/MusicSpeech-STM/STM_output/corpSTMnpy/SONYC_STMall.npy, shape: (10798, 2420)
Total samples: 978378, Train: 770393, Val: 102010, Test: 105975

Confusion-Aware Class Weights:
  Class 0:  497475 samples → weight: 0.3184
  Class 1:   80258 samples → weight: 1.0304
  Class 2:  101893 samples → weight: 0.7034
  Class 3:   53538 samples → weight: 1.2616
  Class 4:    9580 samples → weight: 1.6059
  Class 5:   27649 samples → weight: 1.0803
Total parameters: 3,863,196

Starting Enhanced Kanformer v2 training for 50 epochs...

============================================================
Epoch 1/50
============================================================
  Batch 0/6019, Loss: 0.7875, Grad: 3.9300
  Batch 100/6019, Loss: 0.1975, Grad: 1.6354
  Batch 200/6019, Loss: 0.1679, Grad: 1.4608
  Batch 300/6019, Loss: 0.2237, Grad: 1.4185
  Batch 400/6019, Loss: 0.1230, Grad: 1.3274
  Batch 500/6019, Loss: 0.1362, Grad: 0.9205
  Batch 600/6019, Loss: 0.0944, Grad: 0.8453
  Batch 700/6019, Loss: 0.1053, Grad: 1.0385
  Batch 800/6019, Loss: 0.1058, Grad: 0.6847
  Batch 900/6019, Loss: 0.0927, Grad: 0.4925
  Batch 1000/6019, Loss: 0.1043, Grad: 0.8786
  Batch 1100/6019, Loss: 0.0834, Grad: 0.9436
  Batch 1200/6019, Loss: 0.0758, Grad: 0.6348
  Batch 1300/6019, Loss: 0.0967, Grad: 1.1687
  Batch 1400/6019, Loss: 0.0776, Grad: 0.5584
  Batch 1500/6019, Loss: 0.1000, Grad: 1.1429
  Batch 1600/6019, Loss: 0.0868, Grad: 1.1911
  Batch 1700/6019, Loss: 0.0821, Grad: 0.6507
  Batch 1800/6019, Loss: 0.0872, Grad: 0.9344
  Batch 1900/6019, Loss: 0.0976, Grad: 1.5052
  Batch 2000/6019, Loss: 0.1130, Grad: 0.9453
  Batch 2100/6019, Loss: 0.0808, Grad: 0.7363
  Batch 2200/6019, Loss: 0.1024, Grad: 1.0574
  Batch 2300/6019, Loss: 0.0627, Grad: 0.6112
  Batch 2400/6019, Loss: 0.0957, Grad: 1.4493
  Batch 2500/6019, Loss: 0.0874, Grad: 0.9935
  Batch 2600/6019, Loss: 0.0839, Grad: 0.7035
  Batch 2700/6019, Loss: 0.0729, Grad: 0.7659
  Batch 2800/6019, Loss: 0.0773, Grad: 0.6532
  Batch 2900/6019, Loss: 0.1065, Grad: 1.5115
  Batch 3000/6019, Loss: 0.1027, Grad: 0.9798
  Batch 3100/6019, Loss: 0.0919, Grad: 0.8459
  Batch 3200/6019, Loss: 0.0713, Grad: 0.6267
  Batch 3300/6019, Loss: 0.0537, Grad: 0.5655
  Batch 3400/6019, Loss: 0.0627, Grad: 0.5911
  Batch 3500/6019, Loss: 0.1073, Grad: 0.8995
  Batch 3600/6019, Loss: 0.0731, Grad: 0.5807
  Batch 3700/6019, Loss: 0.0686, Grad: 1.2306
  Batch 3800/6019, Loss: 0.0994, Grad: 0.9593
  Batch 3900/6019, Loss: 0.0803, Grad: 1.3262
  Batch 4000/6019, Loss: 0.0845, Grad: 1.3490
  Batch 4100/6019, Loss: 0.0803, Grad: 0.7582
  Batch 4200/6019, Loss: 0.0682, Grad: 2.3242
  Batch 4300/6019, Loss: 0.0927, Grad: 0.8219
  Batch 4400/6019, Loss: 0.0825, Grad: 0.8253
  Batch 4500/6019, Loss: 0.0870, Grad: 1.5242
  Batch 4600/6019, Loss: 0.0684, Grad: 1.0080
  Batch 4700/6019, Loss: 0.0652, Grad: 1.1042
  Batch 4800/6019, Loss: 0.0932, Grad: 0.9900
  Batch 4900/6019, Loss: 0.0754, Grad: 0.9141
  Batch 5000/6019, Loss: 0.0874, Grad: 0.8389
  Batch 5100/6019, Loss: 0.0650, Grad: 1.7885
  Batch 5200/6019, Loss: 0.0913, Grad: 2.6618
  Batch 5300/6019, Loss: 0.0664, Grad: 0.7935
  Batch 5400/6019, Loss: 0.0905, Grad: 4.4071
  Batch 5500/6019, Loss: 0.1062, Grad: 2.5606
  Batch 5600/6019, Loss: 0.0742, Grad: 1.7605
  Batch 5700/6019, Loss: 0.0477, Grad: 0.6507
  Batch 5800/6019, Loss: 0.0780, Grad: 5.7509
  Batch 5900/6019, Loss: 0.0599, Grad: 1.1131
  Batch 6000/6019, Loss: 0.0658, Grad: 1.9114
Train Loss: 0.0975
Val Loss: 0.0985, Val Macro F1: 0.8053

Per-Class F1 Scores:
  Class 0 (Non-tonal Speech): F1 = 0.9489
  Class 1 (Tonal Speech    ): F1 = 0.6776
  Class 2 (Vocal Music     ): F1 = 0.8211
  Class 3 (Non-vocal Music ): F1 = 0.5744
  Class 4 (Urban Env       ): F1 = 0.9263
  Class 5 (Wildlife Env    ): F1 = 0.8834

Confusion between Similar Classes:
  Class 0→1 (non-tonal→tonal speech):  4512
  Class 1→0 (tonal→non-tonal speech):  1984
  Class 2→3 (vocal→non-vocal music):   1613
  Class 3→2 (non-vocal→vocal music):   3273
Learning rate: 0.000100
✓ Saved best model with Val F1: 0.8053

============================================================
Epoch 2/50
============================================================
  Batch 0/6019, Loss: 0.0715, Grad: 1.1338
  Batch 100/6019, Loss: 0.0836, Grad: 1.1837
  Batch 200/6019, Loss: 0.0750, Grad: 2.6212
  Batch 300/6019, Loss: 0.0640, Grad: 7.9858
  Batch 400/6019, Loss: 0.0743, Grad: 1.0856
  Batch 500/6019, Loss: 0.0771, Grad: 4.5378
  Batch 600/6019, Loss: 0.0588, Grad: 1.7077
  Batch 700/6019, Loss: 0.0741, Grad: 7.1245
  Batch 800/6019, Loss: 0.0731, Grad: 1.3102
  Batch 900/6019, Loss: 0.0939, Grad: 3.5215
  Batch 1000/6019, Loss: 0.0730, Grad: 1.0863
  Batch 1100/6019, Loss: 0.0751, Grad: 1.2656
  Batch 1200/6019, Loss: 0.0752, Grad: 4.0901
  Batch 1300/6019, Loss: 0.0681, Grad: 3.1121
  Batch 1400/6019, Loss: 0.0676, Grad: 1.4048
  Batch 1500/6019, Loss: 0.0779, Grad: 0.9857
  Batch 1600/6019, Loss: 0.0736, Grad: 1.1769
  Batch 1700/6019, Loss: 0.0584, Grad: 0.8126
  Batch 1800/6019, Loss: 0.0756, Grad: 1.2473
  Batch 1900/6019, Loss: 0.0781, Grad: 3.1513
  Batch 2000/6019, Loss: 0.0576, Grad: 0.7577
  Batch 2100/6019, Loss: 0.0691, Grad: 1.2695
  Batch 2200/6019, Loss: 0.0658, Grad: 0.8734
  Batch 2300/6019, Loss: 0.0604, Grad: 0.9703
  Batch 2400/6019, Loss: 0.0525, Grad: 3.5943
  Batch 2500/6019, Loss: 0.0530, Grad: 1.9264
  Batch 2600/6019, Loss: 0.0774, Grad: 3.0020
  Batch 2700/6019, Loss: 0.0586, Grad: 1.4343
  Batch 2800/6019, Loss: 0.0782, Grad: 11.6111
  Batch 2900/6019, Loss: 0.0858, Grad: 4.7454
  Batch 3000/6019, Loss: 0.0770, Grad: 2.3617
  Batch 3100/6019, Loss: 0.0686, Grad: 8.1517
  Batch 3200/6019, Loss: 0.0488, Grad: 1.2220
  Batch 3300/6019, Loss: 0.0621, Grad: 2.3385
  Batch 3400/6019, Loss: 0.0642, Grad: 3.1090
  Batch 3500/6019, Loss: 0.0751, Grad: 3.7910
  Batch 3600/6019, Loss: 0.0719, Grad: 14.4856
  Batch 3700/6019, Loss: 0.0654, Grad: 2.9110
  Batch 3800/6019, Loss: 0.0788, Grad: 3.2374
  Batch 3900/6019, Loss: 0.0649, Grad: 12.2200
  Batch 4000/6019, Loss: 0.0914, Grad: 13.3082
  Batch 4100/6019, Loss: 0.0882, Grad: 8.8209
  Batch 4200/6019, Loss: 0.0768, Grad: 1.0936
  Batch 4300/6019, Loss: 0.0803, Grad: 1.3512
  Batch 4400/6019, Loss: 0.0672, Grad: 1.7418
  Batch 4500/6019, Loss: 0.0889, Grad: 3.7572
  Batch 4600/6019, Loss: 0.0860, Grad: 3.3317
  Batch 4700/6019, Loss: 0.1114, Grad: 6.8119
  Batch 4800/6019, Loss: 0.0594, Grad: 3.1531
  Batch 4900/6019, Loss: 0.0734, Grad: 1.4496
  Batch 5000/6019, Loss: 0.0655, Grad: 1.3884
  Batch 5100/6019, Loss: 0.0654, Grad: 4.6260
  Batch 5200/6019, Loss: 0.0606, Grad: 1.5921
  Batch 5300/6019, Loss: 0.0686, Grad: 15.5895
  Batch 5400/6019, Loss: 0.0839, Grad: 4.2067
  Batch 5500/6019, Loss: 0.1066, Grad: 7.1838
  Batch 5600/6019, Loss: 0.0612, Grad: 1.4293
  Batch 5700/6019, Loss: 0.0793, Grad: 3.9386
  Batch 5800/6019, Loss: 0.0633, Grad: 1.7605
  Batch 5900/6019, Loss: 0.0618, Grad: 1.6987
  Batch 6000/6019, Loss: 0.0748, Grad: 7.0660
Train Loss: 0.0760
Val Loss: 0.0909, Val Macro F1: 0.8105

Per-Class F1 Scores:
  Class 0 (Non-tonal Speech): F1 = 0.9468
  Class 1 (Tonal Speech    ): F1 = 0.6655
  Class 2 (Vocal Music     ): F1 = 0.7961
  Class 3 (Non-vocal Music ): F1 = 0.6299
  Class 4 (Urban Env       ): F1 = 0.9398
  Class 5 (Wildlife Env    ): F1 = 0.8850

Confusion between Similar Classes:
  Class 0→1 (non-tonal→tonal speech):  4754
  Class 1→0 (tonal→non-tonal speech):  2045
  Class 2→3 (vocal→non-vocal music):   3110
  Class 3→2 (non-vocal→vocal music):   2099
Learning rate: 0.000100
✓ Saved best model with Val F1: 0.8105

============================================================
Epoch 3/50
============================================================
  Batch 0/6019, Loss: 0.0720, Grad: 2.8780
  Batch 100/6019, Loss: 0.0774, Grad: 1.3336
  Batch 200/6019, Loss: 0.0722, Grad: 2.0782
  Batch 300/6019, Loss: 0.0806, Grad: 2.9484
  Batch 400/6019, Loss: 0.1002, Grad: 8.8589
  Batch 500/6019, Loss: 0.0895, Grad: 2.0005
  Batch 600/6019, Loss: 0.0714, Grad: 9.7357
  Batch 700/6019, Loss: 0.0557, Grad: 1.4804
  Batch 800/6019, Loss: 0.0636, Grad: 1.1240
  Batch 900/6019, Loss: 0.0775, Grad: 1.5495
  Batch 1000/6019, Loss: 0.1042, Grad: 3.1254
  Batch 1100/6019, Loss: 0.0699, Grad: 3.9552
  Batch 1200/6019, Loss: 0.0859, Grad: 1.3640
  Batch 1300/6019, Loss: 0.0910, Grad: 1.8466
  Batch 1400/6019, Loss: 0.0863, Grad: 11.7031
  Batch 1500/6019, Loss: 0.0786, Grad: 18.7317
  Batch 1600/6019, Loss: 0.0632, Grad: 2.3162
  Batch 1700/6019, Loss: 0.0650, Grad: 7.5490
  Batch 1800/6019, Loss: 0.0497, Grad: 14.1656
  Batch 1900/6019, Loss: 0.0788, Grad: 1.5513
  Batch 2000/6019, Loss: 0.0706, Grad: 4.5428
  Batch 2100/6019, Loss: 0.0731, Grad: 12.6031
  Batch 2200/6019, Loss: 0.0761, Grad: 2.9843
  Batch 2300/6019, Loss: 0.0967, Grad: 4.1987
  Batch 2400/6019, Loss: 0.1237, Grad: 3.4820
  Batch 2500/6019, Loss: 0.0701, Grad: 2.5465
  Batch 2600/6019, Loss: 0.0682, Grad: 3.3700
  Batch 2700/6019, Loss: 0.0677, Grad: 5.5620
  Batch 2800/6019, Loss: 0.0716, Grad: 4.5970
  Batch 2900/6019, Loss: 0.0764, Grad: 4.3693
  Batch 3000/6019, Loss: 0.0752, Grad: 6.4045
  Batch 3100/6019, Loss: 0.0678, Grad: 4.1629
  Batch 3200/6019, Loss: 0.1377, Grad: 6.5468
  Batch 3300/6019, Loss: 0.0636, Grad: 3.4128
  Batch 3400/6019, Loss: 0.0625, Grad: 4.1711
  Batch 3500/6019, Loss: 0.1092, Grad: 3.0145
  Batch 3600/6019, Loss: 0.0593, Grad: 5.0621
  Batch 3700/6019, Loss: 0.0636, Grad: 4.7250
  Batch 3800/6019, Loss: 0.0754, Grad: 1.6261
  Batch 3900/6019, Loss: 0.0749, Grad: 5.2635
  Batch 4000/6019, Loss: 0.0599, Grad: 1.8164
  Batch 4100/6019, Loss: 0.0793, Grad: 5.7119
  Batch 4200/6019, Loss: 0.0679, Grad: 20.5122
  Batch 4300/6019, Loss: 0.0595, Grad: 5.8585
  Batch 4400/6019, Loss: 0.0754, Grad: 143.5950
  Batch 4500/6019, Loss: 0.0593, Grad: 3.9770
  Batch 4600/6019, Loss: 0.0680, Grad: 2.3738
  Batch 4700/6019, Loss: 0.0651, Grad: 2.5311
  Batch 4800/6019, Loss: 0.0735, Grad: 1.9493
  Batch 4900/6019, Loss: 0.0703, Grad: 10.7062
  Batch 5000/6019, Loss: 0.1229, Grad: 10.8064
  Batch 5100/6019, Loss: 0.0609, Grad: 2.7173
  Batch 5200/6019, Loss: 0.0557, Grad: 3.3176
  Batch 5300/6019, Loss: 0.0780, Grad: 3.5725
  Batch 5400/6019, Loss: 0.0850, Grad: 7.8868
  Batch 5500/6019, Loss: 0.0881, Grad: 2.9462
  Batch 5600/6019, Loss: 0.0544, Grad: 1.2463
  Batch 5700/6019, Loss: 0.0787, Grad: 1.7126
  Batch 5800/6019, Loss: 0.0526, Grad: 1.8096
  Batch 5900/6019, Loss: 0.0779, Grad: 2.0396
  Batch 6000/6019, Loss: 0.0692, Grad: 2.1337
Train Loss: 0.0736
Val Loss: 0.1011, Val Macro F1: 0.7984

Per-Class F1 Scores:
  Class 0 (Non-tonal Speech): F1 = 0.9468
  Class 1 (Tonal Speech    ): F1 = 0.6724
  Class 2 (Vocal Music     ): F1 = 0.7724
  Class 3 (Non-vocal Music ): F1 = 0.6374
  Class 4 (Urban Env       ): F1 = 0.9110
  Class 5 (Wildlife Env    ): F1 = 0.8505

Confusion between Similar Classes:
  Class 0→1 (non-tonal→tonal speech):  4946
  Class 1→0 (tonal→non-tonal speech):  1842
  Class 2→3 (vocal→non-vocal music):   3612
  Class 3→2 (non-vocal→vocal music):   1672
Learning rate: 0.000100

============================================================
Epoch 4/50
============================================================
  Batch 0/6019, Loss: 0.0551, Grad: 2.5032
  Batch 100/6019, Loss: 0.0538, Grad: 2.1285
  Batch 200/6019, Loss: 0.0568, Grad: 4.0094
  Batch 300/6019, Loss: 0.0852, Grad: 2.6800
  Batch 400/6019, Loss: 0.0812, Grad: 4.5734
  Batch 500/6019, Loss: 0.0633, Grad: 1.5843
  Batch 600/6019, Loss: 0.1122, Grad: 3.4357
  Batch 700/6019, Loss: 0.0632, Grad: 2.5268
  Batch 800/6019, Loss: 0.0621, Grad: 2.3213
  Batch 900/6019, Loss: 0.0783, Grad: 3.1987
  Batch 1000/6019, Loss: 0.0669, Grad: 3.2429
  Batch 1100/6019, Loss: 0.0664, Grad: 3.2655
  Batch 1200/6019, Loss: 0.0748, Grad: 1.4892
  Batch 1300/6019, Loss: 0.0716, Grad: 2.5529
  Batch 1400/6019, Loss: 0.0756, Grad: 2.7741
  Batch 1500/6019, Loss: 0.0456, Grad: 1.9374
  Batch 1600/6019, Loss: 0.0764, Grad: 2.1499
  Batch 1700/6019, Loss: 0.0374, Grad: 2.9119
  Batch 1800/6019, Loss: 0.0764, Grad: 4.9897
  Batch 1900/6019, Loss: 0.0579, Grad: 6.9785
  Batch 2000/6019, Loss: 0.1312, Grad: 5.4166
  Batch 2100/6019, Loss: 0.0596, Grad: 1.8728
  Batch 2200/6019, Loss: 0.0545, Grad: 0.9688
  Batch 2300/6019, Loss: 0.0720, Grad: 5.4625
  Batch 2400/6019, Loss: 0.0605, Grad: 1.6981
  Batch 2500/6019, Loss: 0.0794, Grad: 2.5786
  Batch 2600/6019, Loss: 0.0632, Grad: 26.5321
  Batch 2700/6019, Loss: 0.0758, Grad: 6.4138
  Batch 2800/6019, Loss: 0.0808, Grad: 5.9698
  Batch 2900/6019, Loss: 0.0909, Grad: 2.6174
  Batch 3000/6019, Loss: 0.0773, Grad: 7.2467
  Batch 3100/6019, Loss: 0.0722, Grad: 4.3692
  Batch 3200/6019, Loss: 0.0616, Grad: 3.0426
  Batch 3300/6019, Loss: 0.0722, Grad: 6.9474
  Batch 3400/6019, Loss: 0.0467, Grad: 0.8170
  Batch 3500/6019, Loss: 0.0633, Grad: 5.2283
  Batch 3600/6019, Loss: 0.0732, Grad: 3.5641
  Batch 3700/6019, Loss: 0.1076, Grad: 4.4053
  Batch 3800/6019, Loss: 0.0994, Grad: 9.8058
  Batch 3900/6019, Loss: 0.0504, Grad: 1.1421
  Batch 4000/6019, Loss: 0.0796, Grad: 4.3854
  Batch 4100/6019, Loss: 0.0723, Grad: 1.8936
  Batch 4200/6019, Loss: 0.0517, Grad: 6.8520
  Batch 4300/6019, Loss: 0.0564, Grad: 1.3234
  Batch 4400/6019, Loss: 0.0612, Grad: 5.9880
  Batch 4500/6019, Loss: 0.0782, Grad: 9.8607
  Batch 4600/6019, Loss: 0.0909, Grad: 16.0735
  Batch 4700/6019, Loss: 0.0463, Grad: 11.4126
  Batch 4800/6019, Loss: 0.0443, Grad: 3.0098
  Batch 4900/6019, Loss: 0.0574, Grad: 1.0495
  Batch 5000/6019, Loss: 0.0639, Grad: 1.5098
  Batch 5100/6019, Loss: 0.0831, Grad: 2.2075
  Batch 5200/6019, Loss: 0.0708, Grad: 7.5020
  Batch 5300/6019, Loss: 0.0621, Grad: 1.7578
  Batch 5400/6019, Loss: 0.0830, Grad: 2.3619
  Batch 5500/6019, Loss: 0.0819, Grad: 7.0385
  Batch 5600/6019, Loss: 0.0597, Grad: 1.2740
  Batch 5700/6019, Loss: 0.0845, Grad: 2.9780
  Batch 5800/6019, Loss: 0.0940, Grad: 2.9074
  Batch 5900/6019, Loss: 0.0605, Grad: 2.8475
  Batch 6000/6019, Loss: 0.0633, Grad: 1.6135
Train Loss: 0.0717
Val Loss: 0.1089, Val Macro F1: 0.7953

Per-Class F1 Scores:
  Class 0 (Non-tonal Speech): F1 = 0.9245
  Class 1 (Tonal Speech    ): F1 = 0.6102
  Class 2 (Vocal Music     ): F1 = 0.8102
  Class 3 (Non-vocal Music ): F1 = 0.6143
  Class 4 (Urban Env       ): F1 = 0.9389
  Class 5 (Wildlife Env    ): F1 = 0.8740

Confusion between Similar Classes:
  Class 0→1 (non-tonal→tonal speech):  7793
  Class 1→0 (tonal→non-tonal speech):  1479
  Class 2→3 (vocal→non-vocal music):   2190
  Class 3→2 (non-vocal→vocal music):   2648
Learning rate: 0.000100

============================================================
Epoch 5/50
============================================================
  Batch 0/6019, Loss: 0.0772, Grad: 2.3507
  Batch 100/6019, Loss: 0.0769, Grad: 2.6931
  Batch 200/6019, Loss: 0.0716, Grad: 2.5789
  Batch 300/6019, Loss: 0.0477, Grad: 3.8231
  Batch 400/6019, Loss: 0.1160, Grad: 5.8905
  Batch 500/6019, Loss: 0.0705, Grad: 4.2284
  Batch 600/6019, Loss: 0.0686, Grad: 2.0374
  Batch 700/6019, Loss: 0.0771, Grad: 3.0349
  Batch 800/6019, Loss: 0.0873, Grad: 4.5741
  Batch 900/6019, Loss: 0.0905, Grad: 4.6310
  Batch 1000/6019, Loss: 0.0590, Grad: 7.1090
  Batch 1100/6019, Loss: 0.0552, Grad: 2.1327
  Batch 1200/6019, Loss: 0.0676, Grad: 4.6906
  Batch 1300/6019, Loss: 0.0705, Grad: 3.3839
  Batch 1400/6019, Loss: 0.0658, Grad: 3.8946
  Batch 1500/6019, Loss: 0.0887, Grad: 8.0233
  Batch 1600/6019, Loss: 0.0547, Grad: 13.6327
  Batch 1700/6019, Loss: 0.0548, Grad: 2.9875
  Batch 1800/6019, Loss: 0.0716, Grad: 7.4642
  Batch 1900/6019, Loss: 0.0689, Grad: 4.2743
  Batch 2000/6019, Loss: 0.0678, Grad: 3.8701
  Batch 2100/6019, Loss: 0.0566, Grad: 9.5948
  Batch 2200/6019, Loss: 0.0662, Grad: 7.3464
  Batch 2300/6019, Loss: 0.0621, Grad: 8.3934
  Batch 2400/6019, Loss: 0.0461, Grad: 2.7463
  Batch 2500/6019, Loss: 0.1000, Grad: 5.5600
  Batch 2600/6019, Loss: 0.0800, Grad: 3.6430
  Batch 2700/6019, Loss: 0.0585, Grad: 4.5255
  Batch 2800/6019, Loss: 0.0887, Grad: 8.5134
  Batch 2900/6019, Loss: 0.0671, Grad: 4.7252
  Batch 3000/6019, Loss: 0.0648, Grad: 2.9462
  Batch 3100/6019, Loss: 0.0859, Grad: 254.9647
  Batch 3200/6019, Loss: 0.0776, Grad: 2.6475
  Batch 3300/6019, Loss: 0.0657, Grad: 5.8500
  Batch 3400/6019, Loss: 0.0630, Grad: 6.7376
  Batch 3500/6019, Loss: 0.0713, Grad: 7.7436
  Batch 3600/6019, Loss: 0.1116, Grad: 9.7216
  Batch 3700/6019, Loss: 0.0602, Grad: 4.4135
  Batch 3800/6019, Loss: 0.0576, Grad: 77.5836
  Batch 3900/6019, Loss: 0.0698, Grad: 17.1454
  Batch 4000/6019, Loss: 0.1058, Grad: 9.7106
  Batch 4100/6019, Loss: 0.0790, Grad: 12.0332
  Batch 4200/6019, Loss: 0.0602, Grad: 3.9217
  Batch 4300/6019, Loss: 0.0653, Grad: 16.9196
  Batch 4400/6019, Loss: 0.0675, Grad: 62.5094
  Batch 4500/6019, Loss: 0.0873, Grad: 12.7411
  Batch 4600/6019, Loss: 0.0695, Grad: 7.0008
  Batch 4700/6019, Loss: 0.0607, Grad: 9.0086
  Batch 4800/6019, Loss: 0.0752, Grad: 27.1424
  Batch 4900/6019, Loss: 0.0515, Grad: 8.1268
  Batch 5000/6019, Loss: 0.0898, Grad: 6.0427
  Batch 5100/6019, Loss: 0.0596, Grad: 5.5472
  Batch 5200/6019, Loss: 0.1050, Grad: 12.5902
  Batch 5300/6019, Loss: 0.0573, Grad: 3.2726
  Batch 5400/6019, Loss: 0.0802, Grad: 4.4181
  Batch 5500/6019, Loss: 0.0841, Grad: 6.8346
  Batch 5600/6019, Loss: 0.0462, Grad: 5.9946
  Batch 5700/6019, Loss: 0.0940, Grad: 3.3302
  Batch 5800/6019, Loss: 0.0641, Grad: 20.4885
  Batch 5900/6019, Loss: 0.0720, Grad: 4.8493
  Batch 6000/6019, Loss: 0.0719, Grad: 12.1092
Train Loss: 0.0704
Val Loss: 0.0845, Val Macro F1: 0.8222

Per-Class F1 Scores:
  Class 0 (Non-tonal Speech): F1 = 0.9561
  Class 1 (Tonal Speech    ): F1 = 0.6986
  Class 2 (Vocal Music     ): F1 = 0.8128
  Class 3 (Non-vocal Music ): F1 = 0.6328
  Class 4 (Urban Env       ): F1 = 0.9418
  Class 5 (Wildlife Env    ): F1 = 0.8913

Confusion between Similar Classes:
  Class 0→1 (non-tonal→tonal speech):  3374
  Class 1→0 (tonal→non-tonal speech):  2284
  Class 2→3 (vocal→non-vocal music):   2583
  Class 3→2 (non-vocal→vocal music):   2367
Learning rate: 0.000100
✓ Saved best model with Val F1: 0.8222

============================================================
Epoch 6/50
============================================================
  Batch 0/6019, Loss: 0.0953, Grad: 47.6249
  Batch 100/6019, Loss: 0.0918, Grad: 13.1008
  Batch 200/6019, Loss: 0.0732, Grad: 10.5536
  Batch 300/6019, Loss: 0.0953, Grad: 8.1037
  Batch 400/6019, Loss: 0.0614, Grad: 5.8048
  Batch 500/6019, Loss: 0.1009, Grad: 28.7419
  Batch 600/6019, Loss: 0.0585, Grad: 45.9257
  Batch 700/6019, Loss: 0.0803, Grad: 6.5005
  Batch 800/6019, Loss: 0.0525, Grad: 3.1498
  Batch 900/6019, Loss: 0.0533, Grad: 4.4230
  Batch 1000/6019, Loss: 0.0724, Grad: 4.4588
  Batch 1100/6019, Loss: 0.0919, Grad: 18.1261
  Batch 1200/6019, Loss: 0.0593, Grad: 4.5451
  Batch 1300/6019, Loss: 0.0763, Grad: 3.8728
  Batch 1400/6019, Loss: 0.0442, Grad: 6.8124
  Batch 1500/6019, Loss: 0.0764, Grad: 2.7087
  Batch 1600/6019, Loss: 0.0632, Grad: 35.6838
  Batch 1700/6019, Loss: 0.0748, Grad: 3.6708
  Batch 1800/6019, Loss: 0.0913, Grad: 4.6849
  Batch 1900/6019, Loss: 0.0672, Grad: 7.9170
  Batch 2000/6019, Loss: 0.0815, Grad: 3.2661
  Batch 2100/6019, Loss: 0.0796, Grad: 10.5241
  Batch 2200/6019, Loss: 0.0608, Grad: 2.0791
  Batch 2300/6019, Loss: 0.0513, Grad: 3.2911
  Batch 2400/6019, Loss: 0.0593, Grad: 2.6850
  Batch 2500/6019, Loss: 0.0913, Grad: 2.1835
  Batch 2600/6019, Loss: 0.0750, Grad: 24.2948
  Batch 2700/6019, Loss: 0.0529, Grad: 7.0733
  Batch 2800/6019, Loss: 0.1007, Grad: 2.6273
  Batch 2900/6019, Loss: 0.0666, Grad: 5.4079
  Batch 3000/6019, Loss: 0.1062, Grad: 5.9658
  Batch 3100/6019, Loss: 0.0520, Grad: 3.3763
  Batch 3200/6019, Loss: 0.0683, Grad: 4.0375
  Batch 3300/6019, Loss: 0.0760, Grad: 2.1838
  Batch 3400/6019, Loss: 0.0688, Grad: 1.8007
  Batch 3500/6019, Loss: 0.0676, Grad: 18.8176
  Batch 3600/6019, Loss: 0.0658, Grad: 3.7110
  Batch 3700/6019, Loss: 0.0544, Grad: 1.8825
  Batch 3800/6019, Loss: 0.0678, Grad: 3.8691
  Batch 3900/6019, Loss: 0.0706, Grad: 4.7037
  Batch 4000/6019, Loss: 0.0686, Grad: 2.4209
  Batch 4100/6019, Loss: 0.0672, Grad: 10.0125
  Batch 4200/6019, Loss: 0.0722, Grad: 5.4339
  Batch 4300/6019, Loss: 0.0828, Grad: 2.8138
  Batch 4400/6019, Loss: 0.0633, Grad: 2.0835
  Batch 4500/6019, Loss: 0.0729, Grad: 17.6134
  Batch 4600/6019, Loss: 0.0667, Grad: 3.4387
  Batch 4700/6019, Loss: 0.0850, Grad: 4.7257
  Batch 4800/6019, Loss: 0.0888, Grad: 4.0161
  Batch 4900/6019, Loss: 0.0800, Grad: 5.4398
  Batch 5000/6019, Loss: 0.0460, Grad: 8.9635
  Batch 5100/6019, Loss: 0.0423, Grad: 1.5985
  Batch 5200/6019, Loss: 0.0895, Grad: 9.0564
  Batch 5300/6019, Loss: 0.0713, Grad: 3.4525
  Batch 5400/6019, Loss: 0.0610, Grad: 2.7533
  Batch 5500/6019, Loss: 0.0800, Grad: 11.0563
  Batch 5600/6019, Loss: 0.0483, Grad: 3.0058
  Batch 5700/6019, Loss: 0.0583, Grad: 2.2703
  Batch 5800/6019, Loss: 0.0617, Grad: 2.4158
  Batch 5900/6019, Loss: 0.0892, Grad: 5.0570
  Batch 6000/6019, Loss: 0.0606, Grad: 4.0527
Train Loss: 0.0712
Val Loss: 0.0973, Val Macro F1: 0.8044

Per-Class F1 Scores:
  Class 0 (Non-tonal Speech): F1 = 0.9438
  Class 1 (Tonal Speech    ): F1 = 0.6638
  Class 2 (Vocal Music     ): F1 = 0.7641
  Class 3 (Non-vocal Music ): F1 = 0.6430
  Class 4 (Urban Env       ): F1 = 0.9186
  Class 5 (Wildlife Env    ): F1 = 0.8934

Confusion between Similar Classes:
  Class 0→1 (non-tonal→tonal speech):  5445
  Class 1→0 (tonal→non-tonal speech):  1731
  Class 2→3 (vocal→non-vocal music):   4248
  Class 3→2 (non-vocal→vocal music):   1395
Learning rate: 0.000100

============================================================
Epoch 7/50
============================================================
  Batch 0/6019, Loss: 0.0660, Grad: 2.3682
  Batch 100/6019, Loss: 0.0477, Grad: 6.4682
  Batch 200/6019, Loss: 0.0846, Grad: 13.6666
  Batch 300/6019, Loss: 0.0713, Grad: 5.1638
  Batch 400/6019, Loss: 0.0794, Grad: 3.4974
  Batch 500/6019, Loss: 0.0797, Grad: 6.6134
  Batch 600/6019, Loss: 0.0673, Grad: 2.5348
  Batch 700/6019, Loss: 0.0712, Grad: 7.0225
  Batch 800/6019, Loss: 0.0428, Grad: 1.3407
  Batch 900/6019, Loss: 0.0565, Grad: 11.6585
  Batch 1000/6019, Loss: 0.0602, Grad: 2.9162
  Batch 1100/6019, Loss: 0.0632, Grad: 2.9055
  Batch 1200/6019, Loss: 0.0555, Grad: 2.2507
  Batch 1300/6019, Loss: 0.0476, Grad: 2.7487
  Batch 1400/6019, Loss: 0.0621, Grad: 2.1172
  Batch 1500/6019, Loss: 0.0660, Grad: 38.5921
  Batch 1600/6019, Loss: 0.0741, Grad: 6.6961
  Batch 1700/6019, Loss: 0.0872, Grad: 3.3009
  Batch 1800/6019, Loss: 0.0488, Grad: 3.4943
  Batch 1900/6019, Loss: 0.0759, Grad: 2.4472
  Batch 2000/6019, Loss: 0.0408, Grad: 4.7809
  Batch 2100/6019, Loss: 0.0701, Grad: 2.2619
  Batch 2200/6019, Loss: 0.1115, Grad: 7.3702
  Batch 2300/6019, Loss: 0.0680, Grad: 4.7143
  Batch 2400/6019, Loss: 0.0661, Grad: 7.7988
  Batch 2500/6019, Loss: 0.0653, Grad: 2.9627
  Batch 2600/6019, Loss: 0.0671, Grad: 3.5054
  Batch 2700/6019, Loss: 0.0679, Grad: 38.9871
  Batch 2800/6019, Loss: 0.0674, Grad: 3.8369
  Batch 2900/6019, Loss: 0.0634, Grad: 4.7916
  Batch 3000/6019, Loss: 0.0542, Grad: 2.7333
  Batch 3100/6019, Loss: 0.0597, Grad: 15.3211
  Batch 3200/6019, Loss: 0.0873, Grad: 4.0962
  Batch 3300/6019, Loss: 0.0680, Grad: 4.8246
  Batch 3400/6019, Loss: 0.0636, Grad: 2.7494
  Batch 3500/6019, Loss: 0.0762, Grad: 3.5183
  Batch 3600/6019, Loss: 0.0675, Grad: 14.1218
  Batch 3700/6019, Loss: 0.1104, Grad: 13.4725
  Batch 3800/6019, Loss: 0.0488, Grad: 145.9800
  Batch 3900/6019, Loss: 0.0810, Grad: 4.1389
  Batch 4000/6019, Loss: 0.0604, Grad: 54.1901
  Batch 4100/6019, Loss: 0.0774, Grad: 4.8123
  Batch 4200/6019, Loss: 0.0656, Grad: 2.1756
  Batch 4300/6019, Loss: 0.0903, Grad: 5.3691
  Batch 4400/6019, Loss: 0.1209, Grad: 5.8257
  Batch 4500/6019, Loss: 0.0721, Grad: 2.7409
  Batch 4600/6019, Loss: 0.0745, Grad: 4.1005
  Batch 4700/6019, Loss: 0.1035, Grad: 8.6689
  Batch 4800/6019, Loss: 0.0501, Grad: 2.2966
  Batch 4900/6019, Loss: 0.0749, Grad: 2.5133
  Batch 5000/6019, Loss: 0.0553, Grad: 2.0611
  Batch 5100/6019, Loss: 0.0641, Grad: 4.7654
  Batch 5200/6019, Loss: 0.0653, Grad: 7.0856
  Batch 5300/6019, Loss: 0.0479, Grad: 2.2496
  Batch 5400/6019, Loss: 0.0839, Grad: 5.6416
  Batch 5500/6019, Loss: 0.0876, Grad: 32.6039
  Batch 5600/6019, Loss: 0.0635, Grad: 2.8041
  Batch 5700/6019, Loss: 0.0834, Grad: 7.8589
  Batch 5800/6019, Loss: 0.0715, Grad: 6.0107
  Batch 5900/6019, Loss: 0.0753, Grad: 2.7894
  Batch 6000/6019, Loss: 0.0553, Grad: 1.9717
Train Loss: 0.0701
Val Loss: 0.0829, Val Macro F1: 0.8166

Per-Class F1 Scores:
  Class 0 (Non-tonal Speech): F1 = 0.9577
  Class 1 (Tonal Speech    ): F1 = 0.7146
  Class 2 (Vocal Music     ): F1 = 0.7974
  Class 3 (Non-vocal Music ): F1 = 0.6355
  Class 4 (Urban Env       ): F1 = 0.9108
  Class 5 (Wildlife Env    ): F1 = 0.8834

Confusion between Similar Classes:
  Class 0→1 (non-tonal→tonal speech):  3397
  Class 1→0 (tonal→non-tonal speech):  2059
  Class 2→3 (vocal→non-vocal music):   3026
  Class 3→2 (non-vocal→vocal music):   2066
Learning rate: 0.000100

============================================================
Epoch 8/50
============================================================
  Batch 0/6019, Loss: 0.0642, Grad: 6.2584
  Batch 100/6019, Loss: 0.0667, Grad: 11.8341
  Batch 200/6019, Loss: 0.0478, Grad: 2.9168
  Batch 300/6019, Loss: 0.0493, Grad: 3.6036
  Batch 400/6019, Loss: 0.0568, Grad: 4.6685
  Batch 500/6019, Loss: 0.0422, Grad: 3.0602
  Batch 600/6019, Loss: 0.0629, Grad: 5.9304
  Batch 700/6019, Loss: 0.0701, Grad: 5.6095
  Batch 800/6019, Loss: 0.0700, Grad: 3.0163
  Batch 900/6019, Loss: 0.0788, Grad: 3.4324
  Batch 1000/6019, Loss: 0.0700, Grad: 4.9794
  Batch 1100/6019, Loss: 0.0393, Grad: 23.3720
  Batch 1200/6019, Loss: 0.0732, Grad: 12.0860
  Batch 1300/6019, Loss: 0.0673, Grad: 2.9270
  Batch 1400/6019, Loss: 0.0884, Grad: 11.6149
  Batch 1500/6019, Loss: 0.0695, Grad: 5.8097
  Batch 1600/6019, Loss: 0.1100, Grad: 7.5756
  Batch 1700/6019, Loss: 0.0556, Grad: 2.1624
  Batch 1800/6019, Loss: 0.0599, Grad: 3.2066
  Batch 1900/6019, Loss: 0.0588, Grad: 2.1068
  Batch 2000/6019, Loss: 0.0483, Grad: 8.0282
  Batch 2100/6019, Loss: 0.1112, Grad: 7.3995
  Batch 2200/6019, Loss: 0.0643, Grad: 3.0481
  Batch 2300/6019, Loss: 0.0490, Grad: 3.9644
  Batch 2400/6019, Loss: 0.0594, Grad: 1.8819
  Batch 2500/6019, Loss: 0.0758, Grad: 8.5058
  Batch 2600/6019, Loss: 0.0596, Grad: 2.0505
  Batch 2700/6019, Loss: 0.0739, Grad: 10.6533
  Batch 2800/6019, Loss: 0.0517, Grad: 2.0744
  Batch 2900/6019, Loss: 0.0706, Grad: 2.8155
  Batch 3000/6019, Loss: 0.0848, Grad: 3.8490
  Batch 3100/6019, Loss: 0.0565, Grad: 2.8740
  Batch 3200/6019, Loss: 0.0675, Grad: 4.3634
  Batch 3300/6019, Loss: 0.0699, Grad: 10.1222
  Batch 3400/6019, Loss: 0.0712, Grad: 17.8185
  Batch 3500/6019, Loss: 0.0691, Grad: 22.0399
  Batch 3600/6019, Loss: 0.0556, Grad: 3.6711
  Batch 3700/6019, Loss: 0.0604, Grad: 2.2213
  Batch 3800/6019, Loss: 0.0596, Grad: 7.4741
  Batch 3900/6019, Loss: 0.0662, Grad: 2.8693
  Batch 4000/6019, Loss: 0.0680, Grad: 10.1756
  Batch 4100/6019, Loss: 0.0692, Grad: 4.1370
  Batch 4200/6019, Loss: 0.0964, Grad: 4.7214
  Batch 4300/6019, Loss: 0.0967, Grad: 3.9716
  Batch 4400/6019, Loss: 0.0746, Grad: 3.9298
  Batch 4500/6019, Loss: 0.0765, Grad: 2.7499
  Batch 4600/6019, Loss: 0.0565, Grad: 3.3530
  Batch 4700/6019, Loss: 0.0541, Grad: 3.7909
  Batch 4800/6019, Loss: 0.0903, Grad: 4.5159
  Batch 4900/6019, Loss: 0.0530, Grad: 2.4286
  Batch 5000/6019, Loss: 0.0417, Grad: 6.4165
  Batch 5100/6019, Loss: 0.0776, Grad: 2.6766
  Batch 5200/6019, Loss: 0.0568, Grad: 2.1341
  Batch 5300/6019, Loss: 0.0465, Grad: 2.0255
  Batch 5400/6019, Loss: 0.0649, Grad: 1.4764
  Batch 5500/6019, Loss: 0.0655, Grad: 7.3951
  Batch 5600/6019, Loss: 0.1008, Grad: 5.0465
  Batch 5700/6019, Loss: 0.0691, Grad: 8.3786
  Batch 5800/6019, Loss: 0.0808, Grad: 8.5174
  Batch 5900/6019, Loss: 0.0508, Grad: 4.9087
  Batch 6000/6019, Loss: 0.0620, Grad: 12.0557
Train Loss: 0.0695
Val Loss: 0.0946, Val Macro F1: 0.8098

Per-Class F1 Scores:
  Class 0 (Non-tonal Speech): F1 = 0.9417
  Class 1 (Tonal Speech    ): F1 = 0.6611
  Class 2 (Vocal Music     ): F1 = 0.8045
  Class 3 (Non-vocal Music ): F1 = 0.6325
  Class 4 (Urban Env       ): F1 = 0.9242
  Class 5 (Wildlife Env    ): F1 = 0.8949

Confusion between Similar Classes:
  Class 0→1 (non-tonal→tonal speech):  5722
  Class 1→0 (tonal→non-tonal speech):  1668
  Class 2→3 (vocal→non-vocal music):   2794
  Class 3→2 (non-vocal→vocal music):   2238
Learning rate: 0.000100

============================================================
Epoch 9/50
============================================================
  Batch 0/6019, Loss: 0.0520, Grad: 3.7356
  Batch 100/6019, Loss: 0.0542, Grad: 8.0939
  Batch 200/6019, Loss: 0.0521, Grad: 7.4729
  Batch 300/6019, Loss: 0.0450, Grad: 11.0088
  Batch 400/6019, Loss: 0.0621, Grad: 10.7788
  Batch 500/6019, Loss: 0.0667, Grad: 10.2231
  Batch 600/6019, Loss: 0.0560, Grad: 7.3937
  Batch 700/6019, Loss: 0.0748, Grad: 3.5604
  Batch 800/6019, Loss: 0.0524, Grad: 2.5893
  Batch 900/6019, Loss: 0.0666, Grad: 5.9696
  Batch 1000/6019, Loss: 0.0596, Grad: 2.7408
  Batch 1100/6019, Loss: 0.0571, Grad: 14.1035
  Batch 1200/6019, Loss: 0.0626, Grad: 5.9131
  Batch 1300/6019, Loss: 0.0837, Grad: 47.6593
  Batch 1400/6019, Loss: 0.0679, Grad: 15.0677
  Batch 1500/6019, Loss: 0.0520, Grad: 3.3393
  Batch 1600/6019, Loss: 0.0778, Grad: 11.5324
  Batch 1700/6019, Loss: 0.1059, Grad: 10.1150
  Batch 1800/6019, Loss: 0.0950, Grad: 26.8752
  Batch 1900/6019, Loss: 0.0503, Grad: 3.5002
  Batch 2000/6019, Loss: 0.0648, Grad: 24.9772
  Batch 2100/6019, Loss: 0.0525, Grad: 5.1712
  Batch 2200/6019, Loss: 0.0527, Grad: 12.5786
  Batch 2300/6019, Loss: 0.0676, Grad: 26.1422
  Batch 2400/6019, Loss: 0.0602, Grad: 8.5964
  Batch 2500/6019, Loss: 0.0776, Grad: 10.7936
  Batch 2600/6019, Loss: 0.0975, Grad: 5.9748
  Batch 2700/6019, Loss: 0.0849, Grad: 4.6350
  Batch 2800/6019, Loss: 0.0895, Grad: 15.9974
  Batch 2900/6019, Loss: 0.0687, Grad: 5.8949
  Batch 3000/6019, Loss: 0.0420, Grad: 4.7465
  Batch 3100/6019, Loss: 0.0604, Grad: 5.2940
  Batch 3200/6019, Loss: 0.0783, Grad: 11.4699
  Batch 3300/6019, Loss: 0.0720, Grad: 17.7568
  Batch 3400/6019, Loss: 0.0766, Grad: 7.1516
  Batch 3500/6019, Loss: 0.0811, Grad: 32.1557
  Batch 3600/6019, Loss: 0.0689, Grad: 5.9785
  Batch 3700/6019, Loss: 0.0620, Grad: 9.1692
  Batch 3800/6019, Loss: 0.0658, Grad: 6.4828
  Batch 3900/6019, Loss: 0.0533, Grad: 5.5579
  Batch 4000/6019, Loss: 0.0667, Grad: 12.9612
  Batch 4100/6019, Loss: 0.0534, Grad: 4.8859
  Batch 4200/6019, Loss: 0.0912, Grad: 6.8532
  Batch 4300/6019, Loss: 0.0720, Grad: 11.7034
  Batch 4400/6019, Loss: 0.0650, Grad: 10.4676
  Batch 4500/6019, Loss: 0.0629, Grad: 15.8190
  Batch 4600/6019, Loss: 0.0743, Grad: 11.1804
  Batch 4700/6019, Loss: 0.0949, Grad: 25.8134
  Batch 4800/6019, Loss: 0.0745, Grad: 110.4862
  Batch 4900/6019, Loss: 0.0884, Grad: 4.5333
  Batch 5000/6019, Loss: 0.0768, Grad: 16.8208
  Batch 5100/6019, Loss: 0.0865, Grad: 9.2898
  Batch 5200/6019, Loss: 0.0631, Grad: 8.7931
  Batch 5300/6019, Loss: 0.0702, Grad: 14.4654
  Batch 5400/6019, Loss: 0.1011, Grad: 9.8119
  Batch 5500/6019, Loss: 0.0621, Grad: 14.9160
  Batch 5600/6019, Loss: 0.0539, Grad: 41.0341
  Batch 5700/6019, Loss: 0.0596, Grad: 5.7023
  Batch 5800/6019, Loss: 0.0607, Grad: 5.3649
  Batch 5900/6019, Loss: 0.0674, Grad: 67.5458
  Batch 6000/6019, Loss: 0.0439, Grad: 18.3440
Train Loss: 0.0705
Val Loss: 0.0960, Val Macro F1: 0.8061

Per-Class F1 Scores:
  Class 0 (Non-tonal Speech): F1 = 0.9452
  Class 1 (Tonal Speech    ): F1 = 0.6660
  Class 2 (Vocal Music     ): F1 = 0.7947
  Class 3 (Non-vocal Music ): F1 = 0.6264
  Class 4 (Urban Env       ): F1 = 0.9405
  Class 5 (Wildlife Env    ): F1 = 0.8640

Confusion between Similar Classes:
  Class 0→1 (non-tonal→tonal speech):  5005
  Class 1→0 (tonal→non-tonal speech):  1928
  Class 2→3 (vocal→non-vocal music):   2777
  Class 3→2 (non-vocal→vocal music):   2253
Learning rate: 0.000050

============================================================
Epoch 10/50
============================================================
  Batch 0/6019, Loss: 0.0672, Grad: 5.4480
  Batch 100/6019, Loss: 0.0624, Grad: 13.0739
  Batch 200/6019, Loss: 0.0677, Grad: 15.8266
  Batch 300/6019, Loss: 0.0696, Grad: 3.0372
  Batch 400/6019, Loss: 0.0782, Grad: 5.4647
  Batch 500/6019, Loss: 0.0574, Grad: 4.8600
  Batch 600/6019, Loss: 0.0454, Grad: 2.6374
  Batch 700/6019, Loss: 0.0582, Grad: 48.7469
  Batch 800/6019, Loss: 0.0659, Grad: 5.6797
  Batch 900/6019, Loss: 0.0474, Grad: 2.4674
  Batch 1000/6019, Loss: 0.0641, Grad: 4.6551
  Batch 1100/6019, Loss: 0.0614, Grad: 2.5749
  Batch 1200/6019, Loss: 0.0480, Grad: 14.9247
  Batch 1300/6019, Loss: 0.0691, Grad: 6.5529
  Batch 1400/6019, Loss: 0.0557, Grad: 6.7137
  Batch 1500/6019, Loss: 0.0776, Grad: 13.4980
  Batch 1600/6019, Loss: 0.0672, Grad: 9.0600
  Batch 1700/6019, Loss: 0.0488, Grad: 6.8682
  Batch 1800/6019, Loss: 0.0398, Grad: 1.9072
  Batch 1900/6019, Loss: 0.0573, Grad: 4.0427
  Batch 2000/6019, Loss: 0.0645, Grad: 8.5935
  Batch 2100/6019, Loss: 0.0715, Grad: 7.7648
  Batch 2200/6019, Loss: 0.0824, Grad: 8.3770
  Batch 2300/6019, Loss: 0.0843, Grad: 10.2332
  Batch 2400/6019, Loss: 0.0525, Grad: 5.3830
  Batch 2500/6019, Loss: 0.0746, Grad: 7.0784
  Batch 2600/6019, Loss: 0.0793, Grad: 16.3216
  Batch 2700/6019, Loss: 0.0546, Grad: 9.8825
  Batch 2800/6019, Loss: 0.0540, Grad: 14.7197
  Batch 2900/6019, Loss: 0.0483, Grad: 113.4317
  Batch 3000/6019, Loss: 0.0887, Grad: 9.3767
  Batch 3100/6019, Loss: 0.0566, Grad: 6.3426
  Batch 3200/6019, Loss: 0.0643, Grad: 7.1763
  Batch 3300/6019, Loss: 0.0560, Grad: 15.4618
  Batch 3400/6019, Loss: 0.0555, Grad: 5.7063
  Batch 3500/6019, Loss: 0.0633, Grad: 6.7913
  Batch 3600/6019, Loss: 0.0619, Grad: 17.1694
  Batch 3700/6019, Loss: 0.0651, Grad: 5.5826
  Batch 3800/6019, Loss: 0.0681, Grad: 5.0360
  Batch 3900/6019, Loss: 0.0671, Grad: 15.0315
  Batch 4000/6019, Loss: 0.0602, Grad: 6.0031
  Batch 4100/6019, Loss: 0.0443, Grad: 2.4435
  Batch 4200/6019, Loss: 0.0487, Grad: 8.6295
  Batch 4300/6019, Loss: 0.0759, Grad: 23.7794
  Batch 4400/6019, Loss: 0.0690, Grad: 9.0646
  Batch 4500/6019, Loss: 0.0680, Grad: 10.5606
  Batch 4600/6019, Loss: 0.0776, Grad: 5.8169
  Batch 4700/6019, Loss: 0.0553, Grad: 3.9775
  Batch 4800/6019, Loss: 0.0882, Grad: 19.6141
  Batch 4900/6019, Loss: 0.0774, Grad: 5.5213
  Batch 5000/6019, Loss: 0.0777, Grad: 13.7094
  Batch 5100/6019, Loss: 0.0557, Grad: 2.7859
  Batch 5200/6019, Loss: 0.0509, Grad: 5.8879
  Batch 5300/6019, Loss: 0.0778, Grad: 10.3064
  Batch 5400/6019, Loss: 0.0490, Grad: 6.0670
  Batch 5500/6019, Loss: 0.0743, Grad: 4.8514
  Batch 5600/6019, Loss: 0.0520, Grad: 2.9211
  Batch 5700/6019, Loss: 0.0658, Grad: 4.8745
  Batch 5800/6019, Loss: 0.0542, Grad: 5.7204
  Batch 5900/6019, Loss: 0.0859, Grad: 30.2636
  Batch 6000/6019, Loss: 0.0637, Grad: 4.1534
Train Loss: 0.0675
Val Loss: 0.0875, Val Macro F1: 0.8209

Per-Class F1 Scores:
  Class 0 (Non-tonal Speech): F1 = 0.9472
  Class 1 (Tonal Speech    ): F1 = 0.6823
  Class 2 (Vocal Music     ): F1 = 0.8045
  Class 3 (Non-vocal Music ): F1 = 0.6464
  Class 4 (Urban Env       ): F1 = 0.9388
  Class 5 (Wildlife Env    ): F1 = 0.9062

Confusion between Similar Classes:
  Class 0→1 (non-tonal→tonal speech):  4981
  Class 1→0 (tonal→non-tonal speech):  1701
  Class 2→3 (vocal→non-vocal music):   2941
  Class 3→2 (non-vocal→vocal music):   2054
Learning rate: 0.000050

============================================================
Epoch 11/50
============================================================
  Batch 0/6019, Loss: 0.0559, Grad: 9.2840
  Batch 100/6019, Loss: 0.0563, Grad: 4.1522
  Batch 200/6019, Loss: 0.0598, Grad: 7.2442
  Batch 300/6019, Loss: 0.0499, Grad: 19.9197
  Batch 400/6019, Loss: 0.0784, Grad: 10.1073
  Batch 500/6019, Loss: 0.0510, Grad: 1.8602
  Batch 600/6019, Loss: 0.0791, Grad: 4.2524
  Batch 700/6019, Loss: 0.0501, Grad: 3.3387
  Batch 800/6019, Loss: 0.0529, Grad: 4.0877
  Batch 900/6019, Loss: 0.0729, Grad: 5.7405
  Batch 1000/6019, Loss: 0.0648, Grad: 3.5484
  Batch 1100/6019, Loss: 0.0686, Grad: 6.0441
  Batch 1200/6019, Loss: 0.0584, Grad: 17.0831
  Batch 1300/6019, Loss: 0.0656, Grad: 2.8040
  Batch 1400/6019, Loss: 0.0523, Grad: 4.2145
  Batch 1500/6019, Loss: 0.0765, Grad: 37.6217
  Batch 1600/6019, Loss: 0.0867, Grad: 12.0751
  Batch 1700/6019, Loss: 0.0670, Grad: 3.3375
  Batch 1800/6019, Loss: 0.0674, Grad: 186.9354
  Batch 1900/6019, Loss: 0.0506, Grad: 5.9480
  Batch 2000/6019, Loss: 0.0613, Grad: 6.1076
  Batch 2100/6019, Loss: 0.0661, Grad: 5.4621
  Batch 2200/6019, Loss: 0.0605, Grad: 3.4093
  Batch 2300/6019, Loss: 0.1042, Grad: 6.0693
  Batch 2400/6019, Loss: 0.0823, Grad: 39.7935
  Batch 2500/6019, Loss: 0.0986, Grad: 131.8237
  Batch 2600/6019, Loss: 0.0522, Grad: 5.9549
  Batch 2700/6019, Loss: 0.0825, Grad: 19.3022
  Batch 2800/6019, Loss: 0.0688, Grad: 41.1931
  Batch 2900/6019, Loss: 0.0896, Grad: 5.8177
  Batch 3000/6019, Loss: 0.0735, Grad: 6.1985
  Batch 3100/6019, Loss: 0.0474, Grad: 1.8446
  Batch 3200/6019, Loss: 0.0743, Grad: 6.9912
  Batch 3300/6019, Loss: 0.0460, Grad: 3.9103
  Batch 3400/6019, Loss: 0.0460, Grad: 5.5339
  Batch 3500/6019, Loss: 0.0558, Grad: 3.3277
  Batch 3600/6019, Loss: 0.0538, Grad: 3.0776
  Batch 3700/6019, Loss: 0.0692, Grad: 8.0918
  Batch 3800/6019, Loss: 0.0694, Grad: 4.5737
  Batch 3900/6019, Loss: 0.0508, Grad: 8.2728
  Batch 4000/6019, Loss: 0.0522, Grad: 7.6048
  Batch 4100/6019, Loss: 0.0759, Grad: 7.8248
  Batch 4200/6019, Loss: 0.0580, Grad: 4.4056
  Batch 4300/6019, Loss: 0.0783, Grad: 12.5935
  Batch 4400/6019, Loss: 0.0483, Grad: 3.5923
  Batch 4500/6019, Loss: 0.0569, Grad: 4.7680
  Batch 4600/6019, Loss: 0.0720, Grad: 13.5576
  Batch 4700/6019, Loss: 0.0327, Grad: 6.0070
  Batch 4800/6019, Loss: 0.0538, Grad: 6.1725
  Batch 4900/6019, Loss: 0.0421, Grad: 3.5497
  Batch 5000/6019, Loss: 0.0543, Grad: 5.3929
  Batch 5100/6019, Loss: 0.0700, Grad: 62.4660
  Batch 5200/6019, Loss: 0.0535, Grad: 2.8667
  Batch 5300/6019, Loss: 0.0782, Grad: 10.5080
  Batch 5400/6019, Loss: 0.0602, Grad: 8.7264
  Batch 5500/6019, Loss: 0.0803, Grad: 25.0701
  Batch 5600/6019, Loss: 0.0932, Grad: 9.2557
  Batch 5700/6019, Loss: 0.0650, Grad: 38.2280
  Batch 5800/6019, Loss: 0.0672, Grad: 4.0225
  Batch 5900/6019, Loss: 0.0642, Grad: 35.8713
  Batch 6000/6019, Loss: 0.0718, Grad: 8.1970
Train Loss: 0.0663
Val Loss: 0.0878, Val Macro F1: 0.8179

Per-Class F1 Scores:
  Class 0 (Non-tonal Speech): F1 = 0.9492
  Class 1 (Tonal Speech    ): F1 = 0.6840
  Class 2 (Vocal Music     ): F1 = 0.8203
  Class 3 (Non-vocal Music ): F1 = 0.6226
  Class 4 (Urban Env       ): F1 = 0.9352
  Class 5 (Wildlife Env    ): F1 = 0.8964

Confusion between Similar Classes:
  Class 0→1 (non-tonal→tonal speech):  4761
  Class 1→0 (tonal→non-tonal speech):  1767
  Class 2→3 (vocal→non-vocal music):   2189
  Class 3→2 (non-vocal→vocal music):   2616
Learning rate: 0.000050

============================================================
Epoch 12/50
============================================================
  Batch 0/6019, Loss: 0.0526, Grad: 5.6643
  Batch 100/6019, Loss: 0.0674, Grad: 3.7104
  Batch 200/6019, Loss: 0.0714, Grad: 36.2459
  Batch 300/6019, Loss: 0.0560, Grad: 9.0442
  Batch 400/6019, Loss: 0.0550, Grad: 2.5916
  Batch 500/6019, Loss: 0.1077, Grad: 22.4393
  Batch 600/6019, Loss: 0.0754, Grad: 5.3967
  Batch 700/6019, Loss: 0.0623, Grad: 15.2711
  Batch 800/6019, Loss: 0.0671, Grad: 6.6146
  Batch 900/6019, Loss: 0.0524, Grad: 2.0863
  Batch 1000/6019, Loss: 0.0494, Grad: 3.7963
  Batch 1100/6019, Loss: 0.0512, Grad: 6.5711
  Batch 1200/6019, Loss: 0.0824, Grad: 6.0919
  Batch 1300/6019, Loss: 0.1171, Grad: 10.0600
  Batch 1400/6019, Loss: 0.0421, Grad: 13.7763
  Batch 1500/6019, Loss: 0.0603, Grad: 3.8696
  Batch 1600/6019, Loss: 0.0683, Grad: 7.4040
  Batch 1700/6019, Loss: 0.0500, Grad: 5.8770
  Batch 1800/6019, Loss: 0.0489, Grad: 12.8412
  Batch 1900/6019, Loss: 0.0430, Grad: 26.7870
  Batch 2000/6019, Loss: 0.0595, Grad: 558.4915
  Batch 2100/6019, Loss: 0.0555, Grad: 8.2632
  Batch 2200/6019, Loss: 0.0614, Grad: 9.4519
  Batch 2300/6019, Loss: 0.0517, Grad: 13.2089
  Batch 2400/6019, Loss: 0.0693, Grad: 14.8143
  Batch 2500/6019, Loss: 0.0592, Grad: 5.7425
  Batch 2600/6019, Loss: 0.0662, Grad: 14.2131
  Batch 2700/6019, Loss: 0.0659, Grad: 7.6709
  Batch 2800/6019, Loss: 0.0501, Grad: 6.0246
  Batch 2900/6019, Loss: 0.0493, Grad: 10.4593
  Batch 3000/6019, Loss: 0.0791, Grad: 4.2300
  Batch 3100/6019, Loss: 0.0610, Grad: 9.3744
  Batch 3200/6019, Loss: 0.0575, Grad: 6.3881
  Batch 3300/6019, Loss: 0.0578, Grad: 36.8427
  Batch 3400/6019, Loss: 0.0653, Grad: 31.8375
  Batch 3500/6019, Loss: 0.0871, Grad: 17.0337
  Batch 3600/6019, Loss: 0.0857, Grad: 10.2567
  Batch 3700/6019, Loss: 0.0725, Grad: 18.1008
  Batch 3800/6019, Loss: 0.0513, Grad: 25.4515
  Batch 3900/6019, Loss: 0.0647, Grad: 8.4122
  Batch 4000/6019, Loss: 0.0696, Grad: 29.4842
  Batch 4100/6019, Loss: 0.0733, Grad: 48.3990
  Batch 4200/6019, Loss: 0.0401, Grad: 3.1026
  Batch 4300/6019, Loss: 0.0492, Grad: 18.2500
  Batch 4400/6019, Loss: 0.0646, Grad: 7.5204
  Batch 4500/6019, Loss: 0.0545, Grad: 27.5402
  Batch 4600/6019, Loss: 0.0581, Grad: 7.6272
  Batch 4700/6019, Loss: 0.0582, Grad: 8.1028
  Batch 4800/6019, Loss: 0.0683, Grad: 12.8099
  Batch 4900/6019, Loss: 0.0552, Grad: 13.7958
  Batch 5000/6019, Loss: 0.1059, Grad: 30.2342
  Batch 5100/6019, Loss: 0.0841, Grad: 151.6532
  Batch 5200/6019, Loss: 0.0590, Grad: 8.7008
  Batch 5300/6019, Loss: 0.0521, Grad: 13.8973
  Batch 5400/6019, Loss: 0.0699, Grad: 10.5580
  Batch 5500/6019, Loss: 0.0618, Grad: 7.3400
  Batch 5600/6019, Loss: 0.0611, Grad: 15.6113
  Batch 5700/6019, Loss: 0.0552, Grad: 10.0558
  Batch 5800/6019, Loss: 0.0607, Grad: 186.0679
  Batch 5900/6019, Loss: 0.0851, Grad: 10.8579
  Batch 6000/6019, Loss: 0.0447, Grad: 16.9724
Train Loss: 0.0658
Val Loss: 0.0849, Val Macro F1: 0.8251

Per-Class F1 Scores:
  Class 0 (Non-tonal Speech): F1 = 0.9550
  Class 1 (Tonal Speech    ): F1 = 0.7057
  Class 2 (Vocal Music     ): F1 = 0.8045
  Class 3 (Non-vocal Music ): F1 = 0.6362
  Class 4 (Urban Env       ): F1 = 0.9475
  Class 5 (Wildlife Env    ): F1 = 0.9017

Confusion between Similar Classes:
  Class 0→1 (non-tonal→tonal speech):  3769
  Class 1→0 (tonal→non-tonal speech):  1960
  Class 2→3 (vocal→non-vocal music):   2896
  Class 3→2 (non-vocal→vocal music):   2139
Learning rate: 0.000050
✓ Saved best model with Val F1: 0.8251

============================================================
Epoch 13/50
============================================================
  Batch 0/6019, Loss: 0.0700, Grad: 21.1238
  Batch 100/6019, Loss: 0.0993, Grad: 427.4001
  Batch 200/6019, Loss: 0.0853, Grad: 41.2312
  Batch 300/6019, Loss: 0.0592, Grad: 13.1683
  Batch 400/6019, Loss: 0.0543, Grad: 30.9037
  Batch 500/6019, Loss: 0.0694, Grad: 22.6596
  Batch 600/6019, Loss: 0.0633, Grad: 6.6850
  Batch 700/6019, Loss: 0.0805, Grad: 20.1571
  Batch 800/6019, Loss: 0.0729, Grad: 141.6554
  Batch 900/6019, Loss: 0.0625, Grad: 29.4811
  Batch 1000/6019, Loss: 0.0677, Grad: 23.0606
  Batch 1100/6019, Loss: 0.0584, Grad: 178.4221
  Batch 1200/6019, Loss: 0.0693, Grad: 19.4740
  Batch 1300/6019, Loss: 0.0657, Grad: 10.1217
  Batch 1400/6019, Loss: 0.0746, Grad: 8.0689
  Batch 1500/6019, Loss: 0.0521, Grad: 55.6441
  Batch 1600/6019, Loss: 0.0667, Grad: 4.6802
  Batch 1700/6019, Loss: 0.0647, Grad: 36.3084
  Batch 1800/6019, Loss: 0.0693, Grad: 7.1731
  Batch 1900/6019, Loss: 0.0834, Grad: 6.0479
  Batch 2000/6019, Loss: 0.0427, Grad: 7.9759
  Batch 2100/6019, Loss: 0.0577, Grad: 27.9585
  Batch 2200/6019, Loss: 0.0851, Grad: 16.0700
  Batch 2300/6019, Loss: 0.0547, Grad: 9.1804
  Batch 2400/6019, Loss: 0.0684, Grad: 16.6438
  Batch 2500/6019, Loss: 0.0565, Grad: 5.8889
  Batch 2600/6019, Loss: 0.0770, Grad: 22.3102
  Batch 2700/6019, Loss: 0.0810, Grad: 5.9919
  Batch 2800/6019, Loss: 0.0517, Grad: 7.0039
  Batch 2900/6019, Loss: 0.0639, Grad: 26.0367
  Batch 3000/6019, Loss: 0.0591, Grad: 19.5615
  Batch 3100/6019, Loss: 0.0877, Grad: 39.0161
  Batch 3200/6019, Loss: 0.0847, Grad: 56.1800
  Batch 3300/6019, Loss: 0.0671, Grad: 13.9067
  Batch 3400/6019, Loss: 0.0912, Grad: 12.3652
  Batch 3500/6019, Loss: 0.0679, Grad: 11.1199
  Batch 3600/6019, Loss: 0.0595, Grad: 117.9939
  Batch 3700/6019, Loss: 0.0720, Grad: 5.7123
  Batch 3800/6019, Loss: 0.0424, Grad: 5.5963
  Batch 3900/6019, Loss: 0.0585, Grad: 6.0604
  Batch 4000/6019, Loss: 0.0546, Grad: 3.5800
  Batch 4100/6019, Loss: 0.0667, Grad: 10.4735
  Batch 4200/6019, Loss: 0.0584, Grad: 10.2340
  Batch 4300/6019, Loss: 0.0860, Grad: 20.4277
  Batch 4400/6019, Loss: 0.0512, Grad: 23.3094
  Batch 4500/6019, Loss: 0.0619, Grad: 12.5298
  Batch 4600/6019, Loss: 0.0557, Grad: 5.1343
  Batch 4700/6019, Loss: 0.0555, Grad: 9.6598
  Batch 4800/6019, Loss: 0.0860, Grad: 86.7690
  Batch 4900/6019, Loss: 0.0889, Grad: 56.1215
  Batch 5000/6019, Loss: 0.0452, Grad: 12.0337
  Batch 5100/6019, Loss: 0.0533, Grad: 7.0532
  Batch 5200/6019, Loss: 0.0578, Grad: 15.1551
  Batch 5300/6019, Loss: 0.0741, Grad: 6.7134
  Batch 5400/6019, Loss: 0.0582, Grad: 4.8062
  Batch 5500/6019, Loss: 0.0585, Grad: 35.4283
  Batch 5600/6019, Loss: 0.0537, Grad: 9.4386
  Batch 5700/6019, Loss: 0.0647, Grad: 24.1375
  Batch 5800/6019, Loss: 0.0685, Grad: 10.4223
  Batch 5900/6019, Loss: 0.0589, Grad: 8.8746
  Batch 6000/6019, Loss: 0.0435, Grad: 7.6092
Train Loss: 0.0663
Val Loss: 0.0818, Val Macro F1: 0.8229

Per-Class F1 Scores:
  Class 0 (Non-tonal Speech): F1 = 0.9570
  Class 1 (Tonal Speech    ): F1 = 0.7083
  Class 2 (Vocal Music     ): F1 = 0.8149
  Class 3 (Non-vocal Music ): F1 = 0.6270
  Class 4 (Urban Env       ): F1 = 0.9360
  Class 5 (Wildlife Env    ): F1 = 0.8943

Confusion between Similar Classes:
  Class 0→1 (non-tonal→tonal speech):  3428
  Class 1→0 (tonal→non-tonal speech):  2128
  Class 2→3 (vocal→non-vocal music):   2386
  Class 3→2 (non-vocal→vocal music):   2468
Learning rate: 0.000050

============================================================
Epoch 14/50
============================================================
  Batch 0/6019, Loss: 0.0584, Grad: 4.6405
  Batch 100/6019, Loss: 0.0614, Grad: 6.4150
  Batch 200/6019, Loss: 0.0446, Grad: 3.7633
  Batch 300/6019, Loss: 0.0664, Grad: 11.3066
  Batch 400/6019, Loss: 0.0779, Grad: 6.5381
  Batch 500/6019, Loss: 0.0607, Grad: 9.3524
  Batch 600/6019, Loss: 0.0657, Grad: 8.8370
  Batch 700/6019, Loss: 0.0606, Grad: 11.9899
  Batch 800/6019, Loss: 0.0537, Grad: 14.6296
  Batch 900/6019, Loss: 0.0769, Grad: 7.9625
  Batch 1000/6019, Loss: 0.0528, Grad: 4.7237
  Batch 1100/6019, Loss: 0.0479, Grad: 11.8960
  Batch 1200/6019, Loss: 0.0729, Grad: 85.7429
  Batch 1300/6019, Loss: 0.0895, Grad: 36.0772
  Batch 1400/6019, Loss: 0.0519, Grad: 16.5157
  Batch 1500/6019, Loss: 0.0764, Grad: 4.6680
  Batch 1600/6019, Loss: 0.0530, Grad: 45.9340
  Batch 1700/6019, Loss: 0.0531, Grad: 5.9822
  Batch 1800/6019, Loss: 0.0573, Grad: 6.9433
  Batch 1900/6019, Loss: 0.0674, Grad: 5.3080
  Batch 2000/6019, Loss: 0.0566, Grad: 6.1592
  Batch 2100/6019, Loss: 0.0718, Grad: 7.0421
  Batch 2200/6019, Loss: 0.0441, Grad: 10.0224
  Batch 2300/6019, Loss: 0.0607, Grad: 10.2104
  Batch 2400/6019, Loss: 0.0714, Grad: 38.2554
  Batch 2500/6019, Loss: 0.0839, Grad: 10.8250
  Batch 2600/6019, Loss: 0.0611, Grad: 3.5282
  Batch 2700/6019, Loss: 0.0793, Grad: 13.8907
  Batch 2800/6019, Loss: 0.1027, Grad: 10.8060
  Batch 2900/6019, Loss: 0.0535, Grad: 6.1902
  Batch 3000/6019, Loss: 0.0750, Grad: 419.1931
  Batch 3100/6019, Loss: 0.0513, Grad: 10.2350
  Batch 3200/6019, Loss: 0.0519, Grad: 9.9328
  Batch 3300/6019, Loss: 0.0524, Grad: 15.1960
  Batch 3400/6019, Loss: 0.0692, Grad: 6.8798
  Batch 3500/6019, Loss: 0.0539, Grad: 5.2290
  Batch 3600/6019, Loss: 0.0434, Grad: 8.3195
  Batch 3700/6019, Loss: 0.0547, Grad: 6.6856
  Batch 3800/6019, Loss: 0.0757, Grad: 4.2974
  Batch 3900/6019, Loss: 0.0773, Grad: 15.5810
  Batch 4000/6019, Loss: 0.0490, Grad: 2.6726
  Batch 4100/6019, Loss: 0.0761, Grad: 9.6635
  Batch 4200/6019, Loss: 0.0575, Grad: 6.0787
  Batch 4300/6019, Loss: 0.0632, Grad: 10.1920
  Batch 4400/6019, Loss: 0.0445, Grad: 4.0412
  Batch 4500/6019, Loss: 0.0658, Grad: 5.9613
  Batch 4600/6019, Loss: 0.0701, Grad: 8.2913
  Batch 4700/6019, Loss: 0.0635, Grad: 6.9960
  Batch 4800/6019, Loss: 0.0508, Grad: 5.5687
  Batch 4900/6019, Loss: 0.0819, Grad: 75.5604
  Batch 5000/6019, Loss: 0.0448, Grad: 7.8211
  Batch 5100/6019, Loss: 0.0515, Grad: 4.5424
  Batch 5200/6019, Loss: 0.0693, Grad: 58.9117
  Batch 5300/6019, Loss: 0.0735, Grad: 8.3183
  Batch 5400/6019, Loss: 0.0757, Grad: 11.9558
  Batch 5500/6019, Loss: 0.0607, Grad: 3.0846
  Batch 5600/6019, Loss: 0.0585, Grad: 2.8197
  Batch 5700/6019, Loss: 0.0582, Grad: 9.6007
  Batch 5800/6019, Loss: 0.0696, Grad: 3.7320
  Batch 5900/6019, Loss: 0.0747, Grad: 12.6175
  Batch 6000/6019, Loss: 0.0743, Grad: 83.5130
Train Loss: 0.0664
Val Loss: 0.0918, Val Macro F1: 0.8118

Per-Class F1 Scores:
  Class 0 (Non-tonal Speech): F1 = 0.9475
  Class 1 (Tonal Speech    ): F1 = 0.6801
  Class 2 (Vocal Music     ): F1 = 0.7943
  Class 3 (Non-vocal Music ): F1 = 0.6400
  Class 4 (Urban Env       ): F1 = 0.9313
  Class 5 (Wildlife Env    ): F1 = 0.8774

Confusion between Similar Classes:
  Class 0→1 (non-tonal→tonal speech):  5003
  Class 1→0 (tonal→non-tonal speech):  1694
  Class 2→3 (vocal→non-vocal music):   3086
  Class 3→2 (non-vocal→vocal music):   2003
Learning rate: 0.000050

============================================================
Epoch 15/50
============================================================
  Batch 0/6019, Loss: 0.0445, Grad: 2.4578
  Batch 100/6019, Loss: 0.0823, Grad: 52.1871
  Batch 200/6019, Loss: 0.0622, Grad: 24.3056
  Batch 300/6019, Loss: 0.0671, Grad: 16.2108
  Batch 400/6019, Loss: 0.0831, Grad: 3.4788
  Batch 500/6019, Loss: 0.0682, Grad: 6.4308
  Batch 600/6019, Loss: 0.0867, Grad: 33.1016
  Batch 700/6019, Loss: 0.0774, Grad: 6.9474
  Batch 800/6019, Loss: 0.0761, Grad: 6.4478
  Batch 900/6019, Loss: 0.0650, Grad: 7.4601
  Batch 1000/6019, Loss: 0.1020, Grad: 11.0124
  Batch 1100/6019, Loss: 0.0784, Grad: 8.1531
  Batch 1200/6019, Loss: 0.0736, Grad: 7.6499
  Batch 1300/6019, Loss: 0.0794, Grad: 6.6684
  Batch 1400/6019, Loss: 0.0521, Grad: 6.4818
  Batch 1500/6019, Loss: 0.0757, Grad: 22.8710
  Batch 1600/6019, Loss: 0.0984, Grad: 19.6418
  Batch 1700/6019, Loss: 0.0554, Grad: 15.7113
  Batch 1800/6019, Loss: 0.0807, Grad: 11.7733
  Batch 1900/6019, Loss: 0.0566, Grad: 12.2991
  Batch 2000/6019, Loss: 0.0503, Grad: 30.4849
  Batch 2100/6019, Loss: 0.0469, Grad: 2.4088
  Batch 2200/6019, Loss: 0.0540, Grad: 14.2561
  Batch 2300/6019, Loss: 0.0627, Grad: 13.6568
  Batch 2400/6019, Loss: 0.0549, Grad: 12.0175
  Batch 2500/6019, Loss: 0.0460, Grad: 11.9318
  Batch 2600/6019, Loss: 0.0803, Grad: 14.8762
  Batch 2700/6019, Loss: 0.0926, Grad: 9.0648
  Batch 2800/6019, Loss: 0.0653, Grad: 16.8622
  Batch 2900/6019, Loss: 0.0613, Grad: 8.6891
  Batch 3000/6019, Loss: 0.0802, Grad: 15.3037
  Batch 3100/6019, Loss: 0.0574, Grad: 25.5776
  Batch 3200/6019, Loss: 0.0500, Grad: 20.4958
  Batch 3300/6019, Loss: 0.0598, Grad: 25.8715
  Batch 3400/6019, Loss: 0.0615, Grad: 28.3365
  Batch 3500/6019, Loss: 0.0577, Grad: 12.1127
  Batch 3600/6019, Loss: 0.0661, Grad: 5.5835
  Batch 3700/6019, Loss: 0.0747, Grad: 3.3356
  Batch 3800/6019, Loss: 0.0779, Grad: 32.8463
  Batch 3900/6019, Loss: 0.0440, Grad: 3.4076
  Batch 4000/6019, Loss: 0.0506, Grad: 8.5989
  Batch 4100/6019, Loss: 0.0680, Grad: 171.3354
  Batch 4200/6019, Loss: 0.0638, Grad: 5.4513
  Batch 4300/6019, Loss: 0.0512, Grad: 7.5986
  Batch 4400/6019, Loss: 0.0765, Grad: 13.6094
  Batch 4500/6019, Loss: 0.0506, Grad: 3.7858
  Batch 4600/6019, Loss: 0.0696, Grad: 17.7679
  Batch 4700/6019, Loss: 0.0669, Grad: 21.6757
  Batch 4800/6019, Loss: 0.0661, Grad: 32.3962
  Batch 4900/6019, Loss: 0.0495, Grad: 5.1174
  Batch 5000/6019, Loss: 0.0514, Grad: 4.4089
  Batch 5100/6019, Loss: 0.0605, Grad: 2.5487
  Batch 5200/6019, Loss: 0.0417, Grad: 4.6327
  Batch 5300/6019, Loss: 0.1015, Grad: 608.1185
  Batch 5400/6019, Loss: 0.0572, Grad: 9.9248
  Batch 5500/6019, Loss: 0.0645, Grad: 3.4725
  Batch 5600/6019, Loss: 0.0722, Grad: 15.1922
  Batch 5700/6019, Loss: 0.0530, Grad: 6.9605
  Batch 5800/6019, Loss: 0.0717, Grad: 327.2121
  Batch 5900/6019, Loss: 0.0852, Grad: 28.1746
  Batch 6000/6019, Loss: 0.1055, Grad: 8.8319
Train Loss: 0.0660
Val Loss: 0.0841, Val Macro F1: 0.8204

Per-Class F1 Scores:
  Class 0 (Non-tonal Speech): F1 = 0.9524
  Class 1 (Tonal Speech    ): F1 = 0.6978
  Class 2 (Vocal Music     ): F1 = 0.8104
  Class 3 (Non-vocal Music ): F1 = 0.6392
  Class 4 (Urban Env       ): F1 = 0.9294
  Class 5 (Wildlife Env    ): F1 = 0.8932

Confusion between Similar Classes:
  Class 0→1 (non-tonal→tonal speech):  4315
  Class 1→0 (tonal→non-tonal speech):  1759
  Class 2→3 (vocal→non-vocal music):   2716
  Class 3→2 (non-vocal→vocal music):   2230
Learning rate: 0.000050

============================================================
Epoch 16/50
============================================================
  Batch 0/6019, Loss: 0.0590, Grad: 10.3982
  Batch 100/6019, Loss: 0.0597, Grad: 36.7659
  Batch 200/6019, Loss: 0.0431, Grad: 9.5626
  Batch 300/6019, Loss: 0.0703, Grad: 6.4433
  Batch 400/6019, Loss: 0.0831, Grad: 14.0038
  Batch 500/6019, Loss: 0.0452, Grad: 8.1146
  Batch 600/6019, Loss: 0.0515, Grad: 4.2197
  Batch 700/6019, Loss: 0.0766, Grad: 42.9272
  Batch 800/6019, Loss: 0.0892, Grad: 9.8399
  Batch 900/6019, Loss: 0.0606, Grad: 17.2527
  Batch 1000/6019, Loss: 0.0455, Grad: 7.4540
  Batch 1100/6019, Loss: 0.0563, Grad: 17.0396
  Batch 1200/6019, Loss: 0.0624, Grad: 9.2662
  Batch 1300/6019, Loss: 0.0396, Grad: 5.2326
  Batch 1400/6019, Loss: 0.0688, Grad: 4.2056
  Batch 1500/6019, Loss: 0.0687, Grad: 256.0579
  Batch 1600/6019, Loss: 0.0934, Grad: 5.0051
  Batch 1700/6019, Loss: 0.0622, Grad: 4.8974
  Batch 1800/6019, Loss: 0.0808, Grad: 3.7755
  Batch 1900/6019, Loss: 0.0771, Grad: 6.2946
  Batch 2000/6019, Loss: 0.0637, Grad: 6.3418
  Batch 2100/6019, Loss: 0.0528, Grad: 29.2757
  Batch 2200/6019, Loss: 0.1239, Grad: 6.3292
  Batch 2300/6019, Loss: 0.0677, Grad: 11.8388
  Batch 2400/6019, Loss: 0.0464, Grad: 2.9834
  Batch 2500/6019, Loss: 0.0586, Grad: 8.7826
  Batch 2600/6019, Loss: 0.0361, Grad: 3.9527
  Batch 2700/6019, Loss: 0.0771, Grad: 13.3141
  Batch 2800/6019, Loss: 0.0729, Grad: 9.6907
  Batch 2900/6019, Loss: 0.0410, Grad: 4.5433
  Batch 3000/6019, Loss: 0.0771, Grad: 8.6764
  Batch 3100/6019, Loss: 0.0679, Grad: 7.8444
  Batch 3200/6019, Loss: 0.0516, Grad: 8.0441
  Batch 3300/6019, Loss: 0.0515, Grad: 5.2700
  Batch 3400/6019, Loss: 0.0768, Grad: 12.2278
  Batch 3500/6019, Loss: 0.0470, Grad: 11.1036
  Batch 3600/6019, Loss: 0.0447, Grad: 6.4814
  Batch 3700/6019, Loss: 0.0874, Grad: 11.7426
  Batch 3800/6019, Loss: 0.0579, Grad: 15.6950
  Batch 3900/6019, Loss: 0.0783, Grad: 66.2163
  Batch 4000/6019, Loss: 0.0507, Grad: 4.8909
  Batch 4100/6019, Loss: 0.0502, Grad: 6.8540
  Batch 4200/6019, Loss: 0.0601, Grad: 5.0767
  Batch 4300/6019, Loss: 0.0808, Grad: 11.3179
  Batch 4400/6019, Loss: 0.0797, Grad: 5.8087
  Batch 4500/6019, Loss: 0.1343, Grad: 19.7006
  Batch 4600/6019, Loss: 0.0624, Grad: 6.7528
  Batch 4700/6019, Loss: 0.0725, Grad: 18.4755
  Batch 4800/6019, Loss: 0.0628, Grad: 23.1912
  Batch 4900/6019, Loss: 0.0614, Grad: 285.1521
  Batch 5000/6019, Loss: 0.0605, Grad: 6.6685
  Batch 5100/6019, Loss: 0.0573, Grad: 2.9021
  Batch 5200/6019, Loss: 0.0432, Grad: 6.3503
  Batch 5300/6019, Loss: 0.0599, Grad: 8.6373
  Batch 5400/6019, Loss: 0.0917, Grad: 6.3486
  Batch 5500/6019, Loss: 0.0498, Grad: 40.7865
  Batch 5600/6019, Loss: 0.0978, Grad: 16.3036
  Batch 5700/6019, Loss: 0.0603, Grad: 19.0331
  Batch 5800/6019, Loss: 0.0579, Grad: 40.5979
  Batch 5900/6019, Loss: 0.0668, Grad: 8.6415
  Batch 6000/6019, Loss: 0.0905, Grad: 34.2212
Train Loss: 0.0660
Val Loss: 0.0858, Val Macro F1: 0.8199

Per-Class F1 Scores:
  Class 0 (Non-tonal Speech): F1 = 0.9503
  Class 1 (Tonal Speech    ): F1 = 0.6924
  Class 2 (Vocal Music     ): F1 = 0.8191
  Class 3 (Non-vocal Music ): F1 = 0.6179
  Class 4 (Urban Env       ): F1 = 0.9332
  Class 5 (Wildlife Env    ): F1 = 0.9066

Confusion between Similar Classes:
  Class 0→1 (non-tonal→tonal speech):  4680
  Class 1→0 (tonal→non-tonal speech):  1678
  Class 2→3 (vocal→non-vocal music):   2234
  Class 3→2 (non-vocal→vocal music):   2667
Learning rate: 0.000025

============================================================
Epoch 17/50
============================================================
  Batch 0/6019, Loss: 0.0475, Grad: 2.8887
  Batch 100/6019, Loss: 0.0506, Grad: 43.5193
  Batch 200/6019, Loss: 0.0978, Grad: 26.0961
  Batch 300/6019, Loss: 0.0548, Grad: 5.1558
  Batch 400/6019, Loss: 0.0693, Grad: 19.4924
  Batch 500/6019, Loss: 0.0831, Grad: 13.5597
  Batch 600/6019, Loss: 0.0656, Grad: 18.8440
  Batch 700/6019, Loss: 0.0635, Grad: 28.6902
  Batch 800/6019, Loss: 0.1002, Grad: 18.0784
  Batch 900/6019, Loss: 0.0934, Grad: 16.3646
  Batch 1000/6019, Loss: 0.0498, Grad: 19.1672
  Batch 1100/6019, Loss: 0.0580, Grad: 9.5832
  Batch 1200/6019, Loss: 0.0633, Grad: 27.9840
  Batch 1300/6019, Loss: 0.0676, Grad: 8.8325
  Batch 1400/6019, Loss: 0.0612, Grad: 8.2221
  Batch 1500/6019, Loss: 0.0598, Grad: 10.4095
  Batch 1600/6019, Loss: 0.0606, Grad: 19.0539
  Batch 1700/6019, Loss: 0.0607, Grad: 6.9822
  Batch 1800/6019, Loss: 0.0785, Grad: 9.9466
  Batch 1900/6019, Loss: 0.0574, Grad: 9.3107
  Batch 2000/6019, Loss: 0.0621, Grad: 3.7469
  Batch 2100/6019, Loss: 0.0629, Grad: 7.8627
  Batch 2200/6019, Loss: 0.0754, Grad: 4.1072
  Batch 2300/6019, Loss: 0.0717, Grad: 56.3630
  Batch 2400/6019, Loss: 0.0595, Grad: 587.2233
  Batch 2500/6019, Loss: 0.0469, Grad: 2.8434
  Batch 2600/6019, Loss: 0.0709, Grad: 6.0108
  Batch 2700/6019, Loss: 0.0568, Grad: 4.9518
  Batch 2800/6019, Loss: 0.0943, Grad: 11.1915
  Batch 2900/6019, Loss: 0.0636, Grad: 13.0641
  Batch 3000/6019, Loss: 0.0413, Grad: 2.9609
  Batch 3100/6019, Loss: 0.0543, Grad: 4.6872
  Batch 3200/6019, Loss: 0.0638, Grad: 4.0950
  Batch 3300/6019, Loss: 0.0818, Grad: 12.9401
  Batch 3400/6019, Loss: 0.0515, Grad: 16.5312
  Batch 3500/6019, Loss: 0.0550, Grad: 4.8872
  Batch 3600/6019, Loss: 0.0573, Grad: 36.5593
  Batch 3700/6019, Loss: 0.0684, Grad: 14.1777
  Batch 3800/6019, Loss: 0.0490, Grad: 5.5337
  Batch 3900/6019, Loss: 0.0538, Grad: 10.7884
  Batch 4000/6019, Loss: 0.0411, Grad: 3.8013
  Batch 4100/6019, Loss: 0.0696, Grad: 13.1822
  Batch 4200/6019, Loss: 0.0697, Grad: 60.4415
  Batch 4300/6019, Loss: 0.0460, Grad: 6.1957
  Batch 4400/6019, Loss: 0.0529, Grad: 15.3921
  Batch 4500/6019, Loss: 0.1089, Grad: 40.0107
  Batch 4600/6019, Loss: 0.0658, Grad: 20.0260
  Batch 4700/6019, Loss: 0.0703, Grad: 19.3377
  Batch 4800/6019, Loss: 0.0575, Grad: 3.3762
  Batch 4900/6019, Loss: 0.0545, Grad: 19.1219
  Batch 5000/6019, Loss: 0.0451, Grad: 11.4436
  Batch 5100/6019, Loss: 0.0522, Grad: 7.3457
  Batch 5200/6019, Loss: 0.0691, Grad: 8.7477
  Batch 5300/6019, Loss: 0.0709, Grad: 15.1548
  Batch 5400/6019, Loss: 0.0602, Grad: 5.9126
  Batch 5500/6019, Loss: 0.0894, Grad: 9.1389
  Batch 5600/6019, Loss: 0.0690, Grad: 7.9879
  Batch 5700/6019, Loss: 0.0647, Grad: 55.4006
  Batch 5800/6019, Loss: 0.0669, Grad: 28.0186
  Batch 5900/6019, Loss: 0.0759, Grad: 11.1448
  Batch 6000/6019, Loss: 0.0715, Grad: 30.8160
Train Loss: 0.0643
Val Loss: 0.0814, Val Macro F1: 0.8274

Per-Class F1 Scores:
  Class 0 (Non-tonal Speech): F1 = 0.9564
  Class 1 (Tonal Speech    ): F1 = 0.7166
  Class 2 (Vocal Music     ): F1 = 0.8159
  Class 3 (Non-vocal Music ): F1 = 0.6367
  Class 4 (Urban Env       ): F1 = 0.9321
  Class 5 (Wildlife Env    ): F1 = 0.9068

Confusion between Similar Classes:
  Class 0→1 (non-tonal→tonal speech):  3780
  Class 1→0 (tonal→non-tonal speech):  1773
  Class 2→3 (vocal→non-vocal music):   2489
  Class 3→2 (non-vocal→vocal music):   2383
Learning rate: 0.000025
✓ Saved best model with Val F1: 0.8274

============================================================
Epoch 18/50
============================================================
  Batch 0/6019, Loss: 0.0603, Grad: 14.2412
  Batch 100/6019, Loss: 0.0400, Grad: 5.6390
  Batch 200/6019, Loss: 0.0611, Grad: 50.8760
  Batch 300/6019, Loss: 0.0538, Grad: 46.4257
  Batch 400/6019, Loss: 0.0491, Grad: 105.0291
  Batch 500/6019, Loss: 0.0528, Grad: 5.7366
  Batch 600/6019, Loss: 0.0780, Grad: 4.1770
  Batch 700/6019, Loss: 0.0870, Grad: 16.1376
  Batch 800/6019, Loss: 0.0598, Grad: 18.3270
  Batch 900/6019, Loss: 0.0785, Grad: 41.4616
  Batch 1000/6019, Loss: 0.0614, Grad: 12.6840
  Batch 1100/6019, Loss: 0.0742, Grad: 19.9958
  Batch 1200/6019, Loss: 0.0631, Grad: 408.1433
  Batch 1300/6019, Loss: 0.0546, Grad: 17.4667
  Batch 1400/6019, Loss: 0.1358, Grad: 11.8748
  Batch 1500/6019, Loss: 0.0420, Grad: 21.7903
  Batch 1600/6019, Loss: 0.0509, Grad: 10.6229
  Batch 1700/6019, Loss: 0.0535, Grad: 4.8959
  Batch 1800/6019, Loss: 0.0578, Grad: 6.2093
  Batch 1900/6019, Loss: 0.0590, Grad: 10.7690
  Batch 2000/6019, Loss: 0.0634, Grad: 16.0564
  Batch 2100/6019, Loss: 0.0859, Grad: 12.8199
  Batch 2200/6019, Loss: 0.0530, Grad: 38.5787
  Batch 2300/6019, Loss: 0.0672, Grad: 5.2570
  Batch 2400/6019, Loss: 0.0609, Grad: 165.9952
  Batch 2500/6019, Loss: 0.0745, Grad: 152.6149
  Batch 2600/6019, Loss: 0.0539, Grad: 6.3157
  Batch 2700/6019, Loss: 0.0618, Grad: 11.3643
  Batch 2800/6019, Loss: 0.0624, Grad: 20.4323
  Batch 2900/6019, Loss: 0.0838, Grad: 31.4539
  Batch 3000/6019, Loss: 0.0706, Grad: 17.3210
  Batch 3100/6019, Loss: 0.0475, Grad: 3.3340
  Batch 3200/6019, Loss: 0.0607, Grad: 15.1819
  Batch 3300/6019, Loss: 0.0493, Grad: 18.6621
  Batch 3400/6019, Loss: 0.0449, Grad: 16.0915
  Batch 3500/6019, Loss: 0.0579, Grad: 10.5340
  Batch 3600/6019, Loss: 0.0645, Grad: 12.9865
  Batch 3700/6019, Loss: 0.0690, Grad: 17.3219
  Batch 3800/6019, Loss: 0.0517, Grad: 5.1604
  Batch 3900/6019, Loss: 0.0655, Grad: 6.5688
  Batch 4000/6019, Loss: 0.0686, Grad: 18.6241
  Batch 4100/6019, Loss: 0.0815, Grad: 13.3354
  Batch 4200/6019, Loss: 0.0638, Grad: 8.7832
  Batch 4300/6019, Loss: 0.0410, Grad: 32.0866
  Batch 4400/6019, Loss: 0.0667, Grad: 7.8873
  Batch 4500/6019, Loss: 0.0735, Grad: 14.6080
  Batch 4600/6019, Loss: 0.0439, Grad: 4.9303
  Batch 4700/6019, Loss: 0.0526, Grad: 8.6746
  Batch 4800/6019, Loss: 0.0630, Grad: 12.8049
  Batch 4900/6019, Loss: 0.0770, Grad: 170.0269
  Batch 5000/6019, Loss: 0.0359, Grad: 3.8502
  Batch 5100/6019, Loss: 0.0690, Grad: 7.1184
  Batch 5200/6019, Loss: 0.0656, Grad: 32.8797
  Batch 5300/6019, Loss: 0.0847, Grad: 23.8789
  Batch 5400/6019, Loss: 0.0978, Grad: 43.6849
  Batch 5500/6019, Loss: 0.0483, Grad: 47.5495
  Batch 5600/6019, Loss: 0.0721, Grad: 360.8187
  Batch 5700/6019, Loss: 0.0512, Grad: 4.8210
  Batch 5800/6019, Loss: 0.0552, Grad: 6.8649
  Batch 5900/6019, Loss: 0.0656, Grad: 25.3322
  Batch 6000/6019, Loss: 0.0725, Grad: 51.2472
Train Loss: 0.0636
Val Loss: 0.0847, Val Macro F1: 0.8249

Per-Class F1 Scores:
  Class 0 (Non-tonal Speech): F1 = 0.9503
  Class 1 (Tonal Speech    ): F1 = 0.6945
  Class 2 (Vocal Music     ): F1 = 0.7956
  Class 3 (Non-vocal Music ): F1 = 0.6550
  Class 4 (Urban Env       ): F1 = 0.9408
  Class 5 (Wildlife Env    ): F1 = 0.9133

Confusion between Similar Classes:
  Class 0→1 (non-tonal→tonal speech):  4684
  Class 1→0 (tonal→non-tonal speech):  1648
  Class 2→3 (vocal→non-vocal music):   3409
  Class 3→2 (non-vocal→vocal music):   1731
Learning rate: 0.000025

============================================================
Epoch 19/50
============================================================
  Batch 0/6019, Loss: 0.0715, Grad: 11.5848
  Batch 100/6019, Loss: 0.0809, Grad: 23.7411
  Batch 200/6019, Loss: 0.0611, Grad: 17.4100
  Batch 300/6019, Loss: 0.0471, Grad: 7.9370
  Batch 400/6019, Loss: 0.0905, Grad: 14.2695
  Batch 500/6019, Loss: 0.0437, Grad: 8.3851
  Batch 600/6019, Loss: 0.0514, Grad: 7.9294
  Batch 700/6019, Loss: 0.0474, Grad: 125.9650
  Batch 800/6019, Loss: 0.0818, Grad: 6.8015
  Batch 900/6019, Loss: 0.0496, Grad: 4.8935
  Batch 1000/6019, Loss: 0.0493, Grad: 11.4873
  Batch 1100/6019, Loss: 0.0699, Grad: 17.2928
  Batch 1200/6019, Loss: 0.0649, Grad: 25.2140
  Batch 1300/6019, Loss: 0.0610, Grad: 5.9701
  Batch 1400/6019, Loss: 0.0579, Grad: 8.3090
  Batch 1500/6019, Loss: 0.1093, Grad: 10.1290
  Batch 1600/6019, Loss: 0.0705, Grad: 30.3029
  Batch 1700/6019, Loss: 0.0585, Grad: 11.9634
  Batch 1800/6019, Loss: 0.1127, Grad: 23.7892
  Batch 1900/6019, Loss: 0.0631, Grad: 27.9346
  Batch 2000/6019, Loss: 0.0716, Grad: 13.1340
  Batch 2100/6019, Loss: 0.0465, Grad: 12.2012
  Batch 2200/6019, Loss: 0.0597, Grad: 11.1007
  Batch 2300/6019, Loss: 0.0550, Grad: 18.3895
  Batch 2400/6019, Loss: 0.0510, Grad: 20.8838
  Batch 2500/6019, Loss: 0.0901, Grad: 53.6928
  Batch 2600/6019, Loss: 0.0606, Grad: 45.2320
  Batch 2700/6019, Loss: 0.0471, Grad: 11.8162
  Batch 2800/6019, Loss: 0.0458, Grad: 4.2955
  Batch 2900/6019, Loss: 0.0548, Grad: 111.3589
  Batch 3000/6019, Loss: 0.0593, Grad: 6.5851
  Batch 3100/6019, Loss: 0.1021, Grad: 11.2143
  Batch 3200/6019, Loss: 0.0511, Grad: 9.3944
  Batch 3300/6019, Loss: 0.0357, Grad: 2.6758
  Batch 3400/6019, Loss: 0.0670, Grad: 11.0460
  Batch 3500/6019, Loss: 0.0580, Grad: 13.3746
  Batch 3600/6019, Loss: 0.0503, Grad: 25.2729
  Batch 3700/6019, Loss: 0.0511, Grad: 4.1438
  Batch 3800/6019, Loss: 0.0623, Grad: 17.9371
  Batch 3900/6019, Loss: 0.0442, Grad: 6.3893
  Batch 4000/6019, Loss: 0.0511, Grad: 6.1467
  Batch 4100/6019, Loss: 0.0593, Grad: 15.9459
  Batch 4200/6019, Loss: 0.0554, Grad: 11.4476
  Batch 4300/6019, Loss: 0.0381, Grad: 9.2549
  Batch 4400/6019, Loss: 0.0834, Grad: 718.1935
  Batch 4500/6019, Loss: 0.0771, Grad: 11.7495
  Batch 4600/6019, Loss: 0.0460, Grad: 8.6343
  Batch 4700/6019, Loss: 0.0477, Grad: 13.2036
  Batch 4800/6019, Loss: 0.0878, Grad: 9.2893
  Batch 4900/6019, Loss: 0.0797, Grad: 40.3311
  Batch 5000/6019, Loss: 0.0579, Grad: 30.6608
  Batch 5100/6019, Loss: 0.0517, Grad: 8.0717
  Batch 5200/6019, Loss: 0.0544, Grad: 8.8758
  Batch 5300/6019, Loss: 0.0522, Grad: 11.3519
  Batch 5400/6019, Loss: 0.0448, Grad: 15.4160
  Batch 5500/6019, Loss: 0.0618, Grad: 49.1387
  Batch 5600/6019, Loss: 0.0599, Grad: 5.4275
  Batch 5700/6019, Loss: 0.0697, Grad: 40.1819
  Batch 5800/6019, Loss: 0.0825, Grad: 19.9480
  Batch 5900/6019, Loss: 0.0778, Grad: 10.7382
  Batch 6000/6019, Loss: 0.0615, Grad: 8.5413
Train Loss: 0.0634
Val Loss: 0.0829, Val Macro F1: 0.8263

Per-Class F1 Scores:
  Class 0 (Non-tonal Speech): F1 = 0.9530
  Class 1 (Tonal Speech    ): F1 = 0.7073
  Class 2 (Vocal Music     ): F1 = 0.8158
  Class 3 (Non-vocal Music ): F1 = 0.6353
  Class 4 (Urban Env       ): F1 = 0.9441
  Class 5 (Wildlife Env    ): F1 = 0.9023

Confusion between Similar Classes:
  Class 0→1 (non-tonal→tonal speech):  4357
  Class 1→0 (tonal→non-tonal speech):  1636
  Class 2→3 (vocal→non-vocal music):   2454
  Class 3→2 (non-vocal→vocal music):   2376
Learning rate: 0.000025

============================================================
Epoch 20/50
============================================================
  Batch 0/6019, Loss: 0.0471, Grad: 36.5581
  Batch 100/6019, Loss: 0.0586, Grad: 15.1236
  Batch 200/6019, Loss: 0.0471, Grad: 8.8668
  Batch 300/6019, Loss: 0.0899, Grad: 10.5472
  Batch 400/6019, Loss: 0.0568, Grad: 10.6290
  Batch 500/6019, Loss: 0.0588, Grad: 4.7757
  Batch 600/6019, Loss: 0.0525, Grad: 9.3128
  Batch 700/6019, Loss: 0.0553, Grad: 296.3297
  Batch 800/6019, Loss: 0.0615, Grad: 4.9203
  Batch 900/6019, Loss: 0.0482, Grad: 18.5512
  Batch 1000/6019, Loss: 0.0912, Grad: 37.3647
  Batch 1100/6019, Loss: 0.0710, Grad: 10.5884
  Batch 1200/6019, Loss: 0.0427, Grad: 3.2954
  Batch 1300/6019, Loss: 0.0514, Grad: 3.5994
  Batch 1400/6019, Loss: 0.0513, Grad: 10.1461
  Batch 1500/6019, Loss: 0.0535, Grad: 39.7127
  Batch 1600/6019, Loss: 0.0631, Grad: 6.0653
  Batch 1700/6019, Loss: 0.0548, Grad: 6.2820
  Batch 1800/6019, Loss: 0.0454, Grad: 6.6045
  Batch 1900/6019, Loss: 0.0621, Grad: 8.5200
  Batch 2000/6019, Loss: 0.0541, Grad: 6.4540
  Batch 2100/6019, Loss: 0.0630, Grad: 7.9805
  Batch 2200/6019, Loss: 0.0452, Grad: 21.8969
  Batch 2300/6019, Loss: 0.0622, Grad: 19.9291
  Batch 2400/6019, Loss: 0.0649, Grad: 4.9040
  Batch 2500/6019, Loss: 0.0796, Grad: 18.6463
  Batch 2600/6019, Loss: 0.0688, Grad: 104.8628
  Batch 2700/6019, Loss: 0.0747, Grad: 18.7946
  Batch 2800/6019, Loss: 0.0429, Grad: 6.4520
  Batch 2900/6019, Loss: 0.0491, Grad: 7.2406
  Batch 3000/6019, Loss: 0.0608, Grad: 14.2105
  Batch 3100/6019, Loss: 0.0786, Grad: 16.3986
  Batch 3200/6019, Loss: 0.0508, Grad: 9.8281
  Batch 3300/6019, Loss: 0.0534, Grad: 17.5446
  Batch 3400/6019, Loss: 0.0655, Grad: 14.8931
  Batch 3500/6019, Loss: 0.0566, Grad: 14.1211
  Batch 3600/6019, Loss: 0.0524, Grad: 7.4786
  Batch 3700/6019, Loss: 0.0568, Grad: 8.3448
  Batch 3800/6019, Loss: 0.0611, Grad: 5.8824
  Batch 3900/6019, Loss: 0.0380, Grad: 7.7590
  Batch 4000/6019, Loss: 0.0531, Grad: 6.1945
  Batch 4100/6019, Loss: 0.0747, Grad: 22.5260
  Batch 4200/6019, Loss: 0.0410, Grad: 22.8379
  Batch 4300/6019, Loss: 0.0712, Grad: 11.4108
  Batch 4400/6019, Loss: 0.0529, Grad: 7.9585
  Batch 4500/6019, Loss: 0.0668, Grad: 38.1465
  Batch 4600/6019, Loss: 0.0570, Grad: 4.5679
  Batch 4700/6019, Loss: 0.0542, Grad: 7.4770
  Batch 4800/6019, Loss: 0.1021, Grad: 32.3463
  Batch 4900/6019, Loss: 0.0481, Grad: 13.5406
  Batch 5000/6019, Loss: 0.0625, Grad: 6.4046
  Batch 5100/6019, Loss: 0.0772, Grad: 37.3796
  Batch 5200/6019, Loss: 0.0753, Grad: 15.3351
  Batch 5300/6019, Loss: 0.0679, Grad: 6.5382
  Batch 5400/6019, Loss: 0.0513, Grad: 8.7441
  Batch 5500/6019, Loss: 0.0480, Grad: 4.4835
  Batch 5600/6019, Loss: 0.0652, Grad: 6.2261
  Batch 5700/6019, Loss: 0.0433, Grad: 2.8508
  Batch 5800/6019, Loss: 0.0493, Grad: 14.8842
  Batch 5900/6019, Loss: 0.0747, Grad: 24.4798
  Batch 6000/6019, Loss: 0.0701, Grad: 19.7505
Train Loss: 0.0632
Val Loss: 0.0829, Val Macro F1: 0.8252

Per-Class F1 Scores:
  Class 0 (Non-tonal Speech): F1 = 0.9519
  Class 1 (Tonal Speech    ): F1 = 0.7015
  Class 2 (Vocal Music     ): F1 = 0.8208
  Class 3 (Non-vocal Music ): F1 = 0.6336
  Class 4 (Urban Env       ): F1 = 0.9412
  Class 5 (Wildlife Env    ): F1 = 0.9020

Confusion between Similar Classes:
  Class 0→1 (non-tonal→tonal speech):  4599
  Class 1→0 (tonal→non-tonal speech):  1587
  Class 2→3 (vocal→non-vocal music):   2284
  Class 3→2 (non-vocal→vocal music):   2476
Learning rate: 0.000025

============================================================
Epoch 21/50
============================================================
  Batch 0/6019, Loss: 0.0619, Grad: 24.9238
  Batch 100/6019, Loss: 0.0492, Grad: 78.2349
  Batch 200/6019, Loss: 0.0585, Grad: 8.5063
  Batch 300/6019, Loss: 0.0688, Grad: 62.6967
  Batch 400/6019, Loss: 0.0646, Grad: 12.0721
  Batch 500/6019, Loss: 0.0719, Grad: 157.6815
  Batch 600/6019, Loss: 0.0348, Grad: 12.9131
  Batch 700/6019, Loss: 0.0823, Grad: 14.7136
  Batch 800/6019, Loss: 0.0889, Grad: 9.2866
  Batch 900/6019, Loss: 0.0779, Grad: 61.2988
  Batch 1000/6019, Loss: 0.0637, Grad: 59.2084
  Batch 1100/6019, Loss: 0.0496, Grad: 4.7380
  Batch 1200/6019, Loss: 0.0706, Grad: 15.2187
  Batch 1300/6019, Loss: 0.0772, Grad: 30.3997
  Batch 1400/6019, Loss: 0.0628, Grad: 7.9561
  Batch 1500/6019, Loss: 0.0937, Grad: 106.9715
  Batch 1600/6019, Loss: 0.0849, Grad: 33.6368
  Batch 1700/6019, Loss: 0.0478, Grad: 7.1266
  Batch 1800/6019, Loss: 0.0546, Grad: 6.0079
  Batch 1900/6019, Loss: 0.0552, Grad: 18.3728
  Batch 2000/6019, Loss: 0.0533, Grad: 19.9140
  Batch 2100/6019, Loss: 0.0628, Grad: 10.0356
  Batch 2200/6019, Loss: 0.0781, Grad: 10.4915
  Batch 2300/6019, Loss: 0.0598, Grad: 162.2390
  Batch 2400/6019, Loss: 0.0622, Grad: 5.5984
  Batch 2500/6019, Loss: 0.0821, Grad: 42.8077
  Batch 2600/6019, Loss: 0.0671, Grad: 13.1644
  Batch 2700/6019, Loss: 0.0472, Grad: 38.3504
  Batch 2800/6019, Loss: 0.1128, Grad: 31.4904
  Batch 2900/6019, Loss: 0.0438, Grad: 5.6108
  Batch 3000/6019, Loss: 0.0593, Grad: 7.0125
  Batch 3100/6019, Loss: 0.0636, Grad: 5.7713
  Batch 3200/6019, Loss: 0.0638, Grad: 14.8143
  Batch 3300/6019, Loss: 0.0588, Grad: 4.1898
  Batch 3400/6019, Loss: 0.0529, Grad: 14.8245
  Batch 3500/6019, Loss: 0.0814, Grad: 50.6767
  Batch 3600/6019, Loss: 0.0511, Grad: 21.1311
  Batch 3700/6019, Loss: 0.0674, Grad: 8.9410
  Batch 3800/6019, Loss: 0.0623, Grad: 12.3244
  Batch 3900/6019, Loss: 0.0581, Grad: 6.0409
  Batch 4000/6019, Loss: 0.0853, Grad: 37.3020
  Batch 4100/6019, Loss: 0.0632, Grad: 9.8265
  Batch 4200/6019, Loss: 0.0614, Grad: 30.9638
  Batch 4300/6019, Loss: 0.0497, Grad: 14.6040
  Batch 4400/6019, Loss: 0.0712, Grad: 10.3023
  Batch 4500/6019, Loss: 0.0711, Grad: 19.2278
  Batch 4600/6019, Loss: 0.0642, Grad: 11.3443
  Batch 4700/6019, Loss: 0.0650, Grad: 335.6654
  Batch 4800/6019, Loss: 0.0599, Grad: 8.1077
  Batch 4900/6019, Loss: 0.0609, Grad: 6.9097
  Batch 5000/6019, Loss: 0.0769, Grad: 30.3060
  Batch 5100/6019, Loss: 0.0554, Grad: 7.3566
  Batch 5200/6019, Loss: 0.0703, Grad: 12.4580
  Batch 5300/6019, Loss: 0.0666, Grad: 19.7835
  Batch 5400/6019, Loss: 0.0592, Grad: 25.2376
  Batch 5500/6019, Loss: 0.0447, Grad: 8.9212
  Batch 5600/6019, Loss: 0.0590, Grad: 1404.1439
  Batch 5700/6019, Loss: 0.0668, Grad: 8.9308
  Batch 5800/6019, Loss: 0.0363, Grad: 44.3077
  Batch 5900/6019, Loss: 0.0966, Grad: 41.3768
  Batch 6000/6019, Loss: 0.0798, Grad: 20.1011
Train Loss: 0.0628
Val Loss: 0.0813, Val Macro F1: 0.8284

Per-Class F1 Scores:
  Class 0 (Non-tonal Speech): F1 = 0.9557
  Class 1 (Tonal Speech    ): F1 = 0.7131
  Class 2 (Vocal Music     ): F1 = 0.8155
  Class 3 (Non-vocal Music ): F1 = 0.6386
  Class 4 (Urban Env       ): F1 = 0.9398
  Class 5 (Wildlife Env    ): F1 = 0.9074

Confusion between Similar Classes:
  Class 0→1 (non-tonal→tonal speech):  3884
  Class 1→0 (tonal→non-tonal speech):  1790
  Class 2→3 (vocal→non-vocal music):   2533
  Class 3→2 (non-vocal→vocal music):   2320
Learning rate: 0.000025
✓ Saved best model with Val F1: 0.8284

============================================================
Epoch 22/50
============================================================
  Batch 0/6019, Loss: 0.0590, Grad: 10.7782
  Batch 100/6019, Loss: 0.0715, Grad: 33.9183
  Batch 200/6019, Loss: 0.0647, Grad: 5.3158
  Batch 300/6019, Loss: 0.0413, Grad: 9.3735
  Batch 400/6019, Loss: 0.0605, Grad: 25.5642
  Batch 500/6019, Loss: 0.0753, Grad: 17.1113
  Batch 600/6019, Loss: 0.0491, Grad: 12.3400
  Batch 700/6019, Loss: 0.0851, Grad: 13.2343
  Batch 800/6019, Loss: 0.0852, Grad: 11.5455
  Batch 900/6019, Loss: 0.0931, Grad: 9.5813
  Batch 1000/6019, Loss: 0.0364, Grad: 3.6372
  Batch 1100/6019, Loss: 0.0620, Grad: 38.5369
  Batch 1200/6019, Loss: 0.0533, Grad: 6.7166
  Batch 1300/6019, Loss: 0.0558, Grad: 10.5683
  Batch 1400/6019, Loss: 0.0578, Grad: 5.9740
  Batch 1500/6019, Loss: 0.0491, Grad: 17.5562
  Batch 1600/6019, Loss: 0.0573, Grad: 49.7187
  Batch 1700/6019, Loss: 0.0733, Grad: 270.5670
  Batch 1800/6019, Loss: 0.0719, Grad: 12.4147
  Batch 1900/6019, Loss: 0.0537, Grad: 10.7129
  Batch 2000/6019, Loss: 0.0696, Grad: 65.0126
  Batch 2100/6019, Loss: 0.0515, Grad: 3.9068
  Batch 2200/6019, Loss: 0.0475, Grad: 12.7402
  Batch 2300/6019, Loss: 0.0532, Grad: 13.2275
  Batch 2400/6019, Loss: 0.0753, Grad: 18.7510
  Batch 2500/6019, Loss: 0.0759, Grad: 7.2621
  Batch 2600/6019, Loss: 0.1029, Grad: 29.6872
  Batch 2700/6019, Loss: 0.0533, Grad: 88.3901
  Batch 2800/6019, Loss: 0.0526, Grad: 9.0492
  Batch 2900/6019, Loss: 0.0722, Grad: 18.7767
  Batch 3000/6019, Loss: 0.0501, Grad: 14.1275
  Batch 3100/6019, Loss: 0.0701, Grad: 74.7727
  Batch 3200/6019, Loss: 0.0650, Grad: 7.1568
  Batch 3300/6019, Loss: 0.0747, Grad: 8.6045
  Batch 3400/6019, Loss: 0.0688, Grad: 16.6777
  Batch 3500/6019, Loss: 0.0635, Grad: 6.6815
  Batch 3600/6019, Loss: 0.0818, Grad: 13.8787
  Batch 3700/6019, Loss: 0.0542, Grad: 4.4540
  Batch 3800/6019, Loss: 0.0652, Grad: 32.6881
  Batch 3900/6019, Loss: 0.0668, Grad: 8.2964
  Batch 4000/6019, Loss: 0.0570, Grad: 7.1727
  Batch 4100/6019, Loss: 0.0571, Grad: 92.5983
  Batch 4200/6019, Loss: 0.0549, Grad: 6.6336
  Batch 4300/6019, Loss: 0.0698, Grad: 29.0323
  Batch 4400/6019, Loss: 0.0744, Grad: 7.6019
  Batch 4500/6019, Loss: 0.0526, Grad: 5.2280
  Batch 4600/6019, Loss: 0.0717, Grad: 24.7186
  Batch 4700/6019, Loss: 0.0655, Grad: 10.2385
  Batch 4800/6019, Loss: 0.0688, Grad: 5.1654
  Batch 4900/6019, Loss: 0.0814, Grad: 13.0580
  Batch 5000/6019, Loss: 0.0470, Grad: 16.1981
  Batch 5100/6019, Loss: 0.0547, Grad: 5.6802
  Batch 5200/6019, Loss: 0.0827, Grad: 24.9419
  Batch 5300/6019, Loss: 0.0470, Grad: 12.1499
  Batch 5400/6019, Loss: 0.0668, Grad: 17.7244
  Batch 5500/6019, Loss: 0.0541, Grad: 13.5071
  Batch 5600/6019, Loss: 0.0654, Grad: 5.4419
  Batch 5700/6019, Loss: 0.0620, Grad: 28.2646
  Batch 5800/6019, Loss: 0.0633, Grad: 13.9705
  Batch 5900/6019, Loss: 0.0748, Grad: 14.1185
  Batch 6000/6019, Loss: 0.1160, Grad: 34.7413
Train Loss: 0.0627
Val Loss: 0.0844, Val Macro F1: 0.8218

Per-Class F1 Scores:
  Class 0 (Non-tonal Speech): F1 = 0.9499
  Class 1 (Tonal Speech    ): F1 = 0.6941
  Class 2 (Vocal Music     ): F1 = 0.8147
  Class 3 (Non-vocal Music ): F1 = 0.6391
  Class 4 (Urban Env       ): F1 = 0.9321
  Class 5 (Wildlife Env    ): F1 = 0.9007

Confusion between Similar Classes:
  Class 0→1 (non-tonal→tonal speech):  4802
  Class 1→0 (tonal→non-tonal speech):  1602
  Class 2→3 (vocal→non-vocal music):   2543
  Class 3→2 (non-vocal→vocal music):   2293
Learning rate: 0.000025

============================================================
Epoch 23/50
============================================================
  Batch 0/6019, Loss: 0.0424, Grad: 21.7823
  Batch 100/6019, Loss: 0.0708, Grad: 21.8077
  Batch 200/6019, Loss: 0.0706, Grad: 4.0220
  Batch 300/6019, Loss: 0.0644, Grad: 131.9919
  Batch 400/6019, Loss: 0.0435, Grad: 10.1678
  Batch 500/6019, Loss: 0.0612, Grad: 31.6986
  Batch 600/6019, Loss: 0.0477, Grad: 40.7771
  Batch 700/6019, Loss: 0.0348, Grad: 4.6327
  Batch 800/6019, Loss: 0.0573, Grad: 12.7200
  Batch 900/6019, Loss: 0.0638, Grad: 33.9677
  Batch 1000/6019, Loss: 0.0745, Grad: 8.2279
  Batch 1100/6019, Loss: 0.0675, Grad: 6.2178
  Batch 1200/6019, Loss: 0.0675, Grad: 36.0388
  Batch 1300/6019, Loss: 0.1146, Grad: 403.8525
  Batch 1400/6019, Loss: 0.0606, Grad: 15.1881
  Batch 1500/6019, Loss: 0.0516, Grad: 4.2783
  Batch 1600/6019, Loss: 0.0633, Grad: 194.9095
  Batch 1700/6019, Loss: 0.0442, Grad: 14.0236
  Batch 1800/6019, Loss: 0.0732, Grad: 52.1887
  Batch 1900/6019, Loss: 0.0502, Grad: 24.8609
  Batch 2000/6019, Loss: 0.0749, Grad: 14.4572
  Batch 2100/6019, Loss: 0.0525, Grad: 7.8782
  Batch 2200/6019, Loss: 0.0913, Grad: 15.3092
  Batch 2300/6019, Loss: 0.0754, Grad: 26.5136
  Batch 2400/6019, Loss: 0.0479, Grad: 3.1340
  Batch 2500/6019, Loss: 0.0823, Grad: 12.0962
  Batch 2600/6019, Loss: 0.0772, Grad: 6.1391
  Batch 2700/6019, Loss: 0.0438, Grad: 25.5314
  Batch 2800/6019, Loss: 0.0608, Grad: 6.1827
  Batch 2900/6019, Loss: 0.0499, Grad: 14.1415
  Batch 3000/6019, Loss: 0.0651, Grad: 21.2896
  Batch 3100/6019, Loss: 0.0629, Grad: 6.7835
  Batch 3200/6019, Loss: 0.0704, Grad: 14.3203
  Batch 3300/6019, Loss: 0.0498, Grad: 15.6409
  Batch 3400/6019, Loss: 0.0511, Grad: 6.8511
  Batch 3500/6019, Loss: 0.0603, Grad: 35.7567
  Batch 3600/6019, Loss: 0.0593, Grad: 10.3364
  Batch 3700/6019, Loss: 0.0560, Grad: 7.0860
  Batch 3800/6019, Loss: 0.0641, Grad: 5.7069
  Batch 3900/6019, Loss: 0.0616, Grad: 4.8579
  Batch 4000/6019, Loss: 0.0624, Grad: 9.9673
  Batch 4100/6019, Loss: 0.0763, Grad: 5.9868
  Batch 4200/6019, Loss: 0.0693, Grad: 18.5362
  Batch 4300/6019, Loss: 0.0789, Grad: 15.4063
  Batch 4400/6019, Loss: 0.0522, Grad: 7.9101
  Batch 4500/6019, Loss: 0.0938, Grad: 8.2351
  Batch 4600/6019, Loss: 0.0481, Grad: 6.4129
  Batch 4700/6019, Loss: 0.0659, Grad: 20.7272
  Batch 4800/6019, Loss: 0.0636, Grad: 16.3255
  Batch 4900/6019, Loss: 0.0780, Grad: 30.3160
  Batch 5000/6019, Loss: 0.0687, Grad: 14.2105
  Batch 5100/6019, Loss: 0.0547, Grad: 11.4750
  Batch 5200/6019, Loss: 0.0696, Grad: 3.9494
  Batch 5300/6019, Loss: 0.0445, Grad: 25.5800
  Batch 5400/6019, Loss: 0.0570, Grad: 9.1636
  Batch 5500/6019, Loss: 0.0669, Grad: 6.8149
  Batch 5600/6019, Loss: 0.0650, Grad: 6.6207
  Batch 5700/6019, Loss: 0.0598, Grad: 5.6390
  Batch 5800/6019, Loss: 0.0744, Grad: 77.3099
  Batch 5900/6019, Loss: 0.0943, Grad: 13.4249
  Batch 6000/6019, Loss: 0.0644, Grad: 15.4832
Train Loss: 0.0626
Val Loss: 0.0790, Val Macro F1: 0.8303

Per-Class F1 Scores:
  Class 0 (Non-tonal Speech): F1 = 0.9565
  Class 1 (Tonal Speech    ): F1 = 0.7125
  Class 2 (Vocal Music     ): F1 = 0.8092
  Class 3 (Non-vocal Music ): F1 = 0.6472
  Class 4 (Urban Env       ): F1 = 0.9418
  Class 5 (Wildlife Env    ): F1 = 0.9143

Confusion between Similar Classes:
  Class 0→1 (non-tonal→tonal speech):  3711
  Class 1→0 (tonal→non-tonal speech):  1903
  Class 2→3 (vocal→non-vocal music):   2889
  Class 3→2 (non-vocal→vocal music):   2079
Learning rate: 0.000025
✓ Saved best model with Val F1: 0.8303

============================================================
Epoch 24/50
============================================================
  Batch 0/6019, Loss: 0.0900, Grad: 21.8956
  Batch 100/6019, Loss: 0.0632, Grad: 6.0255
  Batch 200/6019, Loss: 0.0716, Grad: 10.1242
  Batch 300/6019, Loss: 0.0771, Grad: 7.9599
  Batch 400/6019, Loss: 0.0573, Grad: 6.0739
  Batch 500/6019, Loss: 0.0809, Grad: 57.8489
  Batch 600/6019, Loss: 0.0771, Grad: 236.6673
  Batch 700/6019, Loss: 0.0633, Grad: 8.8557
  Batch 800/6019, Loss: 0.0601, Grad: 10.1699
  Batch 900/6019, Loss: 0.0406, Grad: 52.9171
  Batch 1000/6019, Loss: 0.0687, Grad: 11.0554
  Batch 1100/6019, Loss: 0.0532, Grad: 5.4872
  Batch 1200/6019, Loss: 0.0750, Grad: 11.5241
  Batch 1300/6019, Loss: 0.0564, Grad: 6.8333
  Batch 1400/6019, Loss: 0.0584, Grad: 9.0360
  Batch 1500/6019, Loss: 0.1225, Grad: 17.9916
  Batch 1600/6019, Loss: 0.0844, Grad: 7.0328
  Batch 1700/6019, Loss: 0.0610, Grad: 6.7015
  Batch 1800/6019, Loss: 0.0456, Grad: 2.0670
  Batch 1900/6019, Loss: 0.0601, Grad: 12.6482
  Batch 2000/6019, Loss: 0.0375, Grad: 13.4741
  Batch 2100/6019, Loss: 0.0521, Grad: 4.5807
  Batch 2200/6019, Loss: 0.0874, Grad: 5.0482
  Batch 2300/6019, Loss: 0.0523, Grad: 33.3813
  Batch 2400/6019, Loss: 0.0519, Grad: 11.5689
  Batch 2500/6019, Loss: 0.0583, Grad: 2.9618
  Batch 2600/6019, Loss: 0.0860, Grad: 42.3457
  Batch 2700/6019, Loss: 0.0562, Grad: 7.8772
  Batch 2800/6019, Loss: 0.0836, Grad: 40.4306
  Batch 2900/6019, Loss: 0.0560, Grad: 9.5759
  Batch 3000/6019, Loss: 0.0556, Grad: 14.7444
  Batch 3100/6019, Loss: 0.0757, Grad: 11.4068
  Batch 3200/6019, Loss: 0.0419, Grad: 31.4145
  Batch 3300/6019, Loss: 0.0765, Grad: 9.7051
  Batch 3400/6019, Loss: 0.0540, Grad: 6.7017
  Batch 3500/6019, Loss: 0.0643, Grad: 4.9775
  Batch 3600/6019, Loss: 0.0633, Grad: 15.2822
  Batch 3700/6019, Loss: 0.0674, Grad: 17.0308
  Batch 3800/6019, Loss: 0.0738, Grad: 41.3191
  Batch 3900/6019, Loss: 0.0595, Grad: 8.5318
  Batch 4000/6019, Loss: 0.0619, Grad: 11.0939
  Batch 4100/6019, Loss: 0.0622, Grad: 25.7384
  Batch 4200/6019, Loss: 0.0623, Grad: 7.0242
  Batch 4300/6019, Loss: 0.0612, Grad: 26.3842
  Batch 4400/6019, Loss: 0.0622, Grad: 31.6063
  Batch 4500/6019, Loss: 0.0656, Grad: 58.9021
  Batch 4600/6019, Loss: 0.0515, Grad: 22.0557
  Batch 4700/6019, Loss: 0.0697, Grad: 8.8035
  Batch 4800/6019, Loss: 0.0444, Grad: 3.9661
  Batch 4900/6019, Loss: 0.0544, Grad: 11.2132
  Batch 5000/6019, Loss: 0.0688, Grad: 15.2812
  Batch 5100/6019, Loss: 0.0729, Grad: 14.8495
  Batch 5200/6019, Loss: 0.0559, Grad: 26.8022
  Batch 5300/6019, Loss: 0.0623, Grad: 28.5169
  Batch 5400/6019, Loss: 0.0601, Grad: 34.0166
  Batch 5500/6019, Loss: 0.0734, Grad: 9.9931
  Batch 5600/6019, Loss: 0.0397, Grad: 8.6735
  Batch 5700/6019, Loss: 0.0349, Grad: 25.9164
  Batch 5800/6019, Loss: 0.0519, Grad: 4.0252
  Batch 5900/6019, Loss: 0.0454, Grad: 9.1075
  Batch 6000/6019, Loss: 0.0826, Grad: 8.6177
Train Loss: 0.0624
Val Loss: 0.0836, Val Macro F1: 0.8256

Per-Class F1 Scores:
  Class 0 (Non-tonal Speech): F1 = 0.9534
  Class 1 (Tonal Speech    ): F1 = 0.7047
  Class 2 (Vocal Music     ): F1 = 0.7972
  Class 3 (Non-vocal Music ): F1 = 0.6507
  Class 4 (Urban Env       ): F1 = 0.9424
  Class 5 (Wildlife Env    ): F1 = 0.9050

Confusion between Similar Classes:
  Class 0→1 (non-tonal→tonal speech):  4308
  Class 1→0 (tonal→non-tonal speech):  1690
  Class 2→3 (vocal→non-vocal music):   3333
  Class 3→2 (non-vocal→vocal music):   1788
Learning rate: 0.000025

============================================================
Epoch 25/50
============================================================
  Batch 0/6019, Loss: 0.0884, Grad: 24.1320
  Batch 100/6019, Loss: 0.0880, Grad: 9.6500
  Batch 200/6019, Loss: 0.0487, Grad: 7.8244
  Batch 300/6019, Loss: 0.0631, Grad: 7.3438
  Batch 400/6019, Loss: 0.1000, Grad: 20.7135
  Batch 500/6019, Loss: 0.0529, Grad: 10.6885
  Batch 600/6019, Loss: 0.0812, Grad: 234.8298
  Batch 700/6019, Loss: 0.0458, Grad: 11.1319
  Batch 800/6019, Loss: 0.0521, Grad: 5.2372
  Batch 900/6019, Loss: 0.0635, Grad: 158.5561
  Batch 1000/6019, Loss: 0.0691, Grad: 7.4613
  Batch 1100/6019, Loss: 0.0406, Grad: 33.3260
  Batch 1200/6019, Loss: 0.0531, Grad: 11.6472
  Batch 1300/6019, Loss: 0.0561, Grad: 4.6541
  Batch 1400/6019, Loss: 0.0629, Grad: 7.4549
  Batch 1500/6019, Loss: 0.0623, Grad: 8.9888
  Batch 1600/6019, Loss: 0.0704, Grad: 3.4366
  Batch 1700/6019, Loss: 0.0734, Grad: 7.4948
  Batch 1800/6019, Loss: 0.0623, Grad: 22.5988
  Batch 1900/6019, Loss: 0.0439, Grad: 12.8239
  Batch 2000/6019, Loss: 0.0636, Grad: 19.7999
  Batch 2100/6019, Loss: 0.0539, Grad: 12.8396
  Batch 2200/6019, Loss: 0.1054, Grad: 82.8177
  Batch 2300/6019, Loss: 0.0570, Grad: 10.1225
  Batch 2400/6019, Loss: 0.0539, Grad: 52.0377
  Batch 2500/6019, Loss: 0.1046, Grad: 19.4550
  Batch 2600/6019, Loss: 0.0511, Grad: 5.1011
  Batch 2700/6019, Loss: 0.0543, Grad: 8.1480
  Batch 2800/6019, Loss: 0.0537, Grad: 4.1421
  Batch 2900/6019, Loss: 0.1103, Grad: 23.0557
  Batch 3000/6019, Loss: 0.0538, Grad: 18.1419
  Batch 3100/6019, Loss: 0.0542, Grad: 67.3561
  Batch 3200/6019, Loss: 0.0493, Grad: 6.1117
  Batch 3300/6019, Loss: 0.0489, Grad: 37.3054
  Batch 3400/6019, Loss: 0.0857, Grad: 7.9431
  Batch 3500/6019, Loss: 0.0526, Grad: 8.7377
  Batch 3600/6019, Loss: 0.0652, Grad: 7.3580
  Batch 3700/6019, Loss: 0.0469, Grad: 7.1151
  Batch 3800/6019, Loss: 0.0510, Grad: 12.0359
  Batch 3900/6019, Loss: 0.0443, Grad: 10.0086
  Batch 4000/6019, Loss: 0.0601, Grad: 7.4725
  Batch 4100/6019, Loss: 0.0527, Grad: 4.3893
  Batch 4200/6019, Loss: 0.0424, Grad: 6.2562
  Batch 4300/6019, Loss: 0.0473, Grad: 4.0104
  Batch 4400/6019, Loss: 0.0539, Grad: 4.7097
  Batch 4500/6019, Loss: 0.0648, Grad: 3.7294
  Batch 4600/6019, Loss: 0.0531, Grad: 4.2170
  Batch 4700/6019, Loss: 0.0926, Grad: 20.4299
  Batch 4800/6019, Loss: 0.0584, Grad: 19.1075
  Batch 4900/6019, Loss: 0.0563, Grad: 9.0130
  Batch 5000/6019, Loss: 0.0686, Grad: 28.5042
  Batch 5100/6019, Loss: 0.0640, Grad: 22.2344
  Batch 5200/6019, Loss: 0.0463, Grad: 72.4140
  Batch 5300/6019, Loss: 0.0775, Grad: 11.0940
  Batch 5400/6019, Loss: 0.0537, Grad: 8.2627
  Batch 5500/6019, Loss: 0.0727, Grad: 19.9753
  Batch 5600/6019, Loss: 0.0690, Grad: 9.9782
  Batch 5700/6019, Loss: 0.0582, Grad: 4.3875
  Batch 5800/6019, Loss: 0.0564, Grad: 4.7981
  Batch 5900/6019, Loss: 0.0454, Grad: 5.1741
  Batch 6000/6019, Loss: 0.0391, Grad: 60.8891
Train Loss: 0.0622
Val Loss: 0.0816, Val Macro F1: 0.8267

Per-Class F1 Scores:
  Class 0 (Non-tonal Speech): F1 = 0.9521
  Class 1 (Tonal Speech    ): F1 = 0.7036
  Class 2 (Vocal Music     ): F1 = 0.8104
  Class 3 (Non-vocal Music ): F1 = 0.6452
  Class 4 (Urban Env       ): F1 = 0.9342
  Class 5 (Wildlife Env    ): F1 = 0.9150

Confusion between Similar Classes:
  Class 0→1 (non-tonal→tonal speech):  4556
  Class 1→0 (tonal→non-tonal speech):  1588
  Class 2→3 (vocal→non-vocal music):   2856
  Class 3→2 (non-vocal→vocal music):   2113
Learning rate: 0.000025

============================================================
Epoch 26/50
============================================================
  Batch 0/6019, Loss: 0.0749, Grad: 6.6412
  Batch 100/6019, Loss: 0.0768, Grad: 11.1333
  Batch 200/6019, Loss: 0.0700, Grad: 9.6176
  Batch 300/6019, Loss: 0.0818, Grad: 9.2925
  Batch 400/6019, Loss: 0.0621, Grad: 16.0055
  Batch 500/6019, Loss: 0.0555, Grad: 6.3145
  Batch 600/6019, Loss: 0.0568, Grad: 20.9111
  Batch 700/6019, Loss: 0.0590, Grad: 14.9790
  Batch 800/6019, Loss: 0.0550, Grad: 6.0602
  Batch 900/6019, Loss: 0.0475, Grad: 4.8484
  Batch 1000/6019, Loss: 0.0741, Grad: 84.5207
  Batch 1100/6019, Loss: 0.0598, Grad: 9.4589
  Batch 1200/6019, Loss: 0.0646, Grad: 8.0942
  Batch 1300/6019, Loss: 0.0443, Grad: 10.2078
  Batch 1400/6019, Loss: 0.0507, Grad: 13.2921
  Batch 1500/6019, Loss: 0.0741, Grad: 11.0296
  Batch 1600/6019, Loss: 0.0609, Grad: 7.9631
  Batch 1700/6019, Loss: 0.0582, Grad: 7.4292
  Batch 1800/6019, Loss: 0.0723, Grad: 11.0020
  Batch 1900/6019, Loss: 0.0519, Grad: 8.3693
  Batch 2000/6019, Loss: 0.0552, Grad: 14.5019
  Batch 2100/6019, Loss: 0.0491, Grad: 6.8944
  Batch 2200/6019, Loss: 0.0613, Grad: 7.6374
  Batch 2300/6019, Loss: 0.0497, Grad: 6.1313
  Batch 2400/6019, Loss: 0.0553, Grad: 13.7207
  Batch 2500/6019, Loss: 0.0374, Grad: 6.1607
  Batch 2600/6019, Loss: 0.0511, Grad: 18.5369
  Batch 2700/6019, Loss: 0.0375, Grad: 5.3862
  Batch 2800/6019, Loss: 0.0687, Grad: 53.5894
  Batch 2900/6019, Loss: 0.0844, Grad: 107.6828
  Batch 3000/6019, Loss: 0.0484, Grad: 10.7665
  Batch 3100/6019, Loss: 0.0421, Grad: 11.7572
  Batch 3200/6019, Loss: 0.0826, Grad: 12.0900
  Batch 3300/6019, Loss: 0.0490, Grad: 9.9388
  Batch 3400/6019, Loss: 0.0560, Grad: 33.9644
  Batch 3500/6019, Loss: 0.0487, Grad: 6.6143
  Batch 3600/6019, Loss: 0.0521, Grad: 10.3010
  Batch 3700/6019, Loss: 0.0744, Grad: 5.1277
  Batch 3800/6019, Loss: 0.0601, Grad: 10.9819
  Batch 3900/6019, Loss: 0.0636, Grad: 16.2727
  Batch 4000/6019, Loss: 0.0540, Grad: 4.3558
  Batch 4100/6019, Loss: 0.0517, Grad: 14.2964
  Batch 4200/6019, Loss: 0.0721, Grad: 31.2682
  Batch 4300/6019, Loss: 0.0663, Grad: 9.3479
  Batch 4400/6019, Loss: 0.0408, Grad: 5.4799
  Batch 4500/6019, Loss: 0.0636, Grad: 10.0427
  Batch 4600/6019, Loss: 0.0551, Grad: 7.4174
  Batch 4700/6019, Loss: 0.0902, Grad: 10.6428
  Batch 4800/6019, Loss: 0.0639, Grad: 58.7083
  Batch 4900/6019, Loss: 0.0721, Grad: 18.2703
  Batch 5000/6019, Loss: 0.0441, Grad: 4.2594
  Batch 5100/6019, Loss: 0.0436, Grad: 8.2399
  Batch 5200/6019, Loss: 0.0386, Grad: 12.6596
  Batch 5300/6019, Loss: 0.0461, Grad: 10.8337
  Batch 5400/6019, Loss: 0.0486, Grad: 4.5280
  Batch 5500/6019, Loss: 0.0571, Grad: 14.9793
  Batch 5600/6019, Loss: 0.0600, Grad: 49.2011
  Batch 5700/6019, Loss: 0.0560, Grad: 4.0764
  Batch 5800/6019, Loss: 0.0444, Grad: 4.1605
  Batch 5900/6019, Loss: 0.0449, Grad: 5.9336
  Batch 6000/6019, Loss: 0.0606, Grad: 49.8413
Train Loss: 0.0620
Val Loss: 0.0816, Val Macro F1: 0.8274

Per-Class F1 Scores:
  Class 0 (Non-tonal Speech): F1 = 0.9528
  Class 1 (Tonal Speech    ): F1 = 0.7026
  Class 2 (Vocal Music     ): F1 = 0.8204
  Class 3 (Non-vocal Music ): F1 = 0.6357
  Class 4 (Urban Env       ): F1 = 0.9482
  Class 5 (Wildlife Env    ): F1 = 0.9049

Confusion between Similar Classes:
  Class 0→1 (non-tonal→tonal speech):  4420
  Class 1→0 (tonal→non-tonal speech):  1660
  Class 2→3 (vocal→non-vocal music):   2353
  Class 3→2 (non-vocal→vocal music):   2422
Learning rate: 0.000025

============================================================
Epoch 27/50
============================================================
  Batch 0/6019, Loss: 0.0487, Grad: 8.6068
  Batch 100/6019, Loss: 0.0680, Grad: 6.3582
  Batch 200/6019, Loss: 0.0754, Grad: 19.9636
  Batch 300/6019, Loss: 0.0703, Grad: 17.4758
  Batch 400/6019, Loss: 0.0600, Grad: 4.2044
  Batch 500/6019, Loss: 0.0510, Grad: 7.8700
  Batch 600/6019, Loss: 0.0406, Grad: 10.4558
  Batch 700/6019, Loss: 0.0824, Grad: 317.3011
  Batch 800/6019, Loss: 0.0612, Grad: 8.1341
  Batch 900/6019, Loss: 0.0501, Grad: 5.7832
  Batch 1000/6019, Loss: 0.1372, Grad: 48.4457
  Batch 1100/6019, Loss: 0.0410, Grad: 587.7685
  Batch 1200/6019, Loss: 0.0742, Grad: 65.2567
  Batch 1300/6019, Loss: 0.0559, Grad: 5.8206
  Batch 1400/6019, Loss: 0.0643, Grad: 7.6691
  Batch 1500/6019, Loss: 0.0852, Grad: 11.5581
  Batch 1600/6019, Loss: 0.0574, Grad: 9.6577
  Batch 1700/6019, Loss: 0.0846, Grad: 8.8289
  Batch 1800/6019, Loss: 0.0519, Grad: 4.0908
  Batch 1900/6019, Loss: 0.0346, Grad: 7.5278
  Batch 2000/6019, Loss: 0.0453, Grad: 8.8321
  Batch 2100/6019, Loss: 0.0813, Grad: 13.4473
  Batch 2200/6019, Loss: 0.0660, Grad: 17.9123
  Batch 2300/6019, Loss: 0.0767, Grad: 6.0532
  Batch 2400/6019, Loss: 0.0513, Grad: 8.3438
  Batch 2500/6019, Loss: 0.0488, Grad: 20.6232
  Batch 2600/6019, Loss: 0.0481, Grad: 2.9994
  Batch 2700/6019, Loss: 0.0808, Grad: 11.8420
  Batch 2800/6019, Loss: 0.0619, Grad: 9.9594
  Batch 2900/6019, Loss: 0.0450, Grad: 4.3866
  Batch 3000/6019, Loss: 0.0410, Grad: 2.5133
  Batch 3100/6019, Loss: 0.0502, Grad: 6.7362
  Batch 3200/6019, Loss: 0.0594, Grad: 6.4518
  Batch 3300/6019, Loss: 0.0534, Grad: 6.9485
  Batch 3400/6019, Loss: 0.0535, Grad: 12.5011
  Batch 3500/6019, Loss: 0.0550, Grad: 68.7798
  Batch 3600/6019, Loss: 0.0697, Grad: 4.4541
  Batch 3700/6019, Loss: 0.0578, Grad: 5.3680
  Batch 3800/6019, Loss: 0.0495, Grad: 8.1500
  Batch 3900/6019, Loss: 0.0493, Grad: 6.9544
  Batch 4000/6019, Loss: 0.0802, Grad: 11.9629
  Batch 4100/6019, Loss: 0.0475, Grad: 4.4660
  Batch 4200/6019, Loss: 0.0571, Grad: 3.4293
  Batch 4300/6019, Loss: 0.0478, Grad: 4.6129
  Batch 4400/6019, Loss: 0.0562, Grad: 33.7727
  Batch 4500/6019, Loss: 0.0651, Grad: 48.8412
  Batch 4600/6019, Loss: 0.0823, Grad: 13.9598
  Batch 4700/6019, Loss: 0.0554, Grad: 5.3779
  Batch 4800/6019, Loss: 0.0685, Grad: 5.9368
  Batch 4900/6019, Loss: 0.0521, Grad: 7.9299
  Batch 5000/6019, Loss: 0.0788, Grad: 7.4637
  Batch 5100/6019, Loss: 0.0861, Grad: 905.8973
  Batch 5200/6019, Loss: 0.0665, Grad: 14.5526
  Batch 5300/6019, Loss: 0.0984, Grad: 17.1777
  Batch 5400/6019, Loss: 0.0420, Grad: 4.1370
  Batch 5500/6019, Loss: 0.0757, Grad: 29.4329
  Batch 5600/6019, Loss: 0.0522, Grad: 3.6470
  Batch 5700/6019, Loss: 0.0583, Grad: 5.2859
  Batch 5800/6019, Loss: 0.0692, Grad: 5.1591
  Batch 5900/6019, Loss: 0.0702, Grad: 9.0776
  Batch 6000/6019, Loss: 0.0715, Grad: 13.0523
Train Loss: 0.0618
Val Loss: 0.0847, Val Macro F1: 0.8256

Per-Class F1 Scores:
  Class 0 (Non-tonal Speech): F1 = 0.9484
  Class 1 (Tonal Speech    ): F1 = 0.6899
  Class 2 (Vocal Music     ): F1 = 0.8112
  Class 3 (Non-vocal Music ): F1 = 0.6521
  Class 4 (Urban Env       ): F1 = 0.9453
  Class 5 (Wildlife Env    ): F1 = 0.9070

Confusion between Similar Classes:
  Class 0→1 (non-tonal→tonal speech):  5061
  Class 1→0 (tonal→non-tonal speech):  1538
  Class 2→3 (vocal→non-vocal music):   2856
  Class 3→2 (non-vocal→vocal music):   2002
Learning rate: 0.000013

============================================================
Epoch 28/50
============================================================
  Batch 0/6019, Loss: 0.0674, Grad: 8.1448
  Batch 100/6019, Loss: 0.0706, Grad: 11.5554
  Batch 200/6019, Loss: 0.0408, Grad: 4.2684
  Batch 300/6019, Loss: 0.0493, Grad: 17.7644
  Batch 400/6019, Loss: 0.0695, Grad: 7.6526
  Batch 500/6019, Loss: 0.0536, Grad: 5.3606
  Batch 600/6019, Loss: 0.0529, Grad: 12.0395
  Batch 700/6019, Loss: 0.0743, Grad: 9.6630
  Batch 800/6019, Loss: 0.0478, Grad: 5.5709
  Batch 900/6019, Loss: 0.0947, Grad: 65.0501
  Batch 1000/6019, Loss: 0.0437, Grad: 6.2569
  Batch 1100/6019, Loss: 0.0679, Grad: 9.0271
  Batch 1200/6019, Loss: 0.1033, Grad: 18.2799
  Batch 1300/6019, Loss: 0.0598, Grad: 5.3885
  Batch 1400/6019, Loss: 0.0629, Grad: 55.5838
  Batch 1500/6019, Loss: 0.0431, Grad: 5.1836
  Batch 1600/6019, Loss: 0.0511, Grad: 6.0833
  Batch 1700/6019, Loss: 0.0731, Grad: 14.1218
  Batch 1800/6019, Loss: 0.0440, Grad: 2.3474
  Batch 1900/6019, Loss: 0.0440, Grad: 18.3979
  Batch 2000/6019, Loss: 0.0757, Grad: 18.7732
  Batch 2100/6019, Loss: 0.0591, Grad: 120.4901
  Batch 2200/6019, Loss: 0.0408, Grad: 3.7121
  Batch 2300/6019, Loss: 0.0725, Grad: 5.4282
  Batch 2400/6019, Loss: 0.0457, Grad: 5.2047
  Batch 2500/6019, Loss: 0.0535, Grad: 8.4942
  Batch 2600/6019, Loss: 0.0486, Grad: 9.4256
  Batch 2700/6019, Loss: 0.0747, Grad: 10.2291
  Batch 2800/6019, Loss: 0.0574, Grad: 3.8352
  Batch 2900/6019, Loss: 0.0395, Grad: 13.3620
  Batch 3000/6019, Loss: 0.0438, Grad: 12.1709
  Batch 3100/6019, Loss: 0.0495, Grad: 12.8905
  Batch 3200/6019, Loss: 0.0754, Grad: 21.8963
  Batch 3300/6019, Loss: 0.0601, Grad: 49.1260
  Batch 3400/6019, Loss: 0.0922, Grad: 37.0738
  Batch 3500/6019, Loss: 0.0475, Grad: 5.9289
  Batch 3600/6019, Loss: 0.0458, Grad: 7.5346
  Batch 3700/6019, Loss: 0.0524, Grad: 17.6758
  Batch 3800/6019, Loss: 0.0514, Grad: 12.8124
  Batch 3900/6019, Loss: 0.0615, Grad: 22.1783
  Batch 4000/6019, Loss: 0.0384, Grad: 5.9271
  Batch 4100/6019, Loss: 0.0955, Grad: 32.4867
  Batch 4200/6019, Loss: 0.0678, Grad: 68.3888
  Batch 4300/6019, Loss: 0.0639, Grad: 23.2819
  Batch 4400/6019, Loss: 0.0517, Grad: 13.4754
  Batch 4500/6019, Loss: 0.0387, Grad: 3.6905
  Batch 4600/6019, Loss: 0.0632, Grad: 15.5130
  Batch 4700/6019, Loss: 0.0599, Grad: 11.6657
  Batch 4800/6019, Loss: 0.0382, Grad: 3.7108
  Batch 4900/6019, Loss: 0.0450, Grad: 3.7695
  Batch 5000/6019, Loss: 0.0629, Grad: 23.5946
  Batch 5100/6019, Loss: 0.0485, Grad: 8.0746
  Batch 5200/6019, Loss: 0.0637, Grad: 7.3550
  Batch 5300/6019, Loss: 0.0465, Grad: 19.4251
  Batch 5400/6019, Loss: 0.0652, Grad: 9.6689
  Batch 5500/6019, Loss: 0.0701, Grad: 74.6708
  Batch 5600/6019, Loss: 0.0630, Grad: 19.6164
  Batch 5700/6019, Loss: 0.0421, Grad: 12.8563
  Batch 5800/6019, Loss: 0.0495, Grad: 7.4227
  Batch 5900/6019, Loss: 0.0726, Grad: 22.0365
  Batch 6000/6019, Loss: 0.0540, Grad: 5.0238
Train Loss: 0.0609
Val Loss: 0.0800, Val Macro F1: 0.8310

Per-Class F1 Scores:
  Class 0 (Non-tonal Speech): F1 = 0.9549
  Class 1 (Tonal Speech    ): F1 = 0.7128
  Class 2 (Vocal Music     ): F1 = 0.8128
  Class 3 (Non-vocal Music ): F1 = 0.6475
  Class 4 (Urban Env       ): F1 = 0.9448
  Class 5 (Wildlife Env    ): F1 = 0.9130

Confusion between Similar Classes:
  Class 0→1 (non-tonal→tonal speech):  4103
  Class 1→0 (tonal→non-tonal speech):  1683
  Class 2→3 (vocal→non-vocal music):   2780
  Class 3→2 (non-vocal→vocal music):   2124
Learning rate: 0.000013
✓ Saved best model with Val F1: 0.8310

============================================================
Epoch 29/50
============================================================
  Batch 0/6019, Loss: 0.0522, Grad: 13.7433
  Batch 100/6019, Loss: 0.0720, Grad: 20.4478
  Batch 200/6019, Loss: 0.0628, Grad: 4.8420
  Batch 300/6019, Loss: 0.0876, Grad: 16.9052
  Batch 400/6019, Loss: 0.0576, Grad: 10.8875
  Batch 500/6019, Loss: 0.0477, Grad: 4.3818
  Batch 600/6019, Loss: 0.0601, Grad: 15.7448
  Batch 700/6019, Loss: 0.0624, Grad: 31.5643
  Batch 800/6019, Loss: 0.0518, Grad: 14.7063
  Batch 900/6019, Loss: 0.0551, Grad: 22.1572
  Batch 1000/6019, Loss: 0.0756, Grad: 11.0369
  Batch 1100/6019, Loss: 0.0539, Grad: 12.5377
  Batch 1200/6019, Loss: 0.0625, Grad: 11.0763
  Batch 1300/6019, Loss: 0.0691, Grad: 18.9908
  Batch 1400/6019, Loss: 0.0482, Grad: 16.1226
  Batch 1500/6019, Loss: 0.0681, Grad: 39.4506
  Batch 1600/6019, Loss: 0.0847, Grad: 8.0839
  Batch 1700/6019, Loss: 0.0766, Grad: 7.1314
  Batch 1800/6019, Loss: 0.0519, Grad: 65.1379
  Batch 1900/6019, Loss: 0.0476, Grad: 5.8681
  Batch 2000/6019, Loss: 0.0839, Grad: 39.4164
  Batch 2100/6019, Loss: 0.0583, Grad: 8.5287
  Batch 2200/6019, Loss: 0.0774, Grad: 10.1344
  Batch 2300/6019, Loss: 0.0670, Grad: 12.5361
  Batch 2400/6019, Loss: 0.0624, Grad: 15.7374
  Batch 2500/6019, Loss: 0.0650, Grad: 46.9631
  Batch 2600/6019, Loss: 0.0857, Grad: 626.5011
  Batch 2700/6019, Loss: 0.0746, Grad: 18.6491
  Batch 2800/6019, Loss: 0.0696, Grad: 17.0534
  Batch 2900/6019, Loss: 0.0673, Grad: 8.4518
  Batch 3000/6019, Loss: 0.0538, Grad: 24.7220
  Batch 3100/6019, Loss: 0.0893, Grad: 6.6480
  Batch 3200/6019, Loss: 0.0500, Grad: 5.5263
  Batch 3300/6019, Loss: 0.0719, Grad: 6.9199
  Batch 3400/6019, Loss: 0.0585, Grad: 17.1460
  Batch 3500/6019, Loss: 0.0400, Grad: 4.7601
  Batch 3600/6019, Loss: 0.0990, Grad: 11.7372
  Batch 3700/6019, Loss: 0.0621, Grad: 12.0128
  Batch 3800/6019, Loss: 0.0718, Grad: 15.0183
  Batch 3900/6019, Loss: 0.0508, Grad: 9.6743
  Batch 4000/6019, Loss: 0.0412, Grad: 11.0105
  Batch 4100/6019, Loss: 0.0858, Grad: 12.7393
  Batch 4200/6019, Loss: 0.0591, Grad: 15.3294
  Batch 4300/6019, Loss: 0.0433, Grad: 8.9958
  Batch 4400/6019, Loss: 0.0508, Grad: 14.2961
  Batch 4500/6019, Loss: 0.0497, Grad: 17.9843
  Batch 4600/6019, Loss: 0.0645, Grad: 60.2893
  Batch 4700/6019, Loss: 0.0875, Grad: 19.3898
  Batch 4800/6019, Loss: 0.0656, Grad: 7.1352
  Batch 4900/6019, Loss: 0.0483, Grad: 6.9151
  Batch 5000/6019, Loss: 0.0601, Grad: 54.3034
  Batch 5100/6019, Loss: 0.0825, Grad: 14.4273
  Batch 5200/6019, Loss: 0.0481, Grad: 18.1146
  Batch 5300/6019, Loss: 0.0512, Grad: 12.8725
  Batch 5400/6019, Loss: 0.0491, Grad: 6.0116
  Batch 5500/6019, Loss: 0.0402, Grad: 8.8585
  Batch 5600/6019, Loss: 0.0670, Grad: 24.7431
  Batch 5700/6019, Loss: 0.0914, Grad: 23.8725
  Batch 5800/6019, Loss: 0.0551, Grad: 52.6985
  Batch 5900/6019, Loss: 0.0584, Grad: 9.4551
  Batch 6000/6019, Loss: 0.0917, Grad: 22.4437
Train Loss: 0.0606
Val Loss: 0.0793, Val Macro F1: 0.8311

Per-Class F1 Scores:
  Class 0 (Non-tonal Speech): F1 = 0.9566
  Class 1 (Tonal Speech    ): F1 = 0.7210
  Class 2 (Vocal Music     ): F1 = 0.8192
  Class 3 (Non-vocal Music ): F1 = 0.6376
  Class 4 (Urban Env       ): F1 = 0.9427
  Class 5 (Wildlife Env    ): F1 = 0.9097

Confusion between Similar Classes:
  Class 0→1 (non-tonal→tonal speech):  3923
  Class 1→0 (tonal→non-tonal speech):  1653
  Class 2→3 (vocal→non-vocal music):   2423
  Class 3→2 (non-vocal→vocal music):   2380
Learning rate: 0.000013
✓ Saved best model with Val F1: 0.8311

============================================================
Epoch 30/50
============================================================
  Batch 0/6019, Loss: 0.0585, Grad: 13.2052
  Batch 100/6019, Loss: 0.0572, Grad: 29.5370
  Batch 200/6019, Loss: 0.0709, Grad: 6.4004
  Batch 300/6019, Loss: 0.1001, Grad: 13.9710
  Batch 400/6019, Loss: 0.0496, Grad: 7.0066
  Batch 500/6019, Loss: 0.0607, Grad: 130.8259
  Batch 600/6019, Loss: 0.0340, Grad: 8.8304
  Batch 700/6019, Loss: 0.0657, Grad: 10.2717
  Batch 800/6019, Loss: 0.0702, Grad: 17.3907
  Batch 900/6019, Loss: 0.0594, Grad: 26.5834
  Batch 1000/6019, Loss: 0.0603, Grad: 8.0257
  Batch 1100/6019, Loss: 0.0655, Grad: 26.4011
  Batch 1200/6019, Loss: 0.0388, Grad: 4.3341
  Batch 1300/6019, Loss: 0.0681, Grad: 34.1688
  Batch 1400/6019, Loss: 0.0485, Grad: 7.2154
  Batch 1500/6019, Loss: 0.0573, Grad: 5.8841
  Batch 1600/6019, Loss: 0.0486, Grad: 7.5464
  Batch 1700/6019, Loss: 0.0620, Grad: 7.9085
  Batch 1800/6019, Loss: 0.0554, Grad: 42.1330
  Batch 1900/6019, Loss: 0.0505, Grad: 9.5334
  Batch 2000/6019, Loss: 0.0942, Grad: 61.9099
  Batch 2100/6019, Loss: 0.0637, Grad: 12.4640
  Batch 2200/6019, Loss: 0.0639, Grad: 6.4213
  Batch 2300/6019, Loss: 0.0522, Grad: 21.5666
  Batch 2400/6019, Loss: 0.0567, Grad: 13.0476
  Batch 2500/6019, Loss: 0.0540, Grad: 12.8919
  Batch 2600/6019, Loss: 0.0480, Grad: 29.3785
  Batch 2700/6019, Loss: 0.0675, Grad: 18.2211
  Batch 2800/6019, Loss: 0.0551, Grad: 26.3105
  Batch 2900/6019, Loss: 0.0472, Grad: 6.5241
  Batch 3000/6019, Loss: 0.0702, Grad: 6.3666
  Batch 3100/6019, Loss: 0.0494, Grad: 93.1603
  Batch 3200/6019, Loss: 0.0600, Grad: 4.0265
  Batch 3300/6019, Loss: 0.0419, Grad: 5.2206
  Batch 3400/6019, Loss: 0.0615, Grad: 9.3609
  Batch 3500/6019, Loss: 0.0615, Grad: 13.6738
  Batch 3600/6019, Loss: 0.0542, Grad: 7.2949
  Batch 3700/6019, Loss: 0.0724, Grad: 28.1949
  Batch 3800/6019, Loss: 0.0734, Grad: 11.7817
  Batch 3900/6019, Loss: 0.0716, Grad: 21.2809
  Batch 4000/6019, Loss: 0.0484, Grad: 38.4907
  Batch 4100/6019, Loss: 0.0622, Grad: 18.4718
  Batch 4200/6019, Loss: 0.0413, Grad: 7.8019
  Batch 4300/6019, Loss: 0.0483, Grad: 26.4571
  Batch 4400/6019, Loss: 0.0444, Grad: 13.1009
  Batch 4500/6019, Loss: 0.0942, Grad: 33.3652
  Batch 4600/6019, Loss: 0.0844, Grad: 9.0185
  Batch 4700/6019, Loss: 0.0603, Grad: 43.0477
  Batch 4800/6019, Loss: 0.0582, Grad: 10.5148
  Batch 4900/6019, Loss: 0.0794, Grad: 47.1393
  Batch 5000/6019, Loss: 0.0800, Grad: 25.0128
  Batch 5100/6019, Loss: 0.0524, Grad: 13.5569
  Batch 5200/6019, Loss: 0.0930, Grad: 19.7388
  Batch 5300/6019, Loss: 0.0682, Grad: 7.6567
  Batch 5400/6019, Loss: 0.0629, Grad: 43.7785
  Batch 5500/6019, Loss: 0.0533, Grad: 7.1841
  Batch 5600/6019, Loss: 0.0478, Grad: 26.9196
  Batch 5700/6019, Loss: 0.0688, Grad: 10.3597
  Batch 5800/6019, Loss: 0.0600, Grad: 36.7345
  Batch 5900/6019, Loss: 0.0625, Grad: 30.4545
  Batch 6000/6019, Loss: 0.0708, Grad: 18.8468
Train Loss: 0.0605
Val Loss: 0.0792, Val Macro F1: 0.8317

Per-Class F1 Scores:
  Class 0 (Non-tonal Speech): F1 = 0.9567
  Class 1 (Tonal Speech    ): F1 = 0.7173
  Class 2 (Vocal Music     ): F1 = 0.8154
  Class 3 (Non-vocal Music ): F1 = 0.6489
  Class 4 (Urban Env       ): F1 = 0.9436
  Class 5 (Wildlife Env    ): F1 = 0.9083

Confusion between Similar Classes:
  Class 0→1 (non-tonal→tonal speech):  3817
  Class 1→0 (tonal→non-tonal speech):  1769
  Class 2→3 (vocal→non-vocal music):   2697
  Class 3→2 (non-vocal→vocal music):   2138
Learning rate: 0.000013
✓ Saved best model with Val F1: 0.8317

============================================================
Epoch 31/50
============================================================
  Batch 0/6019, Loss: 0.0514, Grad: 14.6026
  Batch 100/6019, Loss: 0.0855, Grad: 11.9560
  Batch 200/6019, Loss: 0.0429, Grad: 7.2890
  Batch 300/6019, Loss: 0.0498, Grad: 9.0948
  Batch 400/6019, Loss: 0.0698, Grad: 10.5396
  Batch 500/6019, Loss: 0.0680, Grad: 78.1273
  Batch 600/6019, Loss: 0.0707, Grad: 6.3334
  Batch 700/6019, Loss: 0.0483, Grad: 48.1040
  Batch 800/6019, Loss: 0.0457, Grad: 4.7073
  Batch 900/6019, Loss: 0.0613, Grad: 13.4815
  Batch 1000/6019, Loss: 0.0465, Grad: 156.3889
  Batch 1100/6019, Loss: 0.0498, Grad: 3.7643
  Batch 1200/6019, Loss: 0.0639, Grad: 78.6799
  Batch 1300/6019, Loss: 0.0453, Grad: 5.2328
  Batch 1400/6019, Loss: 0.0789, Grad: 30.9908
  Batch 1500/6019, Loss: 0.0782, Grad: 48.0758
  Batch 1600/6019, Loss: 0.0546, Grad: 28.1138
  Batch 1700/6019, Loss: 0.0608, Grad: 441.2775
  Batch 1800/6019, Loss: 0.0420, Grad: 8.7377
  Batch 1900/6019, Loss: 0.0488, Grad: 29.3135
  Batch 2000/6019, Loss: 0.0671, Grad: 20.0829
  Batch 2100/6019, Loss: 0.0533, Grad: 45.1694
  Batch 2200/6019, Loss: 0.0703, Grad: 10.8710
  Batch 2300/6019, Loss: 0.0676, Grad: 67.9128
  Batch 2400/6019, Loss: 0.0424, Grad: 6.7388
  Batch 2500/6019, Loss: 0.0408, Grad: 7.2664
  Batch 2600/6019, Loss: 0.0472, Grad: 5.2069
  Batch 2700/6019, Loss: 0.0491, Grad: 8.4291
  Batch 2800/6019, Loss: 0.0401, Grad: 17.3870
  Batch 2900/6019, Loss: 0.0590, Grad: 5.6206
  Batch 3000/6019, Loss: 0.0582, Grad: 7.2109
  Batch 3100/6019, Loss: 0.0515, Grad: 6.4735
  Batch 3200/6019, Loss: 0.0795, Grad: 12.3410
  Batch 3300/6019, Loss: 0.0416, Grad: 37.3874
  Batch 3400/6019, Loss: 0.0397, Grad: 31.0103
  Batch 3500/6019, Loss: 0.0528, Grad: 38.6877
  Batch 3600/6019, Loss: 0.0519, Grad: 15.1148
  Batch 3700/6019, Loss: 0.0751, Grad: 98.0342
  Batch 3800/6019, Loss: 0.0592, Grad: 14.2418
  Batch 3900/6019, Loss: 0.0691, Grad: 14.4123
  Batch 4000/6019, Loss: 0.0476, Grad: 6.5022
  Batch 4100/6019, Loss: 0.0583, Grad: 205.8225
  Batch 4200/6019, Loss: 0.0385, Grad: 56.0610
  Batch 4300/6019, Loss: 0.0560, Grad: 7.0848
  Batch 4400/6019, Loss: 0.0693, Grad: 18.2693
  Batch 4500/6019, Loss: 0.0617, Grad: 6.7807
  Batch 4600/6019, Loss: 0.0574, Grad: 6.7301
  Batch 4700/6019, Loss: 0.0760, Grad: 20.5406
  Batch 4800/6019, Loss: 0.0499, Grad: 81.4931
  Batch 4900/6019, Loss: 0.0715, Grad: 8.3783
  Batch 5000/6019, Loss: 0.0649, Grad: 121.5706
  Batch 5100/6019, Loss: 0.0647, Grad: 18.7697
  Batch 5200/6019, Loss: 0.0506, Grad: 20.6913
  Batch 5300/6019, Loss: 0.0547, Grad: 29.2336
  Batch 5400/6019, Loss: 0.0796, Grad: 10.9144
  Batch 5500/6019, Loss: 0.0545, Grad: 16.7273
  Batch 5600/6019, Loss: 0.0786, Grad: 9.4876
  Batch 5700/6019, Loss: 0.0658, Grad: 10.0642
  Batch 5800/6019, Loss: 0.0785, Grad: 12.3990
  Batch 5900/6019, Loss: 0.0479, Grad: 8.6604
  Batch 6000/6019, Loss: 0.0718, Grad: 8.1860
Train Loss: 0.0601
Val Loss: 0.0795, Val Macro F1: 0.8305

Per-Class F1 Scores:
  Class 0 (Non-tonal Speech): F1 = 0.9560
  Class 1 (Tonal Speech    ): F1 = 0.7169
  Class 2 (Vocal Music     ): F1 = 0.8205
  Class 3 (Non-vocal Music ): F1 = 0.6402
  Class 4 (Urban Env       ): F1 = 0.9377
  Class 5 (Wildlife Env    ): F1 = 0.9118

Confusion between Similar Classes:
  Class 0→1 (non-tonal→tonal speech):  3985
  Class 1→0 (tonal→non-tonal speech):  1677
  Class 2→3 (vocal→non-vocal music):   2463
  Class 3→2 (non-vocal→vocal music):   2354
Learning rate: 0.000013

============================================================
Epoch 32/50
============================================================
  Batch 0/6019, Loss: 0.0730, Grad: 18.0713
  Batch 100/6019, Loss: 0.0441, Grad: 11.2854
  Batch 200/6019, Loss: 0.0576, Grad: 6.2862
  Batch 300/6019, Loss: 0.0703, Grad: 30.9789
  Batch 400/6019, Loss: 0.0473, Grad: 24.1301
  Batch 500/6019, Loss: 0.0788, Grad: 37.3102
  Batch 600/6019, Loss: 0.0536, Grad: 3.4738
  Batch 700/6019, Loss: 0.0729, Grad: 17.5525
  Batch 800/6019, Loss: 0.0536, Grad: 8.7481
  Batch 900/6019, Loss: 0.0491, Grad: 13.4951
  Batch 1000/6019, Loss: 0.0470, Grad: 7.2435
  Batch 1100/6019, Loss: 0.0555, Grad: 17.6458
  Batch 1200/6019, Loss: 0.0412, Grad: 5.5734
  Batch 1300/6019, Loss: 0.0509, Grad: 6.9990
  Batch 1400/6019, Loss: 0.0587, Grad: 12.3148
  Batch 1500/6019, Loss: 0.0693, Grad: 6.4982
  Batch 1600/6019, Loss: 0.0643, Grad: 16.4732
  Batch 1700/6019, Loss: 0.0641, Grad: 21.5701
  Batch 1800/6019, Loss: 0.0491, Grad: 3.7517
  Batch 1900/6019, Loss: 0.0512, Grad: 28.3550
  Batch 2000/6019, Loss: 0.0549, Grad: 8.1696
  Batch 2100/6019, Loss: 0.0662, Grad: 8.7740
  Batch 2200/6019, Loss: 0.0611, Grad: 18.5882
  Batch 2300/6019, Loss: 0.0728, Grad: 7.2460
  Batch 2400/6019, Loss: 0.0915, Grad: 13.6247
  Batch 2500/6019, Loss: 0.0654, Grad: 24.3031
  Batch 2600/6019, Loss: 0.0778, Grad: 12.0816
  Batch 2700/6019, Loss: 0.0857, Grad: 37.8236
  Batch 2800/6019, Loss: 0.0696, Grad: 20.4751
  Batch 2900/6019, Loss: 0.0505, Grad: 32.0772
  Batch 3000/6019, Loss: 0.0642, Grad: 8.4273
  Batch 3100/6019, Loss: 0.0577, Grad: 6.7760
  Batch 3200/6019, Loss: 0.0557, Grad: 10.3037
  Batch 3300/6019, Loss: 0.0558, Grad: 8.1246
  Batch 3400/6019, Loss: 0.0785, Grad: 33.9018
  Batch 3500/6019, Loss: 0.0736, Grad: 37.4816
  Batch 3600/6019, Loss: 0.0756, Grad: 16.0489
  Batch 3700/6019, Loss: 0.0436, Grad: 4.7700
  Batch 3800/6019, Loss: 0.0392, Grad: 6.1835
  Batch 3900/6019, Loss: 0.0741, Grad: 7.5940
  Batch 4000/6019, Loss: 0.0364, Grad: 3.5951
  Batch 4100/6019, Loss: 0.0609, Grad: 6.7797
  Batch 4200/6019, Loss: 0.0433, Grad: 5.1771
  Batch 4300/6019, Loss: 0.0675, Grad: 25.3636
  Batch 4400/6019, Loss: 0.0476, Grad: 46.0588
  Batch 4500/6019, Loss: 0.0600, Grad: 13.0096
  Batch 4600/6019, Loss: 0.0482, Grad: 28.7341
  Batch 4700/6019, Loss: 0.0650, Grad: 9.2949
  Batch 4800/6019, Loss: 0.0413, Grad: 12.3065
  Batch 4900/6019, Loss: 0.0563, Grad: 9.1108
  Batch 5000/6019, Loss: 0.0334, Grad: 2.2987
  Batch 5100/6019, Loss: 0.0558, Grad: 6.5047
  Batch 5200/6019, Loss: 0.0424, Grad: 4.7978
  Batch 5300/6019, Loss: 0.0582, Grad: 6.1840
  Batch 5400/6019, Loss: 0.0579, Grad: 14.6289
  Batch 5500/6019, Loss: 0.0649, Grad: 14.3366
  Batch 5600/6019, Loss: 0.0599, Grad: 14.1512
  Batch 5700/6019, Loss: 0.0518, Grad: 9.9856
  Batch 5800/6019, Loss: 0.0850, Grad: 7.3544
  Batch 5900/6019, Loss: 0.0503, Grad: 7.1905
  Batch 6000/6019, Loss: 0.0793, Grad: 27.9745
Train Loss: 0.0601
Val Loss: 0.0753, Val Macro F1: 0.8352

Per-Class F1 Scores:
  Class 0 (Non-tonal Speech): F1 = 0.9593
  Class 1 (Tonal Speech    ): F1 = 0.7292
  Class 2 (Vocal Music     ): F1 = 0.8206
  Class 3 (Non-vocal Music ): F1 = 0.6472
  Class 4 (Urban Env       ): F1 = 0.9430
  Class 5 (Wildlife Env    ): F1 = 0.9119

Confusion between Similar Classes:
  Class 0→1 (non-tonal→tonal speech):  3507
  Class 1→0 (tonal→non-tonal speech):  1757
  Class 2→3 (vocal→non-vocal music):   2509
  Class 3→2 (non-vocal→vocal music):   2259
Learning rate: 0.000013
✓ Saved best model with Val F1: 0.8352

============================================================
Epoch 33/50
============================================================
  Batch 0/6019, Loss: 0.0436, Grad: 8.1853
  Batch 100/6019, Loss: 0.0572, Grad: 21.8177
  Batch 200/6019, Loss: 0.0667, Grad: 14.8395
  Batch 300/6019, Loss: 0.0607, Grad: 38.3040
  Batch 400/6019, Loss: 0.0569, Grad: 48.4417
  Batch 500/6019, Loss: 0.0706, Grad: 14.0694
  Batch 600/6019, Loss: 0.0646, Grad: 13.2972
  Batch 700/6019, Loss: 0.0446, Grad: 8.6714
  Batch 800/6019, Loss: 0.0397, Grad: 9.4084
  Batch 900/6019, Loss: 0.0419, Grad: 5.7109
  Batch 1000/6019, Loss: 0.0554, Grad: 12.2241
  Batch 1100/6019, Loss: 0.0602, Grad: 36.3950
  Batch 1200/6019, Loss: 0.0736, Grad: 11.2771
  Batch 1300/6019, Loss: 0.0698, Grad: 5.4448
  Batch 1400/6019, Loss: 0.0820, Grad: 12.0107
  Batch 1500/6019, Loss: 0.0538, Grad: 8.3381
  Batch 1600/6019, Loss: 0.0281, Grad: 6.0731
  Batch 1700/6019, Loss: 0.0476, Grad: 9.1618
  Batch 1800/6019, Loss: 0.0831, Grad: 33.3838
  Batch 1900/6019, Loss: 0.0545, Grad: 11.3620
  Batch 2000/6019, Loss: 0.0702, Grad: 12.8572
  Batch 2100/6019, Loss: 0.0694, Grad: 41.5196
  Batch 2200/6019, Loss: 0.0583, Grad: 12.4784
  Batch 2300/6019, Loss: 0.0868, Grad: 13.2425
  Batch 2400/6019, Loss: 0.0596, Grad: 22.7033
  Batch 2500/6019, Loss: 0.0743, Grad: 54.8240
  Batch 2600/6019, Loss: 0.0430, Grad: 6.9630
  Batch 2700/6019, Loss: 0.0902, Grad: 10.0207
  Batch 2800/6019, Loss: 0.0556, Grad: 5.0275
  Batch 2900/6019, Loss: 0.0412, Grad: 31.1527
  Batch 3000/6019, Loss: 0.0685, Grad: 8.0546
  Batch 3100/6019, Loss: 0.0498, Grad: 25.6630
  Batch 3200/6019, Loss: 0.0535, Grad: 19.8214
  Batch 3300/6019, Loss: 0.0514, Grad: 19.5517
  Batch 3400/6019, Loss: 0.0580, Grad: 13.7462
  Batch 3500/6019, Loss: 0.0529, Grad: 9.0989
  Batch 3600/6019, Loss: 0.0621, Grad: 40.3267
  Batch 3700/6019, Loss: 0.0557, Grad: 70.1127
  Batch 3800/6019, Loss: 0.0646, Grad: 39.5341
  Batch 3900/6019, Loss: 0.0603, Grad: 11.1416
  Batch 4000/6019, Loss: 0.0455, Grad: 11.7036
  Batch 4100/6019, Loss: 0.0510, Grad: 11.5004
  Batch 4200/6019, Loss: 0.0682, Grad: 8.9129
  Batch 4300/6019, Loss: 0.0518, Grad: 30.8729
  Batch 4400/6019, Loss: 0.0861, Grad: 28.8772
  Batch 4500/6019, Loss: 0.0509, Grad: 69.1877
  Batch 4600/6019, Loss: 0.0575, Grad: 23.8107
  Batch 4700/6019, Loss: 0.0832, Grad: 120.8698
  Batch 4800/6019, Loss: 0.0726, Grad: 15.7381
  Batch 4900/6019, Loss: 0.0483, Grad: 7.6027
  Batch 5000/6019, Loss: 0.0579, Grad: 7.7140
  Batch 5100/6019, Loss: 0.0514, Grad: 83.1796
  Batch 5200/6019, Loss: 0.0674, Grad: 14.4196
  Batch 5300/6019, Loss: 0.0396, Grad: 7.1174
  Batch 5400/6019, Loss: 0.0622, Grad: 8.4920
  Batch 5500/6019, Loss: 0.0660, Grad: 7.3390
  Batch 5600/6019, Loss: 0.0571, Grad: 54.3570
  Batch 5700/6019, Loss: 0.0752, Grad: 6.8121
  Batch 5800/6019, Loss: 0.0762, Grad: 19.4406
  Batch 5900/6019, Loss: 0.0739, Grad: 14.6303
  Batch 6000/6019, Loss: 0.0538, Grad: 12.2760
Train Loss: 0.0599
Val Loss: 0.0819, Val Macro F1: 0.8299

Per-Class F1 Scores:
  Class 0 (Non-tonal Speech): F1 = 0.9498
  Class 1 (Tonal Speech    ): F1 = 0.6953
  Class 2 (Vocal Music     ): F1 = 0.8186
  Class 3 (Non-vocal Music ): F1 = 0.6529
  Class 4 (Urban Env       ): F1 = 0.9466
  Class 5 (Wildlife Env    ): F1 = 0.9161

Confusion between Similar Classes:
  Class 0→1 (non-tonal→tonal speech):  4920
  Class 1→0 (tonal→non-tonal speech):  1512
  Class 2→3 (vocal→non-vocal music):   2645
  Class 3→2 (non-vocal→vocal music):   2143
Learning rate: 0.000013

============================================================
Epoch 34/50
============================================================
  Batch 0/6019, Loss: 0.0593, Grad: 112.4501
  Batch 100/6019, Loss: 0.1301, Grad: 17.9243
  Batch 200/6019, Loss: 0.0693, Grad: 45.5277
  Batch 300/6019, Loss: 0.0489, Grad: 11.7196
  Batch 400/6019, Loss: 0.0525, Grad: 23.5494
  Batch 500/6019, Loss: 0.0426, Grad: 11.4544
  Batch 600/6019, Loss: 0.0827, Grad: 10.5178
  Batch 700/6019, Loss: 0.0576, Grad: 8.9997
  Batch 800/6019, Loss: 0.0405, Grad: 3.3947
  Batch 900/6019, Loss: 0.0664, Grad: 4.6684
  Batch 1000/6019, Loss: 0.0497, Grad: 5.8223
  Batch 1100/6019, Loss: 0.0622, Grad: 9.5149
  Batch 1200/6019, Loss: 0.0502, Grad: 58.4898
  Batch 1300/6019, Loss: 0.0538, Grad: 22.3138
  Batch 1400/6019, Loss: 0.0815, Grad: 28.1604
  Batch 1500/6019, Loss: 0.0575, Grad: 12.7315
  Batch 1600/6019, Loss: 0.0655, Grad: 24.1731
  Batch 1700/6019, Loss: 0.0558, Grad: 10.6785
  Batch 1800/6019, Loss: 0.0567, Grad: 215.8721
  Batch 1900/6019, Loss: 0.0520, Grad: 8.4962
  Batch 2000/6019, Loss: 0.0568, Grad: 21.5752
  Batch 2100/6019, Loss: 0.0627, Grad: 90.6926
  Batch 2200/6019, Loss: 0.0492, Grad: 4.7719
  Batch 2300/6019, Loss: 0.0354, Grad: 4.2968
  Batch 2400/6019, Loss: 0.0494, Grad: 6.4865
  Batch 2500/6019, Loss: 0.0690, Grad: 20.2639
  Batch 2600/6019, Loss: 0.0392, Grad: 8.7230
  Batch 2700/6019, Loss: 0.0469, Grad: 13.7431
  Batch 2800/6019, Loss: 0.0440, Grad: 5.9939
  Batch 2900/6019, Loss: 0.0424, Grad: 8.9060
  Batch 3000/6019, Loss: 0.0496, Grad: 28.7441
  Batch 3100/6019, Loss: 0.0527, Grad: 9.3475
  Batch 3200/6019, Loss: 0.0526, Grad: 9.7381
  Batch 3300/6019, Loss: 0.0506, Grad: 25.1584
  Batch 3400/6019, Loss: 0.0877, Grad: 18.3236
  Batch 3500/6019, Loss: 0.0586, Grad: 46.8696
  Batch 3600/6019, Loss: 0.0526, Grad: 47.8131
  Batch 3700/6019, Loss: 0.0659, Grad: 151.8530
  Batch 3800/6019, Loss: 0.0566, Grad: 8.2418
  Batch 3900/6019, Loss: 0.0511, Grad: 19.0150
  Batch 4000/6019, Loss: 0.0471, Grad: 22.9431
  Batch 4100/6019, Loss: 0.0707, Grad: 30.9996
  Batch 4200/6019, Loss: 0.0719, Grad: 26.3835
  Batch 4300/6019, Loss: 0.0706, Grad: 28.6602
  Batch 4400/6019, Loss: 0.0710, Grad: 6.5990
  Batch 4500/6019, Loss: 0.0522, Grad: 6.3941
  Batch 4600/6019, Loss: 0.0652, Grad: 11.0852
  Batch 4700/6019, Loss: 0.0545, Grad: 7.7393
  Batch 4800/6019, Loss: 0.0591, Grad: 9.3812
  Batch 4900/6019, Loss: 0.0473, Grad: 8.1675
  Batch 5000/6019, Loss: 0.0649, Grad: 5.6961
  Batch 5100/6019, Loss: 0.0770, Grad: 10.7707
  Batch 5200/6019, Loss: 0.0528, Grad: 8.2697
  Batch 5300/6019, Loss: 0.0574, Grad: 7.2870
  Batch 5400/6019, Loss: 0.0424, Grad: 7.0599
  Batch 5500/6019, Loss: 0.0573, Grad: 14.4899
  Batch 5600/6019, Loss: 0.0345, Grad: 35.4806
  Batch 5700/6019, Loss: 0.0539, Grad: 42.5918
  Batch 5800/6019, Loss: 0.0679, Grad: 9.9247
  Batch 5900/6019, Loss: 0.0660, Grad: 17.8660
  Batch 6000/6019, Loss: 0.0643, Grad: 7.4243
Train Loss: 0.0599
Val Loss: 0.0771, Val Macro F1: 0.8361

Per-Class F1 Scores:
  Class 0 (Non-tonal Speech): F1 = 0.9581
  Class 1 (Tonal Speech    ): F1 = 0.7226
  Class 2 (Vocal Music     ): F1 = 0.8173
  Class 3 (Non-vocal Music ): F1 = 0.6502
  Class 4 (Urban Env       ): F1 = 0.9524
  Class 5 (Wildlife Env    ): F1 = 0.9162

Confusion between Similar Classes:
  Class 0→1 (non-tonal→tonal speech):  3588
  Class 1→0 (tonal→non-tonal speech):  1809
  Class 2→3 (vocal→non-vocal music):   2660
  Class 3→2 (non-vocal→vocal music):   2164
Learning rate: 0.000013
✓ Saved best model with Val F1: 0.8361

============================================================
Epoch 35/50
============================================================
  Batch 0/6019, Loss: 0.0318, Grad: 8.5964
  Batch 100/6019, Loss: 0.0622, Grad: 10.1334
  Batch 200/6019, Loss: 0.0511, Grad: 16.0629
  Batch 300/6019, Loss: 0.0643, Grad: 5.3935
  Batch 400/6019, Loss: 0.0685, Grad: 8.2197
  Batch 500/6019, Loss: 0.0763, Grad: 276.7753
  Batch 600/6019, Loss: 0.0680, Grad: 16.0264
  Batch 700/6019, Loss: 0.0871, Grad: 30.8645
  Batch 800/6019, Loss: 0.0633, Grad: 8.1177
  Batch 900/6019, Loss: 0.0549, Grad: 38.7281
  Batch 1000/6019, Loss: 0.0556, Grad: 18.3154
  Batch 1100/6019, Loss: 0.0671, Grad: 65.4392
  Batch 1200/6019, Loss: 0.0649, Grad: 10.8192
  Batch 1300/6019, Loss: 0.0500, Grad: 6.2030
  Batch 1400/6019, Loss: 0.0474, Grad: 10.7586
  Batch 1500/6019, Loss: 0.0846, Grad: 39.6301
  Batch 1600/6019, Loss: 0.0387, Grad: 3.2422
  Batch 1700/6019, Loss: 0.0527, Grad: 13.7624
  Batch 1800/6019, Loss: 0.0614, Grad: 6.8192
  Batch 1900/6019, Loss: 0.0587, Grad: 13.3132
  Batch 2000/6019, Loss: 0.0671, Grad: 4.9296
  Batch 2100/6019, Loss: 0.0560, Grad: 10.5623
  Batch 2200/6019, Loss: 0.0862, Grad: 39.0057
  Batch 2300/6019, Loss: 0.0353, Grad: 10.2418
  Batch 2400/6019, Loss: 0.0514, Grad: 6.3772
  Batch 2500/6019, Loss: 0.0540, Grad: 28.5188
  Batch 2600/6019, Loss: 0.0379, Grad: 4.0981
  Batch 2700/6019, Loss: 0.0668, Grad: 6.6698
  Batch 2800/6019, Loss: 0.0316, Grad: 5.7266
  Batch 2900/6019, Loss: 0.0663, Grad: 13.2553
  Batch 3000/6019, Loss: 0.0736, Grad: 18.5839
  Batch 3100/6019, Loss: 0.0719, Grad: 96.3441
  Batch 3200/6019, Loss: 0.0511, Grad: 11.1989
  Batch 3300/6019, Loss: 0.0511, Grad: 7.2553
  Batch 3400/6019, Loss: 0.0608, Grad: 21.8548
  Batch 3500/6019, Loss: 0.0693, Grad: 33.3565
  Batch 3600/6019, Loss: 0.0844, Grad: 329.3580
  Batch 3700/6019, Loss: 0.0644, Grad: 9.5003
  Batch 3800/6019, Loss: 0.0540, Grad: 35.8183
  Batch 3900/6019, Loss: 0.0638, Grad: 10.8580
  Batch 4000/6019, Loss: 0.0337, Grad: 7.0878
  Batch 4100/6019, Loss: 0.0555, Grad: 11.1434
  Batch 4200/6019, Loss: 0.0528, Grad: 12.6362
  Batch 4300/6019, Loss: 0.0495, Grad: 16.4710
  Batch 4400/6019, Loss: 0.0508, Grad: 10.6272
  Batch 4500/6019, Loss: 0.0398, Grad: 9.3628
  Batch 4600/6019, Loss: 0.0547, Grad: 24.9892
  Batch 4700/6019, Loss: 0.0488, Grad: 5.5349
  Batch 4800/6019, Loss: 0.0670, Grad: 60.6308
  Batch 4900/6019, Loss: 0.0311, Grad: 8.6089
  Batch 5000/6019, Loss: 0.0677, Grad: 42.3592
  Batch 5100/6019, Loss: 0.0596, Grad: 8.6599
  Batch 5200/6019, Loss: 0.0823, Grad: 48.9146
  Batch 5300/6019, Loss: 0.0548, Grad: 27.6283
  Batch 5400/6019, Loss: 0.0470, Grad: 17.2587
  Batch 5500/6019, Loss: 0.0490, Grad: 43.5441
  Batch 5600/6019, Loss: 0.0536, Grad: 5.1032
  Batch 5700/6019, Loss: 0.0598, Grad: 11.2091
  Batch 5800/6019, Loss: 0.0547, Grad: 100.5011
  Batch 5900/6019, Loss: 0.0588, Grad: 5.8590
  Batch 6000/6019, Loss: 0.0672, Grad: 10.6728
Train Loss: 0.0597
Val Loss: 0.0769, Val Macro F1: 0.8354

Per-Class F1 Scores:
  Class 0 (Non-tonal Speech): F1 = 0.9573
  Class 1 (Tonal Speech    ): F1 = 0.7230
  Class 2 (Vocal Music     ): F1 = 0.8188
  Class 3 (Non-vocal Music ): F1 = 0.6522
  Class 4 (Urban Env       ): F1 = 0.9439
  Class 5 (Wildlife Env    ): F1 = 0.9169

Confusion between Similar Classes:
  Class 0→1 (non-tonal→tonal speech):  3835
  Class 1→0 (tonal→non-tonal speech):  1677
  Class 2→3 (vocal→non-vocal music):   2638
  Class 3→2 (non-vocal→vocal music):   2149
Learning rate: 0.000013

============================================================
Epoch 36/50
============================================================
  Batch 0/6019, Loss: 0.0640, Grad: 8.4277
  Batch 100/6019, Loss: 0.0580, Grad: 23.9536
  Batch 200/6019, Loss: 0.0770, Grad: 9.8460
  Batch 300/6019, Loss: 0.0720, Grad: 18.5692
  Batch 400/6019, Loss: 0.0595, Grad: 16.5928
  Batch 500/6019, Loss: 0.0444, Grad: 14.5404
  Batch 600/6019, Loss: 0.0681, Grad: 17.8723
  Batch 700/6019, Loss: 0.0550, Grad: 11.7080
  Batch 800/6019, Loss: 0.0487, Grad: 13.0936
  Batch 900/6019, Loss: 0.0559, Grad: 7.9559
  Batch 1000/6019, Loss: 0.0553, Grad: 6.5822
  Batch 1100/6019, Loss: 0.0517, Grad: 20.1475
  Batch 1200/6019, Loss: 0.0493, Grad: 17.7173
  Batch 1300/6019, Loss: 0.0583, Grad: 43.8953
  Batch 1400/6019, Loss: 0.0672, Grad: 11.5106
  Batch 1500/6019, Loss: 0.0517, Grad: 65.9922
  Batch 1600/6019, Loss: 0.0472, Grad: 17.3415
  Batch 1700/6019, Loss: 0.0645, Grad: 16.7567
  Batch 1800/6019, Loss: 0.0607, Grad: 10.6272
  Batch 1900/6019, Loss: 0.0568, Grad: 9.2097
  Batch 2000/6019, Loss: 0.0644, Grad: 15.4543
  Batch 2100/6019, Loss: 0.0647, Grad: 14.4445
  Batch 2200/6019, Loss: 0.0707, Grad: 17.4951
  Batch 2300/6019, Loss: 0.0439, Grad: 5.9704
  Batch 2400/6019, Loss: 0.0406, Grad: 6.1437
  Batch 2500/6019, Loss: 0.0609, Grad: 17.5193
  Batch 2600/6019, Loss: 0.0475, Grad: 39.0866
  Batch 2700/6019, Loss: 0.0626, Grad: 89.3115
  Batch 2800/6019, Loss: 0.0508, Grad: 16.2785
  Batch 2900/6019, Loss: 0.0744, Grad: 20.4474
  Batch 3000/6019, Loss: 0.0613, Grad: 24.6471
  Batch 3100/6019, Loss: 0.0600, Grad: 18.5264
  Batch 3200/6019, Loss: 0.0477, Grad: 22.1030
  Batch 3300/6019, Loss: 0.0532, Grad: 24.8779
  Batch 3400/6019, Loss: 0.0750, Grad: 20.4683
  Batch 3500/6019, Loss: 0.0570, Grad: 11.2293
  Batch 3600/6019, Loss: 0.0676, Grad: 13.1281
  Batch 3700/6019, Loss: 0.0600, Grad: 20.1915
  Batch 3800/6019, Loss: 0.0707, Grad: 17.1354
  Batch 3900/6019, Loss: 0.0745, Grad: 28.2876
  Batch 4000/6019, Loss: 0.0664, Grad: 29.8860
  Batch 4100/6019, Loss: 0.0552, Grad: 17.9997
  Batch 4200/6019, Loss: 0.0614, Grad: 42.5625
  Batch 4300/6019, Loss: 0.0692, Grad: 104.3805
  Batch 4400/6019, Loss: 0.1123, Grad: 16.7816
  Batch 4500/6019, Loss: 0.0742, Grad: 25.9085
  Batch 4600/6019, Loss: 0.0824, Grad: 73.1870
  Batch 4700/6019, Loss: 0.0578, Grad: 7.1080
  Batch 4800/6019, Loss: 0.0550, Grad: 48.0358
  Batch 4900/6019, Loss: 0.0806, Grad: 65.9160
  Batch 5000/6019, Loss: 0.0643, Grad: 14.5014
  Batch 5100/6019, Loss: 0.0610, Grad: 15.3320
  Batch 5200/6019, Loss: 0.0440, Grad: 7.5388
  Batch 5300/6019, Loss: 0.0677, Grad: 19.2626
  Batch 5400/6019, Loss: 0.0556, Grad: 5.9775
  Batch 5500/6019, Loss: 0.0773, Grad: 21.6213
  Batch 5600/6019, Loss: 0.0436, Grad: 4.8461
  Batch 5700/6019, Loss: 0.0624, Grad: 11.9372
  Batch 5800/6019, Loss: 0.0441, Grad: 5.2782
  Batch 5900/6019, Loss: 0.0581, Grad: 9.8885
  Batch 6000/6019, Loss: 0.0609, Grad: 10.7236
Train Loss: 0.0597
Val Loss: 0.0789, Val Macro F1: 0.8313

Per-Class F1 Scores:
  Class 0 (Non-tonal Speech): F1 = 0.9560
  Class 1 (Tonal Speech    ): F1 = 0.7179
  Class 2 (Vocal Music     ): F1 = 0.8184
  Class 3 (Non-vocal Music ): F1 = 0.6468
  Class 4 (Urban Env       ): F1 = 0.9378
  Class 5 (Wildlife Env    ): F1 = 0.9109

Confusion between Similar Classes:
  Class 0→1 (non-tonal→tonal speech):  3992
  Class 1→0 (tonal→non-tonal speech):  1670
  Class 2→3 (vocal→non-vocal music):   2588
  Class 3→2 (non-vocal→vocal music):   2204
Learning rate: 0.000013

============================================================
Epoch 37/50
============================================================
  Batch 0/6019, Loss: 0.0681, Grad: 14.1483
  Batch 100/6019, Loss: 0.0427, Grad: 18.4642
  Batch 200/6019, Loss: 0.0424, Grad: 7.9747
  Batch 300/6019, Loss: 0.0897, Grad: 18.9823
  Batch 400/6019, Loss: 0.0678, Grad: 18.6961
  Batch 500/6019, Loss: 0.0627, Grad: 13.0174
  Batch 600/6019, Loss: 0.0739, Grad: 28.6853
  Batch 700/6019, Loss: 0.0815, Grad: 19.3752
  Batch 800/6019, Loss: 0.0641, Grad: 8.4897
  Batch 900/6019, Loss: 0.0669, Grad: 14.4802
  Batch 1000/6019, Loss: 0.0877, Grad: 9.2047
  Batch 1100/6019, Loss: 0.0735, Grad: 12.0774
  Batch 1200/6019, Loss: 0.0495, Grad: 9.5123
  Batch 1300/6019, Loss: 0.0412, Grad: 30.3433
  Batch 1400/6019, Loss: 0.0565, Grad: 77.7291
  Batch 1500/6019, Loss: 0.0858, Grad: 392.9232
  Batch 1600/6019, Loss: 0.0718, Grad: 24.2318
  Batch 1700/6019, Loss: 0.0713, Grad: 14.2441
  Batch 1800/6019, Loss: 0.0367, Grad: 11.8674
  Batch 1900/6019, Loss: 0.0438, Grad: 6.4814
  Batch 2000/6019, Loss: 0.0604, Grad: 36.3285
  Batch 2100/6019, Loss: 0.0578, Grad: 20.9966
  Batch 2200/6019, Loss: 0.0620, Grad: 22.6709
  Batch 2300/6019, Loss: 0.0521, Grad: 61.1520
  Batch 2400/6019, Loss: 0.0980, Grad: 11.1305
  Batch 2500/6019, Loss: 0.0516, Grad: 15.1054
  Batch 2600/6019, Loss: 0.0401, Grad: 8.2090
  Batch 2700/6019, Loss: 0.0746, Grad: 14.7271
  Batch 2800/6019, Loss: 0.0584, Grad: 32.8661
  Batch 2900/6019, Loss: 0.0905, Grad: 22.6445
  Batch 3000/6019, Loss: 0.0517, Grad: 3.8103
  Batch 3100/6019, Loss: 0.0436, Grad: 4.5085
  Batch 3200/6019, Loss: 0.0650, Grad: 22.4091
  Batch 3300/6019, Loss: 0.0531, Grad: 15.5327
  Batch 3400/6019, Loss: 0.0600, Grad: 15.2212
  Batch 3500/6019, Loss: 0.0605, Grad: 11.7019
  Batch 3600/6019, Loss: 0.0451, Grad: 9.7568
  Batch 3700/6019, Loss: 0.0666, Grad: 15.6555
  Batch 3800/6019, Loss: 0.0586, Grad: 6.0222
  Batch 3900/6019, Loss: 0.0550, Grad: 5.6259
  Batch 4000/6019, Loss: 0.0478, Grad: 26.4340
  Batch 4100/6019, Loss: 0.0561, Grad: 40.6791
  Batch 4200/6019, Loss: 0.0365, Grad: 9.0541
  Batch 4300/6019, Loss: 0.0400, Grad: 41.8699
  Batch 4400/6019, Loss: 0.0666, Grad: 33.8393
  Batch 4500/6019, Loss: 0.0671, Grad: 13.9414
  Batch 4600/6019, Loss: 0.0733, Grad: 13.7941
  Batch 4700/6019, Loss: 0.0703, Grad: 37.9479
  Batch 4800/6019, Loss: 0.0563, Grad: 10.3551
  Batch 4900/6019, Loss: 0.0444, Grad: 29.2278
  Batch 5000/6019, Loss: 0.0497, Grad: 9.0562
  Batch 5100/6019, Loss: 0.0790, Grad: 27.9297
  Batch 5200/6019, Loss: 0.0581, Grad: 14.5092
  Batch 5300/6019, Loss: 0.0733, Grad: 19.8006
  Batch 5400/6019, Loss: 0.0863, Grad: 32.7758
  Batch 5500/6019, Loss: 0.0455, Grad: 6.7151
  Batch 5600/6019, Loss: 0.0506, Grad: 37.9987
  Batch 5700/6019, Loss: 0.0580, Grad: 5.7259
  Batch 5800/6019, Loss: 0.0772, Grad: 13.9652
  Batch 5900/6019, Loss: 0.0729, Grad: 8.1023
  Batch 6000/6019, Loss: 0.0500, Grad: 8.7090
Train Loss: 0.0595
Val Loss: 0.0761, Val Macro F1: 0.8346

Per-Class F1 Scores:
  Class 0 (Non-tonal Speech): F1 = 0.9581
  Class 1 (Tonal Speech    ): F1 = 0.7240
  Class 2 (Vocal Music     ): F1 = 0.8274
  Class 3 (Non-vocal Music ): F1 = 0.6359
  Class 4 (Urban Env       ): F1 = 0.9459
  Class 5 (Wildlife Env    ): F1 = 0.9162

Confusion between Similar Classes:
  Class 0→1 (non-tonal→tonal speech):  3672
  Class 1→0 (tonal→non-tonal speech):  1755
  Class 2→3 (vocal→non-vocal music):   2155
  Class 3→2 (non-vocal→vocal music):   2548
Learning rate: 0.000013

============================================================
Epoch 38/50
============================================================
  Batch 0/6019, Loss: 0.0479, Grad: 5.5240
  Batch 100/6019, Loss: 0.0632, Grad: 9.1418
  Batch 200/6019, Loss: 0.0563, Grad: 11.6865
  Batch 300/6019, Loss: 0.0665, Grad: 13.2246
  Batch 400/6019, Loss: 0.0458, Grad: 10.1634
  Batch 500/6019, Loss: 0.0515, Grad: 8.3430
  Batch 600/6019, Loss: 0.0685, Grad: 79.9677
  Batch 700/6019, Loss: 0.0463, Grad: 4.8616
  Batch 800/6019, Loss: 0.0555, Grad: 14.7731
  Batch 900/6019, Loss: 0.0556, Grad: 5.9501
  Batch 1000/6019, Loss: 0.0650, Grad: 40.4724
  Batch 1100/6019, Loss: 0.0618, Grad: 16.6882
  Batch 1200/6019, Loss: 0.0704, Grad: 33.5244
  Batch 1300/6019, Loss: 0.0559, Grad: 16.7832
  Batch 1400/6019, Loss: 0.0729, Grad: 22.1842
  Batch 1500/6019, Loss: 0.0638, Grad: 8.2704
  Batch 1600/6019, Loss: 0.0755, Grad: 16.1653
  Batch 1700/6019, Loss: 0.0451, Grad: 75.3781
  Batch 1800/6019, Loss: 0.0510, Grad: 10.0944
  Batch 1900/6019, Loss: 0.0669, Grad: 11.1063
  Batch 2000/6019, Loss: 0.0943, Grad: 5.2711
  Batch 2100/6019, Loss: 0.0478, Grad: 15.5247
  Batch 2200/6019, Loss: 0.0384, Grad: 11.4950
  Batch 2300/6019, Loss: 0.0525, Grad: 9.3960
  Batch 2400/6019, Loss: 0.0582, Grad: 12.7004
  Batch 2500/6019, Loss: 0.0551, Grad: 83.0617
  Batch 2600/6019, Loss: 0.0599, Grad: 12.2248
  Batch 2700/6019, Loss: 0.0524, Grad: 6.3075
  Batch 2800/6019, Loss: 0.0586, Grad: 8.6319
  Batch 2900/6019, Loss: 0.0666, Grad: 32.4497
  Batch 3000/6019, Loss: 0.0499, Grad: 7.2685
  Batch 3100/6019, Loss: 0.0586, Grad: 10.8506
  Batch 3200/6019, Loss: 0.0492, Grad: 43.4445
  Batch 3300/6019, Loss: 0.0806, Grad: 202.8882
  Batch 3400/6019, Loss: 0.0622, Grad: 11.9135
  Batch 3500/6019, Loss: 0.0598, Grad: 7.7255
  Batch 3600/6019, Loss: 0.0613, Grad: 47.8241
  Batch 3700/6019, Loss: 0.0775, Grad: 62.0743
  Batch 3800/6019, Loss: 0.0474, Grad: 6.5980
  Batch 3900/6019, Loss: 0.0818, Grad: 9.8855
  Batch 4000/6019, Loss: 0.0455, Grad: 6.7446
  Batch 4100/6019, Loss: 0.0551, Grad: 9.1054
  Batch 4200/6019, Loss: 0.0568, Grad: 63.3244
  Batch 4300/6019, Loss: 0.0607, Grad: 13.3779
  Batch 4400/6019, Loss: 0.0516, Grad: 28.1734
  Batch 4500/6019, Loss: 0.0482, Grad: 5.4978
  Batch 4600/6019, Loss: 0.0624, Grad: 22.8976
  Batch 4700/6019, Loss: 0.0623, Grad: 35.3950
  Batch 4800/6019, Loss: 0.0582, Grad: 30.7170
  Batch 4900/6019, Loss: 0.0613, Grad: 19.2722
  Batch 5000/6019, Loss: 0.0492, Grad: 20.0905
  Batch 5100/6019, Loss: 0.0614, Grad: 30.4140
  Batch 5200/6019, Loss: 0.0782, Grad: 19.5904
  Batch 5300/6019, Loss: 0.0516, Grad: 27.9337
  Batch 5400/6019, Loss: 0.0414, Grad: 8.0224
  Batch 5500/6019, Loss: 0.0435, Grad: 10.1866
  Batch 5600/6019, Loss: 0.0600, Grad: 8.6476
  Batch 5700/6019, Loss: 0.0746, Grad: 4.8275
  Batch 5800/6019, Loss: 0.0566, Grad: 12.3449
  Batch 5900/6019, Loss: 0.0420, Grad: 11.2315
  Batch 6000/6019, Loss: 0.0567, Grad: 8.6852
Train Loss: 0.0595
Val Loss: 0.0769, Val Macro F1: 0.8347

Per-Class F1 Scores:
  Class 0 (Non-tonal Speech): F1 = 0.9581
  Class 1 (Tonal Speech    ): F1 = 0.7230
  Class 2 (Vocal Music     ): F1 = 0.8110
  Class 3 (Non-vocal Music ): F1 = 0.6547
  Class 4 (Urban Env       ): F1 = 0.9449
  Class 5 (Wildlife Env    ): F1 = 0.9166

Confusion between Similar Classes:
  Class 0→1 (non-tonal→tonal speech):  3599
  Class 1→0 (tonal→non-tonal speech):  1812
  Class 2→3 (vocal→non-vocal music):   2971
  Class 3→2 (non-vocal→vocal music):   1956
Learning rate: 0.000006

============================================================
Epoch 39/50
============================================================
  Batch 0/6019, Loss: 0.0526, Grad: 19.9840
  Batch 100/6019, Loss: 0.0531, Grad: 17.6525
  Batch 200/6019, Loss: 0.0861, Grad: 5.8656
  Batch 300/6019, Loss: 0.0537, Grad: 15.3112
  Batch 400/6019, Loss: 0.0727, Grad: 6.0256
  Batch 500/6019, Loss: 0.0672, Grad: 103.4872
  Batch 600/6019, Loss: 0.0660, Grad: 40.2138
  Batch 700/6019, Loss: 0.0535, Grad: 6.5715
  Batch 800/6019, Loss: 0.0771, Grad: 24.4208
  Batch 900/6019, Loss: 0.0406, Grad: 35.7141
  Batch 1000/6019, Loss: 0.0448, Grad: 9.6230
  Batch 1100/6019, Loss: 0.0709, Grad: 5.9070
  Batch 1200/6019, Loss: 0.0684, Grad: 6.6049
  Batch 1300/6019, Loss: 0.0772, Grad: 49.5983
  Batch 1400/6019, Loss: 0.0444, Grad: 11.0846
  Batch 1500/6019, Loss: 0.0603, Grad: 6.8797
  Batch 1600/6019, Loss: 0.0520, Grad: 7.2370
  Batch 1700/6019, Loss: 0.0618, Grad: 19.2491
  Batch 1800/6019, Loss: 0.0598, Grad: 5.1017
  Batch 1900/6019, Loss: 0.0494, Grad: 11.9940
  Batch 2000/6019, Loss: 0.0581, Grad: 68.5703
  Batch 2100/6019, Loss: 0.0621, Grad: 17.7748
  Batch 2200/6019, Loss: 0.0460, Grad: 5.2614
  Batch 2300/6019, Loss: 0.0851, Grad: 16.5683
  Batch 2400/6019, Loss: 0.0504, Grad: 7.0045
  Batch 2500/6019, Loss: 0.1109, Grad: 32.3722
  Batch 2600/6019, Loss: 0.0446, Grad: 68.1273
  Batch 2700/6019, Loss: 0.0434, Grad: 15.8952
  Batch 2800/6019, Loss: 0.0574, Grad: 9.9714
  Batch 2900/6019, Loss: 0.0564, Grad: 13.3622
  Batch 3000/6019, Loss: 0.0394, Grad: 9.8459
  Batch 3100/6019, Loss: 0.0519, Grad: 18.5009
  Batch 3200/6019, Loss: 0.0520, Grad: 8.8772
  Batch 3300/6019, Loss: 0.0562, Grad: 10.7237
  Batch 3400/6019, Loss: 0.0618, Grad: 10.7417
  Batch 3500/6019, Loss: 0.0529, Grad: 11.5009
  Batch 3600/6019, Loss: 0.0795, Grad: 32.8280
  Batch 3700/6019, Loss: 0.0618, Grad: 106.8256
  Batch 3800/6019, Loss: 0.0532, Grad: 7.2476
  Batch 3900/6019, Loss: 0.0619, Grad: 12.6131
  Batch 4000/6019, Loss: 0.0479, Grad: 5.1003
  Batch 4100/6019, Loss: 0.0594, Grad: 38.5766
  Batch 4200/6019, Loss: 0.0833, Grad: 23.6886
  Batch 4300/6019, Loss: 0.0539, Grad: 20.7204
  Batch 4400/6019, Loss: 0.0916, Grad: 62.8148
  Batch 4500/6019, Loss: 0.0472, Grad: 8.1375
  Batch 4600/6019, Loss: 0.0611, Grad: 47.3759
  Batch 4700/6019, Loss: 0.0719, Grad: 26.4128
  Batch 4800/6019, Loss: 0.0664, Grad: 8.0290
  Batch 4900/6019, Loss: 0.0442, Grad: 4.1453
  Batch 5000/6019, Loss: 0.0488, Grad: 8.0536
  Batch 5100/6019, Loss: 0.0684, Grad: 11.7980
  Batch 5200/6019, Loss: 0.0772, Grad: 72.4899
  Batch 5300/6019, Loss: 0.0569, Grad: 5.3963
  Batch 5400/6019, Loss: 0.0399, Grad: 23.9212
  Batch 5500/6019, Loss: 0.0551, Grad: 29.0530
  Batch 5600/6019, Loss: 0.0450, Grad: 59.2704
  Batch 5700/6019, Loss: 0.0633, Grad: 24.3616
  Batch 5800/6019, Loss: 0.0886, Grad: 158.3290
  Batch 5900/6019, Loss: 0.0434, Grad: 7.2535
  Batch 6000/6019, Loss: 0.0692, Grad: 4.9369
Train Loss: 0.0592
Val Loss: 0.0769, Val Macro F1: 0.8340

Per-Class F1 Scores:
  Class 0 (Non-tonal Speech): F1 = 0.9575
  Class 1 (Tonal Speech    ): F1 = 0.7246
  Class 2 (Vocal Music     ): F1 = 0.8177
  Class 3 (Non-vocal Music ): F1 = 0.6481
  Class 4 (Urban Env       ): F1 = 0.9383
  Class 5 (Wildlife Env    ): F1 = 0.9175

Confusion between Similar Classes:
  Class 0→1 (non-tonal→tonal speech):  3793
  Class 1→0 (tonal→non-tonal speech):  1676
  Class 2→3 (vocal→non-vocal music):   2634
  Class 3→2 (non-vocal→vocal music):   2191
Learning rate: 0.000006

============================================================
Epoch 40/50
============================================================
  Batch 0/6019, Loss: 0.0650, Grad: 48.6727
  Batch 100/6019, Loss: 0.0572, Grad: 5.9500
  Batch 200/6019, Loss: 0.0602, Grad: 59.3476
  Batch 300/6019, Loss: 0.0429, Grad: 6.5486
  Batch 400/6019, Loss: 0.0865, Grad: 26.0825
  Batch 500/6019, Loss: 0.0616, Grad: 10.5937
  Batch 600/6019, Loss: 0.0453, Grad: 6.8000
  Batch 700/6019, Loss: 0.0718, Grad: 14.4152
  Batch 800/6019, Loss: 0.0580, Grad: 21.7485
  Batch 900/6019, Loss: 0.0975, Grad: 57.4957
  Batch 1000/6019, Loss: 0.0726, Grad: 377.2560
  Batch 1100/6019, Loss: 0.0611, Grad: 8.9942
  Batch 1200/6019, Loss: 0.0849, Grad: 13.1502
  Batch 1300/6019, Loss: 0.0387, Grad: 7.3723
  Batch 1400/6019, Loss: 0.0851, Grad: 8.3587
  Batch 1500/6019, Loss: 0.0647, Grad: 14.9387
  Batch 1600/6019, Loss: 0.0576, Grad: 5.0120
  Batch 1700/6019, Loss: 0.0661, Grad: 10.2416
  Batch 1800/6019, Loss: 0.0521, Grad: 28.9026
  Batch 1900/6019, Loss: 0.0499, Grad: 124.5674
  Batch 2000/6019, Loss: 0.0389, Grad: 5.6639
  Batch 2100/6019, Loss: 0.0646, Grad: 9.0638
  Batch 2200/6019, Loss: 0.0709, Grad: 14.3742
  Batch 2300/6019, Loss: 0.0521, Grad: 45.1864
  Batch 2400/6019, Loss: 0.0431, Grad: 25.7110
  Batch 2500/6019, Loss: 0.0491, Grad: 35.8428
  Batch 2600/6019, Loss: 0.0709, Grad: 61.4758
  Batch 2700/6019, Loss: 0.0414, Grad: 52.7530
  Batch 2800/6019, Loss: 0.0420, Grad: 12.2120
  Batch 2900/6019, Loss: 0.0502, Grad: 29.8154
  Batch 3000/6019, Loss: 0.0579, Grad: 36.5975
  Batch 3100/6019, Loss: 0.0560, Grad: 15.9615
  Batch 3200/6019, Loss: 0.0500, Grad: 5.1482
  Batch 3300/6019, Loss: 0.0747, Grad: 16.1497
  Batch 3400/6019, Loss: 0.0600, Grad: 7.5365
  Batch 3500/6019, Loss: 0.0498, Grad: 14.3112
  Batch 3600/6019, Loss: 0.0514, Grad: 43.8336
  Batch 3700/6019, Loss: 0.0432, Grad: 3.0645
  Batch 3800/6019, Loss: 0.0512, Grad: 18.8079
  Batch 3900/6019, Loss: 0.0601, Grad: 13.8343
  Batch 4000/6019, Loss: 0.0657, Grad: 7.6030
  Batch 4100/6019, Loss: 0.0447, Grad: 4.2792
  Batch 4200/6019, Loss: 0.0509, Grad: 23.3486
  Batch 4300/6019, Loss: 0.0602, Grad: 11.0460
  Batch 4400/6019, Loss: 0.0575, Grad: 7.4732
  Batch 4500/6019, Loss: 0.0696, Grad: 27.2941
  Batch 4600/6019, Loss: 0.0506, Grad: 9.1240
  Batch 4700/6019, Loss: 0.0492, Grad: 29.5674
  Batch 4800/6019, Loss: 0.0686, Grad: 73.3279
  Batch 4900/6019, Loss: 0.0563, Grad: 4.9599
  Batch 5000/6019, Loss: 0.0445, Grad: 158.8440
  Batch 5100/6019, Loss: 0.0801, Grad: 80.1945
  Batch 5200/6019, Loss: 0.0605, Grad: 18.9479
  Batch 5300/6019, Loss: 0.0454, Grad: 9.4874
  Batch 5400/6019, Loss: 0.0547, Grad: 5.7050
  Batch 5500/6019, Loss: 0.0482, Grad: 9.8049
  Batch 5600/6019, Loss: 0.0778, Grad: 34.1694
  Batch 5700/6019, Loss: 0.0650, Grad: 4.6917
  Batch 5800/6019, Loss: 0.0644, Grad: 58.3157
  Batch 5900/6019, Loss: 0.0550, Grad: 14.2747
  Batch 6000/6019, Loss: 0.0471, Grad: 8.7978
Train Loss: 0.0590
Val Loss: 0.0796, Val Macro F1: 0.8343

Per-Class F1 Scores:
  Class 0 (Non-tonal Speech): F1 = 0.9541
  Class 1 (Tonal Speech    ): F1 = 0.7111
  Class 2 (Vocal Music     ): F1 = 0.8175
  Class 3 (Non-vocal Music ): F1 = 0.6562
  Class 4 (Urban Env       ): F1 = 0.9468
  Class 5 (Wildlife Env    ): F1 = 0.9198

Confusion between Similar Classes:
  Class 0→1 (non-tonal→tonal speech):  4333
  Class 1→0 (tonal→non-tonal speech):  1574
  Class 2→3 (vocal→non-vocal music):   2764
  Class 3→2 (non-vocal→vocal music):   2054
Learning rate: 0.000006

============================================================
Epoch 41/50
============================================================
  Batch 0/6019, Loss: 0.0590, Grad: 7.5110
  Batch 100/6019, Loss: 0.0828, Grad: 30.6848
  Batch 200/6019, Loss: 0.0373, Grad: 4.7925
  Batch 300/6019, Loss: 0.0469, Grad: 7.3737
  Batch 400/6019, Loss: 0.0617, Grad: 7.3813
  Batch 500/6019, Loss: 0.0513, Grad: 38.0572
  Batch 600/6019, Loss: 0.0512, Grad: 12.0636
  Batch 700/6019, Loss: 0.0370, Grad: 4.7573
  Batch 800/6019, Loss: 0.0484, Grad: 7.5350
  Batch 900/6019, Loss: 0.0517, Grad: 11.3017
  Batch 1000/6019, Loss: 0.0506, Grad: 20.1036
  Batch 1100/6019, Loss: 0.0667, Grad: 14.0300
  Batch 1200/6019, Loss: 0.0586, Grad: 13.0970
  Batch 1300/6019, Loss: 0.0486, Grad: 8.3816
  Batch 1400/6019, Loss: 0.0378, Grad: 5.6109
  Batch 1500/6019, Loss: 0.0590, Grad: 5.5559
  Batch 1600/6019, Loss: 0.0515, Grad: 5.4685
  Batch 1700/6019, Loss: 0.0784, Grad: 39.3960
  Batch 1800/6019, Loss: 0.0897, Grad: 25.9712
  Batch 1900/6019, Loss: 0.0498, Grad: 9.0104
  Batch 2000/6019, Loss: 0.0752, Grad: 21.3717
  Batch 2100/6019, Loss: 0.0802, Grad: 10.4015
  Batch 2200/6019, Loss: 0.0691, Grad: 33.1820
  Batch 2300/6019, Loss: 0.0519, Grad: 5.0641
  Batch 2400/6019, Loss: 0.0786, Grad: 12.8276
  Batch 2500/6019, Loss: 0.0457, Grad: 36.5882
  Batch 2600/6019, Loss: 0.0670, Grad: 6.0120
  Batch 2700/6019, Loss: 0.0499, Grad: 64.4872
  Batch 2800/6019, Loss: 0.0386, Grad: 34.0120
  Batch 2900/6019, Loss: 0.0677, Grad: 7.0444
  Batch 3000/6019, Loss: 0.0407, Grad: 7.9910
  Batch 3100/6019, Loss: 0.0500, Grad: 10.2096
  Batch 3200/6019, Loss: 0.0619, Grad: 24.4099
  Batch 3300/6019, Loss: 0.0549, Grad: 17.7899
  Batch 3400/6019, Loss: 0.1063, Grad: 16.2120
  Batch 3500/6019, Loss: 0.0446, Grad: 8.8368
  Batch 3600/6019, Loss: 0.0507, Grad: 3.9237
  Batch 3700/6019, Loss: 0.0597, Grad: 9.7052
  Batch 3800/6019, Loss: 0.0559, Grad: 5.5893
  Batch 3900/6019, Loss: 0.0663, Grad: 39.9338
  Batch 4000/6019, Loss: 0.0440, Grad: 5.4275
  Batch 4100/6019, Loss: 0.0530, Grad: 191.7370
  Batch 4200/6019, Loss: 0.0706, Grad: 10.1448
  Batch 4300/6019, Loss: 0.0302, Grad: 15.5369
  Batch 4400/6019, Loss: 0.0673, Grad: 42.6304
  Batch 4500/6019, Loss: 0.0663, Grad: 14.6057
  Batch 4600/6019, Loss: 0.0643, Grad: 13.1560
  Batch 4700/6019, Loss: 0.0686, Grad: 11.0567
  Batch 4800/6019, Loss: 0.0400, Grad: 26.9139
  Batch 4900/6019, Loss: 0.0610, Grad: 36.5265
  Batch 5000/6019, Loss: 0.0462, Grad: 17.2914
  Batch 5100/6019, Loss: 0.0712, Grad: 15.1262
  Batch 5200/6019, Loss: 0.0413, Grad: 4.2562
  Batch 5300/6019, Loss: 0.0538, Grad: 3.2969
  Batch 5400/6019, Loss: 0.0562, Grad: 23.3060
  Batch 5500/6019, Loss: 0.0540, Grad: 4.2799
  Batch 5600/6019, Loss: 0.0481, Grad: 5.5043
  Batch 5700/6019, Loss: 0.0779, Grad: 41.1354
  Batch 5800/6019, Loss: 0.0614, Grad: 132.0650
  Batch 5900/6019, Loss: 0.0534, Grad: 10.7330
  Batch 6000/6019, Loss: 0.0947, Grad: 26.2537
Train Loss: 0.0591
Val Loss: 0.0769, Val Macro F1: 0.8347

Per-Class F1 Scores:
  Class 0 (Non-tonal Speech): F1 = 0.9564
  Class 1 (Tonal Speech    ): F1 = 0.7208
  Class 2 (Vocal Music     ): F1 = 0.8227
  Class 3 (Non-vocal Music ): F1 = 0.6449
  Class 4 (Urban Env       ): F1 = 0.9444
  Class 5 (Wildlife Env    ): F1 = 0.9189

Confusion between Similar Classes:
  Class 0→1 (non-tonal→tonal speech):  3977
  Class 1→0 (tonal→non-tonal speech):  1632
  Class 2→3 (vocal→non-vocal music):   2431
  Class 3→2 (non-vocal→vocal music):   2330
Learning rate: 0.000006

============================================================
Epoch 42/50
============================================================
  Batch 0/6019, Loss: 0.0710, Grad: 8.6340
  Batch 100/6019, Loss: 0.0693, Grad: 42.5479
  Batch 200/6019, Loss: 0.0354, Grad: 117.7646
  Batch 300/6019, Loss: 0.0571, Grad: 9.0622
  Batch 400/6019, Loss: 0.0595, Grad: 45.0260
  Batch 500/6019, Loss: 0.0528, Grad: 4.5919
  Batch 600/6019, Loss: 0.0466, Grad: 11.8442
  Batch 700/6019, Loss: 0.0660, Grad: 13.5059
  Batch 800/6019, Loss: 0.0760, Grad: 27.6786
  Batch 900/6019, Loss: 0.0532, Grad: 18.9393
  Batch 1000/6019, Loss: 0.0449, Grad: 5.4525
  Batch 1100/6019, Loss: 0.0623, Grad: 35.4039
  Batch 1200/6019, Loss: 0.0653, Grad: 31.1867
  Batch 1300/6019, Loss: 0.0631, Grad: 24.5453
  Batch 1400/6019, Loss: 0.0437, Grad: 14.2390
  Batch 1500/6019, Loss: 0.0858, Grad: 42.3111
  Batch 1600/6019, Loss: 0.0807, Grad: 47.5356
  Batch 1700/6019, Loss: 0.0672, Grad: 25.2729
  Batch 1800/6019, Loss: 0.0390, Grad: 7.9944
  Batch 1900/6019, Loss: 0.0501, Grad: 10.2817
  Batch 2000/6019, Loss: 0.0476, Grad: 8.5421
  Batch 2100/6019, Loss: 0.0845, Grad: 13.6464
  Batch 2200/6019, Loss: 0.0512, Grad: 4.6579
  Batch 2300/6019, Loss: 0.0509, Grad: 11.1043
  Batch 2400/6019, Loss: 0.0702, Grad: 19.2668
  Batch 2500/6019, Loss: 0.0934, Grad: 11.0080
  Batch 2600/6019, Loss: 0.0658, Grad: 13.7483
  Batch 2700/6019, Loss: 0.0527, Grad: 18.6052
  Batch 2800/6019, Loss: 0.0754, Grad: 6.8451
  Batch 2900/6019, Loss: 0.0521, Grad: 7.5494
  Batch 3000/6019, Loss: 0.0416, Grad: 9.2854
  Batch 3100/6019, Loss: 0.0748, Grad: 13.4964
  Batch 3200/6019, Loss: 0.0373, Grad: 6.8839
  Batch 3300/6019, Loss: 0.0506, Grad: 15.7128
  Batch 3400/6019, Loss: 0.0667, Grad: 7.3336
  Batch 3500/6019, Loss: 0.0467, Grad: 12.1488
  Batch 3600/6019, Loss: 0.0669, Grad: 7.9483
  Batch 3700/6019, Loss: 0.0582, Grad: 7.2341
  Batch 3800/6019, Loss: 0.0544, Grad: 13.6679
  Batch 3900/6019, Loss: 0.0655, Grad: 30.7672
  Batch 4000/6019, Loss: 0.0614, Grad: 15.5393
  Batch 4100/6019, Loss: 0.0671, Grad: 13.9136
  Batch 4200/6019, Loss: 0.0545, Grad: 21.1853
  Batch 4300/6019, Loss: 0.0474, Grad: 10.4820
  Batch 4400/6019, Loss: 0.0576, Grad: 6.8688
  Batch 4500/6019, Loss: 0.0569, Grad: 86.4529
  Batch 4600/6019, Loss: 0.0601, Grad: 11.1731
  Batch 4700/6019, Loss: 0.0533, Grad: 4.8153
  Batch 4800/6019, Loss: 0.0474, Grad: 20.2727
  Batch 4900/6019, Loss: 0.0534, Grad: 4.6350
  Batch 5000/6019, Loss: 0.0495, Grad: 352.9030
  Batch 5100/6019, Loss: 0.0520, Grad: 7.7650
  Batch 5200/6019, Loss: 0.0426, Grad: 39.1475
  Batch 5300/6019, Loss: 0.0524, Grad: 9.2781
  Batch 5400/6019, Loss: 0.0610, Grad: 8.7112
  Batch 5500/6019, Loss: 0.0672, Grad: 12.0257
  Batch 5600/6019, Loss: 0.0666, Grad: 11.7222
  Batch 5700/6019, Loss: 0.0469, Grad: 8.7028
  Batch 5800/6019, Loss: 0.0481, Grad: 13.8628
  Batch 5900/6019, Loss: 0.0414, Grad: 6.2934
  Batch 6000/6019, Loss: 0.0785, Grad: 17.5091
Train Loss: 0.0589
Val Loss: 0.0804, Val Macro F1: 0.8309

Per-Class F1 Scores:
  Class 0 (Non-tonal Speech): F1 = 0.9541
  Class 1 (Tonal Speech    ): F1 = 0.7119
  Class 2 (Vocal Music     ): F1 = 0.8193
  Class 3 (Non-vocal Music ): F1 = 0.6458
  Class 4 (Urban Env       ): F1 = 0.9421
  Class 5 (Wildlife Env    ): F1 = 0.9122

Confusion between Similar Classes:
  Class 0→1 (non-tonal→tonal speech):  4318
  Class 1→0 (tonal→non-tonal speech):  1570
  Class 2→3 (vocal→non-vocal music):   2525
  Class 3→2 (non-vocal→vocal music):   2257
Learning rate: 0.000003

============================================================
Epoch 43/50
============================================================
  Batch 0/6019, Loss: 0.0586, Grad: 11.3652
  Batch 100/6019, Loss: 0.0560, Grad: 10.1288
  Batch 200/6019, Loss: 0.0542, Grad: 43.8147
  Batch 300/6019, Loss: 0.0572, Grad: 24.8654
  Batch 400/6019, Loss: 0.0633, Grad: 9.3311
  Batch 500/6019, Loss: 0.0793, Grad: 13.2163
  Batch 600/6019, Loss: 0.0634, Grad: 22.0181
  Batch 700/6019, Loss: 0.0630, Grad: 224.0138
  Batch 800/6019, Loss: 0.0702, Grad: 12.8184
  Batch 900/6019, Loss: 0.0374, Grad: 5.4298
  Batch 1000/6019, Loss: 0.0456, Grad: 18.4189
  Batch 1100/6019, Loss: 0.0543, Grad: 3.8759
  Batch 1200/6019, Loss: 0.0596, Grad: 26.2567
  Batch 1300/6019, Loss: 0.0896, Grad: 15.6416
  Batch 1400/6019, Loss: 0.0416, Grad: 7.4167
  Batch 1500/6019, Loss: 0.0533, Grad: 8.3936
  Batch 1600/6019, Loss: 0.0532, Grad: 17.0974
  Batch 1700/6019, Loss: 0.0499, Grad: 61.8209
  Batch 1800/6019, Loss: 0.0701, Grad: 16.2113
  Batch 1900/6019, Loss: 0.0543, Grad: 10.4237
  Batch 2000/6019, Loss: 0.0588, Grad: 19.7785
  Batch 2100/6019, Loss: 0.0504, Grad: 71.2209
  Batch 2200/6019, Loss: 0.0717, Grad: 21.7472
  Batch 2300/6019, Loss: 0.0584, Grad: 22.7934
  Batch 2400/6019, Loss: 0.0702, Grad: 17.1039
  Batch 2500/6019, Loss: 0.0568, Grad: 16.4413
  Batch 2600/6019, Loss: 0.0614, Grad: 1291.0308
  Batch 2700/6019, Loss: 0.0605, Grad: 9.9449
  Batch 2800/6019, Loss: 0.0327, Grad: 7.4724
  Batch 2900/6019, Loss: 0.0361, Grad: 5.7488
  Batch 3000/6019, Loss: 0.0627, Grad: 4.5636
  Batch 3100/6019, Loss: 0.0775, Grad: 26.1280
  Batch 3200/6019, Loss: 0.0490, Grad: 8.2504
  Batch 3300/6019, Loss: 0.0771, Grad: 26.9155
  Batch 3400/6019, Loss: 0.0690, Grad: 14.3049
  Batch 3500/6019, Loss: 0.0487, Grad: 10.4953
  Batch 3600/6019, Loss: 0.0729, Grad: 22.3108
  Batch 3700/6019, Loss: 0.0497, Grad: 9.3219
  Batch 3800/6019, Loss: 0.0667, Grad: 9.6646
  Batch 3900/6019, Loss: 0.0624, Grad: 9.0264
  Batch 4000/6019, Loss: 0.0808, Grad: 16.9678
  Batch 4100/6019, Loss: 0.0588, Grad: 63.6910
  Batch 4200/6019, Loss: 0.0477, Grad: 4.2506
  Batch 4300/6019, Loss: 0.0506, Grad: 21.9656
  Batch 4400/6019, Loss: 0.0446, Grad: 5.2130
  Batch 4500/6019, Loss: 0.0512, Grad: 4.3263
  Batch 4600/6019, Loss: 0.0771, Grad: 25.1367
  Batch 4700/6019, Loss: 0.0697, Grad: 23.1867
  Batch 4800/6019, Loss: 0.0829, Grad: 13.0920
  Batch 4900/6019, Loss: 0.0511, Grad: 9.1344
  Batch 5000/6019, Loss: 0.0457, Grad: 90.9260
  Batch 5100/6019, Loss: 0.0620, Grad: 17.8359
  Batch 5200/6019, Loss: 0.0529, Grad: 10.3376
  Batch 5300/6019, Loss: 0.0674, Grad: 41.3260
  Batch 5400/6019, Loss: 0.0704, Grad: 14.9797
  Batch 5500/6019, Loss: 0.0669, Grad: 14.1223
  Batch 5600/6019, Loss: 0.0403, Grad: 8.9231
  Batch 5700/6019, Loss: 0.0730, Grad: 30.4977
  Batch 5800/6019, Loss: 0.0632, Grad: 15.6591
  Batch 5900/6019, Loss: 0.0455, Grad: 12.3698
  Batch 6000/6019, Loss: 0.0602, Grad: 11.7306
Train Loss: 0.0587
Val Loss: 0.0785, Val Macro F1: 0.8320

Per-Class F1 Scores:
  Class 0 (Non-tonal Speech): F1 = 0.9558
  Class 1 (Tonal Speech    ): F1 = 0.7189
  Class 2 (Vocal Music     ): F1 = 0.8199
  Class 3 (Non-vocal Music ): F1 = 0.6443
  Class 4 (Urban Env       ): F1 = 0.9364
  Class 5 (Wildlife Env    ): F1 = 0.9165

Confusion between Similar Classes:
  Class 0→1 (non-tonal→tonal speech):  4100
  Class 1→0 (tonal→non-tonal speech):  1585
  Class 2→3 (vocal→non-vocal music):   2515
  Class 3→2 (non-vocal→vocal music):   2290
Learning rate: 0.000003

============================================================
Epoch 44/50
============================================================
  Batch 0/6019, Loss: 0.0500, Grad: 6.9215
  Batch 100/6019, Loss: 0.1160, Grad: 32.9594
  Batch 200/6019, Loss: 0.0649, Grad: 30.1641
  Batch 300/6019, Loss: 0.1046, Grad: 30.2398
  Batch 400/6019, Loss: 0.0471, Grad: 11.8611
  Batch 500/6019, Loss: 0.0509, Grad: 5.5721
  Batch 600/6019, Loss: 0.0472, Grad: 248.2667
  Batch 700/6019, Loss: 0.0666, Grad: 34.6623
  Batch 800/6019, Loss: 0.0521, Grad: 12.5530
  Batch 900/6019, Loss: 0.0566, Grad: 7.5577
  Batch 1000/6019, Loss: 0.0348, Grad: 25.4764
  Batch 1100/6019, Loss: 0.0529, Grad: 11.9695
  Batch 1200/6019, Loss: 0.0581, Grad: 39.7988
  Batch 1300/6019, Loss: 0.0548, Grad: 17.7071
  Batch 1400/6019, Loss: 0.0513, Grad: 9.0670
  Batch 1500/6019, Loss: 0.0869, Grad: 20.6459
  Batch 1600/6019, Loss: 0.0752, Grad: 38.2335
  Batch 1700/6019, Loss: 0.0477, Grad: 9.7956
  Batch 1800/6019, Loss: 0.0610, Grad: 15.3563
  Batch 1900/6019, Loss: 0.0676, Grad: 18.3266
  Batch 2000/6019, Loss: 0.0433, Grad: 12.9598
  Batch 2100/6019, Loss: 0.0588, Grad: 62.9609
  Batch 2200/6019, Loss: 0.0637, Grad: 56.6071
  Batch 2300/6019, Loss: 0.0624, Grad: 41.7388
  Batch 2400/6019, Loss: 0.0689, Grad: 5.8149
  Batch 2500/6019, Loss: 0.0601, Grad: 13.0504
  Batch 2600/6019, Loss: 0.0600, Grad: 304.2970
  Batch 2700/6019, Loss: 0.0460, Grad: 9.9355
  Batch 2800/6019, Loss: 0.0549, Grad: 18.5028
  Batch 2900/6019, Loss: 0.0729, Grad: 10.1422
  Batch 3000/6019, Loss: 0.0496, Grad: 21.9885
  Batch 3100/6019, Loss: 0.0475, Grad: 18.6102
  Batch 3200/6019, Loss: 0.0498, Grad: 17.1603
  Batch 3300/6019, Loss: 0.0561, Grad: 14.6557
  Batch 3400/6019, Loss: 0.0460, Grad: 14.7065
  Batch 3500/6019, Loss: 0.0451, Grad: 11.6108
  Batch 3600/6019, Loss: 0.0448, Grad: 9.9527
  Batch 3700/6019, Loss: 0.0493, Grad: 4.8214
  Batch 3800/6019, Loss: 0.0606, Grad: 51.5411
  Batch 3900/6019, Loss: 0.0539, Grad: 11.8328
  Batch 4000/6019, Loss: 0.0763, Grad: 17.0944
  Batch 4100/6019, Loss: 0.0664, Grad: 10.1196
  Batch 4200/6019, Loss: 0.0546, Grad: 46.5527
  Batch 4300/6019, Loss: 0.0475, Grad: 14.0366
  Batch 4400/6019, Loss: 0.0535, Grad: 10.7903
  Batch 4500/6019, Loss: 0.0482, Grad: 16.8463
  Batch 4600/6019, Loss: 0.0567, Grad: 37.8740
  Batch 4700/6019, Loss: 0.0559, Grad: 16.6912
  Batch 4800/6019, Loss: 0.0646, Grad: 13.3103
  Batch 4900/6019, Loss: 0.0564, Grad: 876.5325
  Batch 5000/6019, Loss: 0.0499, Grad: 8.9948
  Batch 5100/6019, Loss: 0.0441, Grad: 19.6698
  Batch 5200/6019, Loss: 0.0440, Grad: 11.4051
  Batch 5300/6019, Loss: 0.0486, Grad: 12.7072
  Batch 5400/6019, Loss: 0.0696, Grad: 21.7983
  Batch 5500/6019, Loss: 0.0612, Grad: 5.7876
  Batch 5600/6019, Loss: 0.0540, Grad: 7.7999
  Batch 5700/6019, Loss: 0.0587, Grad: 16.7840
  Batch 5800/6019, Loss: 0.1007, Grad: 15.8480
  Batch 5900/6019, Loss: 0.0401, Grad: 3.7679
  Batch 6000/6019, Loss: 0.0980, Grad: 18.2779
Train Loss: 0.0586
Val Loss: 0.0759, Val Macro F1: 0.8347

Per-Class F1 Scores:
  Class 0 (Non-tonal Speech): F1 = 0.9592
  Class 1 (Tonal Speech    ): F1 = 0.7291
  Class 2 (Vocal Music     ): F1 = 0.8129
  Class 3 (Non-vocal Music ): F1 = 0.6480
  Class 4 (Urban Env       ): F1 = 0.9443
  Class 5 (Wildlife Env    ): F1 = 0.9146

Confusion between Similar Classes:
  Class 0→1 (non-tonal→tonal speech):  3496
  Class 1→0 (tonal→non-tonal speech):  1772
  Class 2→3 (vocal→non-vocal music):   2806
  Class 3→2 (non-vocal→vocal music):   2099
Learning rate: 0.000003

============================================================
Epoch 45/50
============================================================
  Batch 0/6019, Loss: 0.0591, Grad: 93.6722
  Batch 100/6019, Loss: 0.0384, Grad: 6.1593
  Batch 200/6019, Loss: 0.0457, Grad: 21.5066
  Batch 300/6019, Loss: 0.0552, Grad: 33.0579
  Batch 400/6019, Loss: 0.0467, Grad: 19.2283
  Batch 500/6019, Loss: 0.0542, Grad: 9.9267
  Batch 600/6019, Loss: 0.0791, Grad: 17.2672
  Batch 700/6019, Loss: 0.0563, Grad: 43.7919
  Batch 800/6019, Loss: 0.1022, Grad: 14.2495
  Batch 900/6019, Loss: 0.0652, Grad: 27.6682
  Batch 1000/6019, Loss: 0.0672, Grad: 9.4802
  Batch 1100/6019, Loss: 0.0753, Grad: 10.4600
  Batch 1200/6019, Loss: 0.0448, Grad: 13.3410
  Batch 1300/6019, Loss: 0.0754, Grad: 32.7057
  Batch 1400/6019, Loss: 0.0574, Grad: 8.6978
  Batch 1500/6019, Loss: 0.0406, Grad: 11.2971
  Batch 1600/6019, Loss: 0.0466, Grad: 11.9642
  Batch 1700/6019, Loss: 0.0745, Grad: 30.5979
  Batch 1800/6019, Loss: 0.0633, Grad: 13.0790
  Batch 1900/6019, Loss: 0.0631, Grad: 24.5634
  Batch 2000/6019, Loss: 0.0441, Grad: 15.5292
  Batch 2100/6019, Loss: 0.0740, Grad: 29.7749
  Batch 2200/6019, Loss: 0.0539, Grad: 25.9679
  Batch 2300/6019, Loss: 0.0560, Grad: 9.7075
  Batch 2400/6019, Loss: 0.0888, Grad: 21.2526
  Batch 2500/6019, Loss: 0.0982, Grad: 37.6630
  Batch 2600/6019, Loss: 0.0678, Grad: 80.6968
  Batch 2700/6019, Loss: 0.0419, Grad: 59.5550
  Batch 2800/6019, Loss: 0.0495, Grad: 25.1353
  Batch 2900/6019, Loss: 0.0528, Grad: 4.1389
  Batch 3000/6019, Loss: 0.0722, Grad: 40.6788
  Batch 3100/6019, Loss: 0.0746, Grad: 168.9859
  Batch 3200/6019, Loss: 0.0641, Grad: 17.9504
  Batch 3300/6019, Loss: 0.0583, Grad: 58.5676
  Batch 3400/6019, Loss: 0.0609, Grad: 7.3336
  Batch 3500/6019, Loss: 0.0520, Grad: 5.6173
  Batch 3600/6019, Loss: 0.0685, Grad: 14.0400
  Batch 3700/6019, Loss: 0.0538, Grad: 29.0056
  Batch 3800/6019, Loss: 0.0891, Grad: 67.1907
  Batch 3900/6019, Loss: 0.0563, Grad: 92.9039
  Batch 4000/6019, Loss: 0.0572, Grad: 61.5559
  Batch 4100/6019, Loss: 0.0409, Grad: 7.7189
  Batch 4200/6019, Loss: 0.0570, Grad: 13.9449
  Batch 4300/6019, Loss: 0.0548, Grad: 6.6809
  Batch 4400/6019, Loss: 0.0515, Grad: 27.9044
  Batch 4500/6019, Loss: 0.0656, Grad: 23.1448
  Batch 4600/6019, Loss: 0.0687, Grad: 7.6543
  Batch 4700/6019, Loss: 0.0432, Grad: 14.2071
  Batch 4800/6019, Loss: 0.0474, Grad: 23.2421
  Batch 4900/6019, Loss: 0.0833, Grad: 36.1871
  Batch 5000/6019, Loss: 0.0356, Grad: 5.2816
  Batch 5100/6019, Loss: 0.0419, Grad: 228.3644
  Batch 5200/6019, Loss: 0.0534, Grad: 16.3376
  Batch 5300/6019, Loss: 0.0545, Grad: 9.8433
  Batch 5400/6019, Loss: 0.0496, Grad: 12.0280
  Batch 5500/6019, Loss: 0.0446, Grad: 42.2169
  Batch 5600/6019, Loss: 0.0440, Grad: 41.8199
  Batch 5700/6019, Loss: 0.0416, Grad: 11.6058
  Batch 5800/6019, Loss: 0.0662, Grad: 11.9841
  Batch 5900/6019, Loss: 0.0357, Grad: 4.6209
  Batch 6000/6019, Loss: 0.0448, Grad: 21.7457
Train Loss: 0.0586
Val Loss: 0.0774, Val Macro F1: 0.8341

Per-Class F1 Scores:
  Class 0 (Non-tonal Speech): F1 = 0.9560
  Class 1 (Tonal Speech    ): F1 = 0.7202
  Class 2 (Vocal Music     ): F1 = 0.8162
  Class 3 (Non-vocal Music ): F1 = 0.6490
  Class 4 (Urban Env       ): F1 = 0.9436
  Class 5 (Wildlife Env    ): F1 = 0.9196

Confusion between Similar Classes:
  Class 0→1 (non-tonal→tonal speech):  4089
  Class 1→0 (tonal→non-tonal speech):  1583
  Class 2→3 (vocal→non-vocal music):   2733
  Class 3→2 (non-vocal→vocal music):   2136
Learning rate: 0.000003

============================================================
Epoch 46/50
============================================================
  Batch 0/6019, Loss: 0.0503, Grad: 12.9804
  Batch 100/6019, Loss: 0.0866, Grad: 29.9514
  Batch 200/6019, Loss: 0.0358, Grad: 5.1507
  Batch 300/6019, Loss: 0.0497, Grad: 7.0506
  Batch 400/6019, Loss: 0.0718, Grad: 32.3282
  Batch 500/6019, Loss: 0.0356, Grad: 15.8221
  Batch 600/6019, Loss: 0.0442, Grad: 8.7443
  Batch 700/6019, Loss: 0.0426, Grad: 6.0333
  Batch 800/6019, Loss: 0.0939, Grad: 31.5075
  Batch 900/6019, Loss: 0.0440, Grad: 6.8032
  Batch 1000/6019, Loss: 0.0605, Grad: 17.7054
  Batch 1100/6019, Loss: 0.0496, Grad: 154.6487
  Batch 1200/6019, Loss: 0.0563, Grad: 26.5511
  Batch 1300/6019, Loss: 0.0502, Grad: 179.3208
  Batch 1400/6019, Loss: 0.0507, Grad: 31.1273
  Batch 1500/6019, Loss: 0.0543, Grad: 15.0936
  Batch 1600/6019, Loss: 0.0533, Grad: 12.5417
  Batch 1700/6019, Loss: 0.0415, Grad: 71.1118
  Batch 1800/6019, Loss: 0.0435, Grad: 14.0108
  Batch 1900/6019, Loss: 0.0605, Grad: 28.3582
  Batch 2000/6019, Loss: 0.0599, Grad: 13.7332
  Batch 2100/6019, Loss: 0.0458, Grad: 8.6902
  Batch 2200/6019, Loss: 0.0545, Grad: 10.3385
  Batch 2300/6019, Loss: 0.0586, Grad: 24.7638
  Batch 2400/6019, Loss: 0.0448, Grad: 18.2683
  Batch 2500/6019, Loss: 0.0660, Grad: 16.8782
  Batch 2600/6019, Loss: 0.0652, Grad: 10.8769
  Batch 2700/6019, Loss: 0.0692, Grad: 142.1080
  Batch 2800/6019, Loss: 0.0676, Grad: 13.5694
  Batch 2900/6019, Loss: 0.0318, Grad: 9.2950
  Batch 3000/6019, Loss: 0.0460, Grad: 10.9581
  Batch 3100/6019, Loss: 0.0631, Grad: 12.6108
  Batch 3200/6019, Loss: 0.0592, Grad: 40.2980
  Batch 3300/6019, Loss: 0.0820, Grad: 25.3813
  Batch 3400/6019, Loss: 0.0511, Grad: 11.2890
  Batch 3500/6019, Loss: 0.0452, Grad: 18.2847
  Batch 3600/6019, Loss: 0.0709, Grad: 28.6283
  Batch 3700/6019, Loss: 0.0490, Grad: 5.0881
  Batch 3800/6019, Loss: 0.0484, Grad: 35.4073
  Batch 3900/6019, Loss: 0.0509, Grad: 8.4370
  Batch 4000/6019, Loss: 0.0656, Grad: 5.4133
  Batch 4100/6019, Loss: 0.0513, Grad: 61.7519
  Batch 4200/6019, Loss: 0.0530, Grad: 6.1647
  Batch 4300/6019, Loss: 0.0384, Grad: 4.4174
  Batch 4400/6019, Loss: 0.0563, Grad: 23.9185
  Batch 4500/6019, Loss: 0.0598, Grad: 27.2576
  Batch 4600/6019, Loss: 0.0520, Grad: 20.0618
  Batch 4700/6019, Loss: 0.0522, Grad: 9.2199
  Batch 4800/6019, Loss: 0.0623, Grad: 23.3217
  Batch 4900/6019, Loss: 0.0514, Grad: 22.0395
  Batch 5000/6019, Loss: 0.0518, Grad: 7.5519
  Batch 5100/6019, Loss: 0.0628, Grad: 13.8055
  Batch 5200/6019, Loss: 0.0576, Grad: 56.6138
  Batch 5300/6019, Loss: 0.0701, Grad: 13.5684
  Batch 5400/6019, Loss: 0.0555, Grad: 19.3417
  Batch 5500/6019, Loss: 0.0677, Grad: 20.3630
  Batch 5600/6019, Loss: 0.0552, Grad: 17.2157
  Batch 5700/6019, Loss: 0.0737, Grad: 50.2978
  Batch 5800/6019, Loss: 0.0669, Grad: 37.0772
  Batch 5900/6019, Loss: 0.0597, Grad: 46.0738
  Batch 6000/6019, Loss: 0.0667, Grad: 19.7568
Train Loss: 0.0585
Val Loss: 0.0769, Val Macro F1: 0.8347

Per-Class F1 Scores:
  Class 0 (Non-tonal Speech): F1 = 0.9571
  Class 1 (Tonal Speech    ): F1 = 0.7231
  Class 2 (Vocal Music     ): F1 = 0.8217
  Class 3 (Non-vocal Music ): F1 = 0.6437
  Class 4 (Urban Env       ): F1 = 0.9443
  Class 5 (Wildlife Env    ): F1 = 0.9181

Confusion between Similar Classes:
  Class 0→1 (non-tonal→tonal speech):  3878
  Class 1→0 (tonal→non-tonal speech):  1652
  Class 2→3 (vocal→non-vocal music):   2462
  Class 3→2 (non-vocal→vocal music):   2318
Learning rate: 0.000002

============================================================
Epoch 47/50
============================================================
  Batch 0/6019, Loss: 0.0579, Grad: 6.3354
  Batch 100/6019, Loss: 0.0553, Grad: 8.0357
  Batch 200/6019, Loss: 0.0462, Grad: 8.9485
  Batch 300/6019, Loss: 0.0378, Grad: 41.5439
  Batch 400/6019, Loss: 0.0556, Grad: 5.9455
  Batch 500/6019, Loss: 0.0317, Grad: 61.2584
  Batch 600/6019, Loss: 0.0509, Grad: 13.7924
  Batch 700/6019, Loss: 0.0431, Grad: 30.7002
  Batch 800/6019, Loss: 0.0550, Grad: 10.0050
  Batch 900/6019, Loss: 0.0527, Grad: 31.7286
  Batch 1000/6019, Loss: 0.0605, Grad: 21.1251
  Batch 1100/6019, Loss: 0.0635, Grad: 19.6384
  Batch 1200/6019, Loss: 0.0531, Grad: 9.1268
  Batch 1300/6019, Loss: 0.0645, Grad: 11.9127
  Batch 1400/6019, Loss: 0.0644, Grad: 12.6564
  Batch 1500/6019, Loss: 0.0763, Grad: 14.2253
  Batch 1600/6019, Loss: 0.0585, Grad: 30.5035
  Batch 1700/6019, Loss: 0.0452, Grad: 6.6521
  Batch 1800/6019, Loss: 0.0661, Grad: 5.5410
  Batch 1900/6019, Loss: 0.0546, Grad: 10.5809
  Batch 2000/6019, Loss: 0.0564, Grad: 13.9112
  Batch 2100/6019, Loss: 0.0584, Grad: 16.8890
  Batch 2200/6019, Loss: 0.0391, Grad: 7.6495
  Batch 2300/6019, Loss: 0.0406, Grad: 27.7070
  Batch 2400/6019, Loss: 0.0436, Grad: 6.5773
  Batch 2500/6019, Loss: 0.0640, Grad: 11.1081
  Batch 2600/6019, Loss: 0.0525, Grad: 6.0161
  Batch 2700/6019, Loss: 0.0565, Grad: 8.1013
  Batch 2800/6019, Loss: 0.0397, Grad: 16.6242
  Batch 2900/6019, Loss: 0.0649, Grad: 5.9898
  Batch 3000/6019, Loss: 0.0353, Grad: 24.4676
  Batch 3100/6019, Loss: 0.0517, Grad: 6.6762
  Batch 3200/6019, Loss: 0.0632, Grad: 13.3072
  Batch 3300/6019, Loss: 0.0435, Grad: 3.8326
  Batch 3400/6019, Loss: 0.0344, Grad: 8.9389
  Batch 3500/6019, Loss: 0.0345, Grad: 5.3779
  Batch 3600/6019, Loss: 0.0479, Grad: 24.1618
  Batch 3700/6019, Loss: 0.0549, Grad: 15.5269
  Batch 3800/6019, Loss: 0.0501, Grad: 10.1337
  Batch 3900/6019, Loss: 0.0478, Grad: 24.5663
  Batch 4000/6019, Loss: 0.0618, Grad: 24.7557
  Batch 4100/6019, Loss: 0.0375, Grad: 19.4395
  Batch 4200/6019, Loss: 0.0665, Grad: 9.2354
  Batch 4300/6019, Loss: 0.0704, Grad: 14.5889
  Batch 4400/6019, Loss: 0.0656, Grad: 41.3988
  Batch 4500/6019, Loss: 0.0442, Grad: 12.7920
  Batch 4600/6019, Loss: 0.0419, Grad: 10.9945
  Batch 4700/6019, Loss: 0.0583, Grad: 5.4590
  Batch 4800/6019, Loss: 0.0542, Grad: 21.0919
  Batch 4900/6019, Loss: 0.0451, Grad: 19.4286
  Batch 5000/6019, Loss: 0.0707, Grad: 58.6759
  Batch 5100/6019, Loss: 0.0618, Grad: 6.8079
  Batch 5200/6019, Loss: 0.0499, Grad: 43.4778
  Batch 5300/6019, Loss: 0.0609, Grad: 12.5821
  Batch 5400/6019, Loss: 0.0661, Grad: 13.2486
  Batch 5500/6019, Loss: 0.0612, Grad: 32.5067
  Batch 5600/6019, Loss: 0.0907, Grad: 15.5020
  Batch 5700/6019, Loss: 0.0630, Grad: 7.2520
  Batch 5800/6019, Loss: 0.0506, Grad: 16.8410
  Batch 5900/6019, Loss: 0.0582, Grad: 12.0817
  Batch 6000/6019, Loss: 0.0840, Grad: 18.5327
Train Loss: 0.0585
Val Loss: 0.0787, Val Macro F1: 0.8326

Per-Class F1 Scores:
  Class 0 (Non-tonal Speech): F1 = 0.9553
  Class 1 (Tonal Speech    ): F1 = 0.7181
  Class 2 (Vocal Music     ): F1 = 0.8127
  Class 3 (Non-vocal Music ): F1 = 0.6536
  Class 4 (Urban Env       ): F1 = 0.9397
  Class 5 (Wildlife Env    ): F1 = 0.9162

Confusion between Similar Classes:
  Class 0→1 (non-tonal→tonal speech):  4194
  Class 1→0 (tonal→non-tonal speech):  1548
  Class 2→3 (vocal→non-vocal music):   2875
  Class 3→2 (non-vocal→vocal music):   2015
Learning rate: 0.000002

============================================================
Epoch 48/50
============================================================
  Batch 0/6019, Loss: 0.1027, Grad: 26.3155
  Batch 100/6019, Loss: 0.0607, Grad: 10.6750
  Batch 200/6019, Loss: 0.0440, Grad: 15.0910
  Batch 300/6019, Loss: 0.0625, Grad: 11.1839
  Batch 400/6019, Loss: 0.0792, Grad: 83.2655
  Batch 500/6019, Loss: 0.0941, Grad: 25.9736
  Batch 600/6019, Loss: 0.0596, Grad: 31.6910
  Batch 700/6019, Loss: 0.0517, Grad: 8.1790
  Batch 800/6019, Loss: 0.0529, Grad: 9.6986
  Batch 900/6019, Loss: 0.0440, Grad: 26.5602
  Batch 1000/6019, Loss: 0.0487, Grad: 6.3813
  Batch 1100/6019, Loss: 0.0638, Grad: 100.7605
  Batch 1200/6019, Loss: 0.0525, Grad: 16.5358
  Batch 1300/6019, Loss: 0.0592, Grad: 8.1852
  Batch 1400/6019, Loss: 0.0373, Grad: 26.4361
  Batch 1500/6019, Loss: 0.0696, Grad: 4.8177
  Batch 1600/6019, Loss: 0.0424, Grad: 7.0332
  Batch 1700/6019, Loss: 0.0720, Grad: 18.1928
  Batch 1800/6019, Loss: 0.0688, Grad: 21.8429
  Batch 1900/6019, Loss: 0.0631, Grad: 9.0605
  Batch 2000/6019, Loss: 0.0705, Grad: 64.3029
  Batch 2100/6019, Loss: 0.0601, Grad: 11.5160
  Batch 2200/6019, Loss: 0.0506, Grad: 8.7965
  Batch 2300/6019, Loss: 0.0573, Grad: 29.5931
  Batch 2400/6019, Loss: 0.0511, Grad: 8.9434
  Batch 2500/6019, Loss: 0.0473, Grad: 38.9012
  Batch 2600/6019, Loss: 0.0620, Grad: 24.6102
  Batch 2700/6019, Loss: 0.0909, Grad: 62.4448
  Batch 2800/6019, Loss: 0.0525, Grad: 6.8456
  Batch 2900/6019, Loss: 0.0569, Grad: 20.7667
  Batch 3000/6019, Loss: 0.0791, Grad: 19.7612
  Batch 3100/6019, Loss: 0.0350, Grad: 8.1393
  Batch 3200/6019, Loss: 0.0595, Grad: 21.4923
  Batch 3300/6019, Loss: 0.0627, Grad: 6.1206
  Batch 3400/6019, Loss: 0.0425, Grad: 15.4199
  Batch 3500/6019, Loss: 0.0729, Grad: 10.2145
  Batch 3600/6019, Loss: 0.0594, Grad: 17.7579
  Batch 3700/6019, Loss: 0.0432, Grad: 10.6979
  Batch 3800/6019, Loss: 0.0551, Grad: 8.8175
  Batch 3900/6019, Loss: 0.0737, Grad: 13.3746
  Batch 4000/6019, Loss: 0.0572, Grad: 4.2309
  Batch 4100/6019, Loss: 0.0549, Grad: 10.3097
  Batch 4200/6019, Loss: 0.0553, Grad: 23.5789
  Batch 4300/6019, Loss: 0.0655, Grad: 22.9327
  Batch 4400/6019, Loss: 0.0657, Grad: 32.1417
  Batch 4500/6019, Loss: 0.0654, Grad: 18.3314
  Batch 4600/6019, Loss: 0.0464, Grad: 3.7470
  Batch 4700/6019, Loss: 0.0541, Grad: 107.3708
  Batch 4800/6019, Loss: 0.0433, Grad: 23.3411
  Batch 4900/6019, Loss: 0.0448, Grad: 8.5750
  Batch 5000/6019, Loss: 0.0572, Grad: 4.7406
  Batch 5100/6019, Loss: 0.0664, Grad: 8.3508
  Batch 5200/6019, Loss: 0.0426, Grad: 23.2910
  Batch 5300/6019, Loss: 0.0697, Grad: 6.8708
  Batch 5400/6019, Loss: 0.0920, Grad: 16.7778
  Batch 5500/6019, Loss: 0.0678, Grad: 56.8767
  Batch 5600/6019, Loss: 0.0599, Grad: 44.4933
  Batch 5700/6019, Loss: 0.0525, Grad: 78.6644
  Batch 5800/6019, Loss: 0.0646, Grad: 13.8570
  Batch 5900/6019, Loss: 0.0582, Grad: 7.7921
  Batch 6000/6019, Loss: 0.0391, Grad: 8.6106
Train Loss: 0.0584
Val Loss: 0.0778, Val Macro F1: 0.8342

Per-Class F1 Scores:
  Class 0 (Non-tonal Speech): F1 = 0.9564
  Class 1 (Tonal Speech    ): F1 = 0.7215
  Class 2 (Vocal Music     ): F1 = 0.8131
  Class 3 (Non-vocal Music ): F1 = 0.6501
  Class 4 (Urban Env       ): F1 = 0.9457
  Class 5 (Wildlife Env    ): F1 = 0.9185

Confusion between Similar Classes:
  Class 0→1 (non-tonal→tonal speech):  4005
  Class 1→0 (tonal→non-tonal speech):  1598
  Class 2→3 (vocal→non-vocal music):   2831
  Class 3→2 (non-vocal→vocal music):   2082
Learning rate: 0.000002

============================================================
Epoch 49/50
============================================================
  Batch 0/6019, Loss: 0.0654, Grad: 16.9412
  Batch 100/6019, Loss: 0.0446, Grad: 24.8412
  Batch 200/6019, Loss: 0.0267, Grad: 4.7452
  Batch 300/6019, Loss: 0.0569, Grad: 16.9712
  Batch 400/6019, Loss: 0.0881, Grad: 58.5967
  Batch 500/6019, Loss: 0.0616, Grad: 35.9097
  Batch 600/6019, Loss: 0.0437, Grad: 79.5143
  Batch 700/6019, Loss: 0.0420, Grad: 14.3849
  Batch 800/6019, Loss: 0.0582, Grad: 71.4056
  Batch 900/6019, Loss: 0.0775, Grad: 24.4722
  Batch 1000/6019, Loss: 0.0534, Grad: 7.1316
  Batch 1100/6019, Loss: 0.0591, Grad: 7.4217
  Batch 1200/6019, Loss: 0.0579, Grad: 3115.5581
  Batch 1300/6019, Loss: 0.0374, Grad: 4.7996
  Batch 1400/6019, Loss: 0.0502, Grad: 27.6435
  Batch 1500/6019, Loss: 0.0558, Grad: 7.8979
  Batch 1600/6019, Loss: 0.0820, Grad: 31.5800
  Batch 1700/6019, Loss: 0.0334, Grad: 16.7845
  Batch 1800/6019, Loss: 0.0578, Grad: 14.6973
  Batch 1900/6019, Loss: 0.0393, Grad: 12.6291
  Batch 2000/6019, Loss: 0.0502, Grad: 64.4134
  Batch 2100/6019, Loss: 0.0483, Grad: 9.3364
  Batch 2200/6019, Loss: 0.0780, Grad: 19.2889
  Batch 2300/6019, Loss: 0.0686, Grad: 49.8958
  Batch 2400/6019, Loss: 0.0659, Grad: 14.2710
  Batch 2500/6019, Loss: 0.0544, Grad: 5.5872
  Batch 2600/6019, Loss: 0.0534, Grad: 7.4572
  Batch 2700/6019, Loss: 0.0626, Grad: 16.4279
  Batch 2800/6019, Loss: 0.0474, Grad: 8.0000
  Batch 2900/6019, Loss: 0.0653, Grad: 61.5607
  Batch 3000/6019, Loss: 0.0512, Grad: 6.8753
  Batch 3100/6019, Loss: 0.0885, Grad: 19.0292
  Batch 3200/6019, Loss: 0.0384, Grad: 12.2447
  Batch 3300/6019, Loss: 0.0359, Grad: 5.8315
  Batch 3400/6019, Loss: 0.0507, Grad: 84.1866
  Batch 3500/6019, Loss: 0.0514, Grad: 18.6055
  Batch 3600/6019, Loss: 0.0698, Grad: 25.4294
  Batch 3700/6019, Loss: 0.0755, Grad: 17.0832
  Batch 3800/6019, Loss: 0.0547, Grad: 14.0387
  Batch 3900/6019, Loss: 0.0430, Grad: 6.8008
  Batch 4000/6019, Loss: 0.0516, Grad: 4.4615
  Batch 4100/6019, Loss: 0.0652, Grad: 8.4297
  Batch 4200/6019, Loss: 0.0461, Grad: 6.2855
  Batch 4300/6019, Loss: 0.0675, Grad: 76.9678
  Batch 4400/6019, Loss: 0.0510, Grad: 28.1163
  Batch 4500/6019, Loss: 0.0635, Grad: 24.5274
  Batch 4600/6019, Loss: 0.0534, Grad: 27.0375
  Batch 4700/6019, Loss: 0.0434, Grad: 7.5508
  Batch 4800/6019, Loss: 0.0483, Grad: 14.6352
  Batch 4900/6019, Loss: 0.0450, Grad: 19.4544
  Batch 5000/6019, Loss: 0.0745, Grad: 105.3376
  Batch 5100/6019, Loss: 0.0383, Grad: 22.7540
  Batch 5200/6019, Loss: 0.0879, Grad: 69.7025
  Batch 5300/6019, Loss: 0.0481, Grad: 25.3384
  Batch 5400/6019, Loss: 0.0328, Grad: 27.5944
  Batch 5500/6019, Loss: 0.0654, Grad: 14.3346
  Batch 5600/6019, Loss: 0.0459, Grad: 5.9456
  Batch 5700/6019, Loss: 0.0685, Grad: 28.0185
  Batch 5800/6019, Loss: 0.0632, Grad: 454.8516
  Batch 5900/6019, Loss: 0.1334, Grad: 145.9665
  Batch 6000/6019, Loss: 0.0644, Grad: 6.7894
Train Loss: 0.0584
Val Loss: 0.0763, Val Macro F1: 0.8365

Per-Class F1 Scores:
  Class 0 (Non-tonal Speech): F1 = 0.9582
  Class 1 (Tonal Speech    ): F1 = 0.7281
  Class 2 (Vocal Music     ): F1 = 0.8152
  Class 3 (Non-vocal Music ): F1 = 0.6509
  Class 4 (Urban Env       ): F1 = 0.9458
  Class 5 (Wildlife Env    ): F1 = 0.9209

Confusion between Similar Classes:
  Class 0→1 (non-tonal→tonal speech):  3748
  Class 1→0 (tonal→non-tonal speech):  1648
  Class 2→3 (vocal→non-vocal music):   2789
  Class 3→2 (non-vocal→vocal music):   2093
Learning rate: 0.000002
✓ Saved best model with Val F1: 0.8365

============================================================
Epoch 50/50
============================================================
  Batch 0/6019, Loss: 0.0536, Grad: 7.2536
  Batch 100/6019, Loss: 0.0722, Grad: 8.5404
  Batch 200/6019, Loss: 0.0389, Grad: 87.4955
  Batch 300/6019, Loss: 0.0665, Grad: 7.2689
  Batch 400/6019, Loss: 0.0644, Grad: 12.4091
  Batch 500/6019, Loss: 0.0668, Grad: 5.5017
  Batch 600/6019, Loss: 0.0509, Grad: 7.0776
  Batch 700/6019, Loss: 0.0543, Grad: 6.2631
  Batch 800/6019, Loss: 0.0737, Grad: 137.7265
  Batch 900/6019, Loss: 0.0807, Grad: 19.1054
  Batch 1000/6019, Loss: 0.0518, Grad: 14.5989
  Batch 1100/6019, Loss: 0.0735, Grad: 34.8685
  Batch 1200/6019, Loss: 0.0509, Grad: 61.8355
  Batch 1300/6019, Loss: 0.0432, Grad: 7.0751
  Batch 1400/6019, Loss: 0.0468, Grad: 11.4731
  Batch 1500/6019, Loss: 0.0405, Grad: 14.4277
  Batch 1600/6019, Loss: 0.0623, Grad: 18.1363
  Batch 1700/6019, Loss: 0.0509, Grad: 6.8361
  Batch 1800/6019, Loss: 0.0402, Grad: 19.2727
  Batch 1900/6019, Loss: 0.0481, Grad: 5.1274
  Batch 2000/6019, Loss: 0.0578, Grad: 47.5750
  Batch 2100/6019, Loss: 0.0566, Grad: 9.6330
  Batch 2200/6019, Loss: 0.0681, Grad: 6.4924
  Batch 2300/6019, Loss: 0.0614, Grad: 76.0401
  Batch 2400/6019, Loss: 0.0585, Grad: 9.5637
  Batch 2500/6019, Loss: 0.0682, Grad: 3.5443
  Batch 2600/6019, Loss: 0.0435, Grad: 7.8923
  Batch 2700/6019, Loss: 0.0632, Grad: 510.2511
  Batch 2800/6019, Loss: 0.0622, Grad: 59.2267
  Batch 2900/6019, Loss: 0.0713, Grad: 27.5265
  Batch 3000/6019, Loss: 0.0763, Grad: 30.1956
  Batch 3100/6019, Loss: 0.0479, Grad: 32.7592
  Batch 3200/6019, Loss: 0.0482, Grad: 12.0866
  Batch 3300/6019, Loss: 0.0470, Grad: 8.2454
  Batch 3400/6019, Loss: 0.0653, Grad: 12.2214
  Batch 3500/6019, Loss: 0.0738, Grad: 27.6434
  Batch 3600/6019, Loss: 0.0568, Grad: 51.9956
  Batch 3700/6019, Loss: 0.0558, Grad: 22.5110
  Batch 3800/6019, Loss: 0.0501, Grad: 16.4816
  Batch 3900/6019, Loss: 0.0482, Grad: 36.1674
  Batch 4000/6019, Loss: 0.0599, Grad: 169.9937
  Batch 4100/6019, Loss: 0.0619, Grad: 30.6181
  Batch 4200/6019, Loss: 0.0407, Grad: 28.4504
  Batch 4300/6019, Loss: 0.0720, Grad: 281.5855
  Batch 4400/6019, Loss: 0.0450, Grad: 4.5283
  Batch 4500/6019, Loss: 0.0587, Grad: 28.4475
  Batch 4600/6019, Loss: 0.0595, Grad: 35.3497
  Batch 4700/6019, Loss: 0.0548, Grad: 4.9001
  Batch 4800/6019, Loss: 0.0457, Grad: 11.2942
  Batch 4900/6019, Loss: 0.0580, Grad: 16.4764
  Batch 5000/6019, Loss: 0.0605, Grad: 10.7714
  Batch 5100/6019, Loss: 0.0674, Grad: 14.9499
  Batch 5200/6019, Loss: 0.0308, Grad: 10.7894
  Batch 5300/6019, Loss: 0.0677, Grad: 15.2680
  Batch 5400/6019, Loss: 0.0643, Grad: 7.2303
  Batch 5500/6019, Loss: 0.0465, Grad: 22.1487
  Batch 5600/6019, Loss: 0.0506, Grad: 11.1333
  Batch 5700/6019, Loss: 0.0582, Grad: 4.5214
  Batch 5800/6019, Loss: 0.0497, Grad: 5.8190
  Batch 5900/6019, Loss: 0.0505, Grad: 8.1422
  Batch 6000/6019, Loss: 0.0467, Grad: 4.7517
Train Loss: 0.0583
Val Loss: 0.0761, Val Macro F1: 0.8352

Per-Class F1 Scores:
  Class 0 (Non-tonal Speech): F1 = 0.9582
  Class 1 (Tonal Speech    ): F1 = 0.7269
  Class 2 (Vocal Music     ): F1 = 0.8161
  Class 3 (Non-vocal Music ): F1 = 0.6488
  Class 4 (Urban Env       ): F1 = 0.9435
  Class 5 (Wildlife Env    ): F1 = 0.9177

Confusion between Similar Classes:
  Class 0→1 (non-tonal→tonal speech):  3691
  Class 1→0 (tonal→non-tonal speech):  1693
  Class 2→3 (vocal→non-vocal music):   2710
  Class 3→2 (non-vocal→vocal music):   2151
Learning rate: 0.000002

============================================================
Training completed! Best Val F1: 0.8365
============================================================

============================================================
FINAL TEST EVALUATION
============================================================
Traceback (most recent call last):
  File "/vast/ac8888/MusicSpeech-STM/STMkanformer_enhanced2.py", line 844, in <module>
    checkpoint = torch.load(os.path.join(checkpoint_dir, 'best_model.pt'))
  File "/ext3/miniconda3/lib/python3.13/site-packages/torch/serialization.py", line 1529, in load
    raise pickle.UnpicklingError(_get_wo_message(str(e))) from None
_pickle.UnpicklingError: Weights only load failed. This file can still be loaded, to do so you have two options, [1mdo those steps only if you trust the source of the checkpoint[0m. 
	(1) In PyTorch 2.6, we changed the default value of the `weights_only` argument in `torch.load` from `False` to `True`. Re-running `torch.load` with `weights_only` set to `False` will likely succeed, but it can result in arbitrary code execution. Do it only if you got the file from a trusted source.
	(2) Alternatively, to load with `weights_only=True` please check the recommended steps in the following error message.
	WeightsUnpickler error: Unsupported global: GLOBAL numpy._core.multiarray._reconstruct was not an allowed global by default. Please use `torch.serialization.add_safe_globals([numpy._core.multiarray._reconstruct])` or the `torch.serialization.safe_globals([numpy._core.multiarray._reconstruct])` context manager to allowlist this global if you trust this class/function.

Check the documentation of torch.load to learn more about types accepted by default with weights_only https://pytorch.org/docs/stable/generated/torch.load.html.
